location,sex,year,lifeexp
Afghanistan,Female,1990,59.77890528365816
Afghanistan,Female,1991,59.753692736559394
Afghanistan,Female,1992,60.19465921919776
Afghanistan,Female,1993,60.47221449244656
Afghanistan,Female,1994,60.694719710475006
Afghanistan,Female,1995,61.14556750512128
Afghanistan,Female,1996,61.59604560904807
Afghanistan,Female,1997,61.594499898071064
Afghanistan,Female,1998,60.71221087961494
Afghanistan,Female,1999,61.98458351274075
Afghanistan,Female,2000,62.09798884549935
Afghanistan,Female,2001,62.26516119649785
Afghanistan,Female,2002,62.68606361735124
Afghanistan,Female,2003,63.562502170802624
Afghanistan,Female,2004,63.9587819686119
Afghanistan,Female,2005,64.33321004783785
Afghanistan,Female,2006,64.70528788088639
Afghanistan,Female,2007,65.11216041524251
Afghanistan,Female,2008,65.4617939674922
Afghanistan,Female,2009,65.9334284659171
Afghanistan,Female,2010,66.33794277553034
Afghanistan,Female,2011,66.69758107212492
Afghanistan,Female,2012,67.0155798352697
Afghanistan,Female,2013,67.31232977441036
Afghanistan,Female,2014,67.30685800518283
Afghanistan,Female,2015,67.36719997035054
Afghanistan,Female,2016,67.66723682419506
Afghanistan,Female,2017,67.86636755890127
Afghanistan,Female,2018,67.89357817013705
Afghanistan,Female,2019,68.00752743878753
Afghanistan,Female,2020,66.43828141217344
Afghanistan,Female,2021,64.44202351617473
Afghanistan,Female,2022,68.65512217403696
Afghanistan,Female,2023,68.98984779332262
Afghanistan,Male,1990,58.05358744319745
Afghanistan,Male,1991,57.73091316105908
Afghanistan,Male,1992,58.03529226970499
Afghanistan,Male,1993,58.55686726772582
Afghanistan,Male,1994,58.20203852798106
Afghanistan,Male,1995,59.34921657033471
Afghanistan,Male,1996,60.09455713045416
Afghanistan,Male,1997,59.62140037702043
Afghanistan,Male,1998,58.203917373218495
Afghanistan,Male,1999,60.27664449482486
Afghanistan,Male,2000,60.3271409652448
Afghanistan,Male,2001,60.396990636336966
Afghanistan,Male,2002,61.5712120946804
Afghanistan,Male,2003,62.64741399677665
Afghanistan,Male,2004,63.10169737148222
Afghanistan,Male,2005,63.322691484363105
Afghanistan,Male,2006,63.273698059276214
Afghanistan,Male,2007,63.46316659110058
Afghanistan,Male,2008,64.10148981710645
Afghanistan,Male,2009,64.56609904203812
Afghanistan,Male,2010,64.9581886320498
Afghanistan,Male,2011,65.39786217397065
Afghanistan,Male,2012,65.75685998021443
Afghanistan,Male,2013,66.13080646191045
Afghanistan,Male,2014,65.81845054833835
Afghanistan,Male,2015,65.35764028209661
Afghanistan,Male,2016,65.53091387517034
Afghanistan,Male,2017,65.52916665284455
Afghanistan,Male,2018,64.89134635532939
Afghanistan,Male,2019,64.71305535793384
Afghanistan,Male,2020,62.95543219457443
Afghanistan,Male,2021,59.78230152557298
Afghanistan,Male,2022,67.498312153062
Afghanistan,Male,2023,68.1381192500209
Albania,Female,1990,74.93069834115472
Albania,Female,1991,75.13507956427145
Albania,Female,1992,75.5116293090851
Albania,Female,1993,75.97416726234204
Albania,Female,1994,76.37359172740142
Albania,Female,1995,76.66689963279268
Albania,Female,1996,76.95484005852205
Albania,Female,1997,76.44163432533762
Albania,Female,1998,77.53014083724335
Albania,Female,1999,77.84321651744716
Albania,Female,2000,78.06574809079054
Albania,Female,2001,78.35173843760258
Albania,Female,2002,78.40811071648295
Albania,Female,2003,78.43035633567469
Albania,Female,2004,78.68016241925945
Albania,Female,2005,78.97277468869349
Albania,Female,2006,79.42997997348334
Albania,Female,2007,79.94096978255564
Albania,Female,2008,80.08061809636608
Albania,Female,2009,80.30830684782829
Albania,Female,2010,80.4560522063843
Albania,Female,2011,80.6741231593958
Albania,Female,2012,80.73803514121812
Albania,Female,2013,80.74619876094091
Albania,Female,2014,80.78430558440316
Albania,Female,2015,80.80112458241966
Albania,Female,2016,80.90001012814822
Albania,Female,2017,80.97611375467396
Albania,Female,2018,81.20873782466336
Albania,Female,2019,81.34775867102627
Albania,Female,2020,80.0311921455793
Albania,Female,2021,79.4930517548413
Albania,Female,2022,81.28212022785964
Albania,Female,2023,82.05155116643024
Albania,Male,1990,69.18655416744394
Albania,Male,1991,69.41339933268668
Albania,Male,1992,69.7817003774623
Albania,Male,1993,70.16640345075041
Albania,Male,1994,70.57594582417998
Albania,Male,1995,70.81799212630803
Albania,Male,1996,70.8254856987501
Albania,Male,1997,68.47568255961342
Albania,Male,1998,71.7686702008545
Albania,Male,1999,72.12005163475729
Albania,Male,2000,72.44660720321075
Albania,Male,2001,72.78703970001345
Albania,Male,2002,72.98273500243928
Albania,Male,2003,73.15071301983544
Albania,Male,2004,73.43637685769997
Albania,Male,2005,73.88050261121577
Albania,Male,2006,74.45564415005222
Albania,Male,2007,75.03331211503415
Albania,Male,2008,75.34649275220343
Albania,Male,2009,75.7149355164767
Albania,Male,2010,75.90543190412255
Albania,Male,2011,76.12078881132489
Albania,Male,2012,76.21771747242674
Albania,Male,2013,76.31355132582965
Albania,Male,2014,76.364486543934
Albania,Male,2015,76.39157262115906
Albania,Male,2016,76.53159645706457
Albania,Male,2017,76.60565821845597
Albania,Male,2018,76.6497926603287
Albania,Male,2019,76.54037888491483
Albania,Male,2020,74.97225604350122
Albania,Male,2021,74.4673204797482
Albania,Male,2022,76.18526956963183
Albania,Male,2023,77.27016315922253
Algeria,Female,1990,69.90140755850288
Algeria,Female,1991,70.5062162265868
Algeria,Female,1992,70.930213811906
Algeria,Female,1993,71.28509123678916
Algeria,Female,1994,71.63208062352138
Algeria,Female,1995,71.96747708315553
Algeria,Female,1996,72.37102145665722
Algeria,Female,1997,72.70297824895633
Algeria,Female,1998,72.98620662532672
Algeria,Female,1999,73.32882855525398
Algeria,Female,2000,73.62803798907107
Algeria,Female,2001,73.86222137058012
Algeria,Female,2002,74.23490954375293
Algeria,Female,2003,74.22016921690417
Algeria,Female,2004,74.68389320806594
Algeria,Female,2005,74.94852511347547
Algeria,Female,2006,75.17443581638919
Algeria,Female,2007,75.31403106182181
Algeria,Female,2008,75.4877240242491
Algeria,Female,2009,75.62695568254014
Algeria,Female,2010,75.72573532234901
Algeria,Female,2011,75.82553318541324
Algeria,Female,2012,75.95079577378502
Algeria,Female,2013,76.10937478895829
Algeria,Female,2014,76.21394004829533
Algeria,Female,2015,76.27067001186812
Algeria,Female,2016,76.51267722396742
Algeria,Female,2017,76.61326270232145
Algeria,Female,2018,76.67101554691739
Algeria,Female,2019,76.79573322432282
Algeria,Female,2020,76.14505941340796
Algeria,Female,2021,76.37138148571653
Algeria,Female,2022,77.23330961209203
Algeria,Female,2023,77.60937965508472
Algeria,Male,1990,67.03243554646512
Algeria,Male,1991,67.40662705383608
Algeria,Male,1992,67.80319834423578
Algeria,Male,1993,68.12344155844605
Algeria,Male,1994,68.3437121923835
Algeria,Male,1995,68.60078947843702
Algeria,Male,1996,69.27876651631281
Algeria,Male,1997,69.5698747714377
Algeria,Male,1998,69.79632693471824
Algeria,Male,1999,70.43669441424123
Algeria,Male,2000,70.81015795169401
Algeria,Male,2001,71.18994081677013
Algeria,Male,2002,71.53274785097835
Algeria,Male,2003,71.70206835402847
Algeria,Male,2004,72.15872477228075
Algeria,Male,2005,72.47386403445856
Algeria,Male,2006,72.70301059434429
Algeria,Male,2007,72.86825852027326
Algeria,Male,2008,73.07411447600157
Algeria,Male,2009,73.20233782193786
Algeria,Male,2010,73.38201401545605
Algeria,Male,2011,73.52253872816998
Algeria,Male,2012,73.6262522774026
Algeria,Male,2013,73.77766209162972
Algeria,Male,2014,73.88085706245653
Algeria,Male,2015,73.94882094933895
Algeria,Male,2016,74.02787691818428
Algeria,Male,2017,74.07748753732375
Algeria,Male,2018,74.14349852819494
Algeria,Male,2019,74.2370565892666
Algeria,Male,2020,73.44704720544712
Algeria,Male,2021,73.67292958989772
Algeria,Male,2022,74.33899105366169
Algeria,Male,2023,74.54653840685305
American Samoa,Female,1990,73.21136723656167
American Samoa,Female,1991,73.09928427772302
American Samoa,Female,1992,73.00975673908891
American Samoa,Female,1993,72.90257901521734
American Samoa,Female,1994,72.8126336262377
American Samoa,Female,1995,72.7208076855033
American Samoa,Female,1996,72.6167004779006
American Samoa,Female,1997,72.50226455631807
American Samoa,Female,1998,72.42525313761818
American Samoa,Female,1999,72.41955996123825
American Samoa,Female,2000,72.3977046432259
American Samoa,Female,2001,72.35482390940211
American Samoa,Female,2002,72.35329430466098
American Samoa,Female,2003,72.02649045638421
American Samoa,Female,2004,72.37743267820447
American Samoa,Female,2005,72.45064075673518
American Samoa,Female,2006,72.50815230713745
American Samoa,Female,2007,72.54434786556037
American Samoa,Female,2008,72.54901756301726
American Samoa,Female,2009,70.58425246166473
American Samoa,Female,2010,72.61516491175865
American Samoa,Female,2011,72.63564555668361
American Samoa,Female,2012,72.70870129735272
American Samoa,Female,2013,72.73997465373634
American Samoa,Female,2014,72.92694461937148
American Samoa,Female,2015,73.15620014220438
American Samoa,Female,2016,73.36399915055937
American Samoa,Female,2017,73.70514444008468
American Samoa,Female,2018,74.00470003533316
American Samoa,Female,2019,74.33178599633361
American Samoa,Female,2020,73.88724166199077
American Samoa,Female,2021,72.20362717658047
American Samoa,Female,2022,74.15876141463416
American Samoa,Female,2023,74.38214305879542
American Samoa,Male,1990,66.28026241964925
American Samoa,Male,1991,66.2472247030431
American Samoa,Male,1992,66.23368355480679
American Samoa,Male,1993,66.2004123740345
American Samoa,Male,1994,66.23926852677235
American Samoa,Male,1995,66.3135609285654
American Samoa,Male,1996,66.35700355744856
American Samoa,Male,1997,66.38453289528141
American Samoa,Male,1998,66.39418634964434
American Samoa,Male,1999,66.3868947985745
American Samoa,Male,2000,66.49098667239944
American Samoa,Male,2001,66.57423137357705
American Samoa,Male,2002,66.56429045851289
American Samoa,Male,2003,66.35708251489356
American Samoa,Male,2004,66.73310525092006
American Samoa,Male,2005,66.84307333750574
American Samoa,Male,2006,66.9914128479301
American Samoa,Male,2007,67.16971561378546
American Samoa,Male,2008,67.42070608505834
American Samoa,Male,2009,66.51600221380153
American Samoa,Male,2010,67.76736904023375
American Samoa,Male,2011,67.93671166947875
American Samoa,Male,2012,68.02113339646644
American Samoa,Male,2013,67.91742082047166
American Samoa,Male,2014,68.09756241884521
American Samoa,Male,2015,68.14603963521671
American Samoa,Male,2016,68.15598614922953
American Samoa,Male,2017,68.17523571664734
American Samoa,Male,2018,68.1365270937228
American Samoa,Male,2019,68.10645288787627
American Samoa,Male,2020,67.1380934681026
American Samoa,Male,2021,64.51309290121537
American Samoa,Male,2022,67.21739514784842
American Samoa,Male,2023,67.96911160634538
Andorra,Female,1990,83.09396282680055
Andorra,Female,1991,83.18358847546324
Andorra,Female,1992,83.29439005564326
Andorra,Female,1993,83.46385934465552
Andorra,Female,1994,83.56041422246881
Andorra,Female,1995,83.66128347796355
Andorra,Female,1996,83.79630482023606
Andorra,Female,1997,83.89920235535708
Andorra,Female,1998,84.02073123969166
Andorra,Female,1999,84.09992813195076
Andorra,Female,2000,84.18907788145171
Andorra,Female,2001,84.37928898035962
Andorra,Female,2002,84.42951182384297
Andorra,Female,2003,84.72040037214975
Andorra,Female,2004,84.8732602572602
Andorra,Female,2005,85.02287455799639
Andorra,Female,2006,85.21970472124119
Andorra,Female,2007,85.306887189002
Andorra,Female,2008,85.48215877307962
Andorra,Female,2009,85.5992276997845
Andorra,Female,2010,85.66360801822556
Andorra,Female,2011,85.77092570792419
Andorra,Female,2012,85.80168178604161
Andorra,Female,2013,85.90457234221019
Andorra,Female,2014,86.01117283845294
Andorra,Female,2015,86.06195983798504
Andorra,Female,2016,86.14151367028518
Andorra,Female,2017,86.15201955571969
Andorra,Female,2018,86.24794975620405
Andorra,Female,2019,86.37460886408941
Andorra,Female,2020,85.29794352382225
Andorra,Female,2021,85.89595326542255
Andorra,Female,2022,85.61253768957403
Andorra,Female,2023,86.20459372979367
Andorra,Male,1990,76.54616095249533
Andorra,Male,1991,76.6691710772051
Andorra,Male,1992,76.85575407822591
Andorra,Male,1993,77.00778960630409
Andorra,Male,1994,77.19954768647419
Andorra,Male,1995,77.32076238343721
Andorra,Male,1996,77.46946725152908
Andorra,Male,1997,77.64151351384012
Andorra,Male,1998,77.7724415880835
Andorra,Male,1999,77.96916761929758
Andorra,Male,2000,78.09017409645398
Andorra,Male,2001,78.5713691924473
Andorra,Male,2002,78.8889076458497
Andorra,Male,2003,79.14680902497129
Andorra,Male,2004,79.41975775142211
Andorra,Male,2005,79.66966147855096
Andorra,Male,2006,79.92354227550076
Andorra,Male,2007,80.11739774075082
Andorra,Male,2008,80.15283337184506
Andorra,Male,2009,80.24640682321436
Andorra,Male,2010,80.27069140575634
Andorra,Male,2011,80.48003584268848
Andorra,Male,2012,80.61474349928046
Andorra,Male,2013,80.76858368927103
Andorra,Male,2014,80.95459811773127
Andorra,Male,2015,81.08676452800185
Andorra,Male,2016,81.24968170508069
Andorra,Male,2017,81.40425861360632
Andorra,Male,2018,81.52214878437876
Andorra,Male,2019,81.70186201141843
Andorra,Male,2020,80.420072279481
Andorra,Male,2021,81.11454977757681
Andorra,Male,2022,81.13350436321991
Andorra,Male,2023,81.79346924987193
Angola,Female,1990,54.00451694848496
Angola,Female,1991,54.531653173140754
Angola,Female,1992,54.83640692216163
Angola,Female,1993,54.303673644609106
Angola,Female,1994,55.0120510135542
Angola,Female,1995,55.76167016220913
Angola,Female,1996,56.77053127862902
Angola,Female,1997,57.3449976947326
Angola,Female,1998,57.40139387837707
Angola,Female,1999,57.66727647704328
Angola,Female,2000,58.29456261735928
Angola,Female,2001,58.788197919148
Angola,Female,2002,59.45487086902652
Angola,Female,2003,60.08475859136397
Angola,Female,2004,60.69602137558294
Angola,Female,2005,61.39578234997287
Angola,Female,2006,61.65200142068539
Angola,Female,2007,62.53361646687877
Angola,Female,2008,63.13284860846952
Angola,Female,2009,63.60148166266198
Angola,Female,2010,64.13651050869677
Angola,Female,2011,64.5946013982252
Angola,Female,2012,65.17970328340732
Angola,Female,2013,65.8095971426519
Angola,Female,2014,66.4869038939868
Angola,Female,2015,66.8835456465694
Angola,Female,2016,67.06068146288905
Angola,Female,2017,67.19215365162296
Angola,Female,2018,67.41230341485523
Angola,Female,2019,67.63899477609907
Angola,Female,2020,66.97577886196157
Angola,Female,2021,66.0446044836946
Angola,Female,2022,67.74471841299976
Angola,Female,2023,67.91318832336236
Angola,Male,1990,46.40403513653824
Angola,Male,1991,47.265207660476946
Angola,Male,1992,47.24120731873948
Angola,Male,1993,45.24130346339449
Angola,Male,1994,47.15114072044319
Angola,Male,1995,48.35933702851071
Angola,Male,1996,49.267165508240495
Angola,Male,1997,49.75978492549818
Angola,Male,1998,49.687255905569934
Angola,Male,1999,49.76278920021051
Angola,Male,2000,50.47746436245526
Angola,Male,2001,50.7620484977315
Angola,Male,2002,51.59310145185264
Angola,Male,2003,52.25693020594886
Angola,Male,2004,52.854431624034845
Angola,Male,2005,53.52031648627421
Angola,Male,2006,53.87662251080227
Angola,Male,2007,54.70940140029867
Angola,Male,2008,55.3645013334388
Angola,Male,2009,55.86835819176645
Angola,Male,2010,56.40535811413091
Angola,Male,2011,56.88556351413289
Angola,Male,2012,57.40954207525032
Angola,Male,2013,57.8961842920154
Angola,Male,2014,58.3942512281958
Angola,Male,2015,58.817607633509645
Angola,Male,2016,59.202579546798944
Angola,Male,2017,59.56056570660084
Angola,Male,2018,59.89328667588403
Angola,Male,2019,60.14432848341988
Angola,Male,2020,58.982688320463666
Angola,Male,2021,57.94406552759885
Angola,Male,2022,60.432536984126855
Angola,Male,2023,60.73878054045339
Antigua and Barbuda,Female,1990,76.11513824323416
Antigua and Barbuda,Female,1991,76.24884076489685
Antigua and Barbuda,Female,1992,76.46517458129831
Antigua and Barbuda,Female,1993,76.48906618936373
Antigua and Barbuda,Female,1994,76.63194366277898
Antigua and Barbuda,Female,1995,76.52777787487396
Antigua and Barbuda,Female,1996,76.68365355688476
Antigua and Barbuda,Female,1997,75.36794272698748
Antigua and Barbuda,Female,1998,77.03784872541753
Antigua and Barbuda,Female,1999,77.40865714947599
Antigua and Barbuda,Female,2000,77.7399072880048
Antigua and Barbuda,Female,2001,77.91108261414576
Antigua and Barbuda,Female,2002,78.18759159813769
Antigua and Barbuda,Female,2003,78.32182684226554
Antigua and Barbuda,Female,2004,78.53833772571662
Antigua and Barbuda,Female,2005,78.72990337132727
Antigua and Barbuda,Female,2006,79.11965807500923
Antigua and Barbuda,Female,2007,79.52061241722707
Antigua and Barbuda,Female,2008,79.76555657584309
Antigua and Barbuda,Female,2009,79.99116319780794
Antigua and Barbuda,Female,2010,80.13026285729354
Antigua and Barbuda,Female,2011,80.25846969063774
Antigua and Barbuda,Female,2012,80.25318894638963
Antigua and Barbuda,Female,2013,80.24404563173997
Antigua and Barbuda,Female,2014,80.26962537731664
Antigua and Barbuda,Female,2015,80.24225840780527
Antigua and Barbuda,Female,2016,80.0866285195085
Antigua and Barbuda,Female,2017,79.9251051065995
Antigua and Barbuda,Female,2018,79.97699367762374
Antigua and Barbuda,Female,2019,79.98085323345046
Antigua and Barbuda,Female,2020,79.66363201762866
Antigua and Barbuda,Female,2021,78.67776676278775
Antigua and Barbuda,Female,2022,79.2186212623216
Antigua and Barbuda,Female,2023,79.71707074949991
Antigua and Barbuda,Male,1990,70.46193228868978
Antigua and Barbuda,Male,1991,70.53649880705605
Antigua and Barbuda,Male,1992,70.77577024334647
Antigua and Barbuda,Male,1993,70.90531568864856
Antigua and Barbuda,Male,1994,71.10164018177511
Antigua and Barbuda,Male,1995,70.96559847934577
Antigua and Barbuda,Male,1996,71.3495567860863
Antigua and Barbuda,Male,1997,70.69839361455726
Antigua and Barbuda,Male,1998,71.70042364780895
Antigua and Barbuda,Male,1999,71.89253904537016
Antigua and Barbuda,Male,2000,72.3665878955579
Antigua and Barbuda,Male,2001,72.49501604384152
Antigua and Barbuda,Male,2002,72.76180390365725
Antigua and Barbuda,Male,2003,72.9678583708632
Antigua and Barbuda,Male,2004,73.23875220924731
Antigua and Barbuda,Male,2005,73.36566198550715
Antigua and Barbuda,Male,2006,73.75549012852824
Antigua and Barbuda,Male,2007,73.84815290682761
Antigua and Barbuda,Male,2008,74.15443547230166
Antigua and Barbuda,Male,2009,74.64784617913155
Antigua and Barbuda,Male,2010,74.85045831837814
Antigua and Barbuda,Male,2011,75.01072297632443
Antigua and Barbuda,Male,2012,75.09043515139608
Antigua and Barbuda,Male,2013,75.00741509385696
Antigua and Barbuda,Male,2014,75.13895385292591
Antigua and Barbuda,Male,2015,75.0768891842325
Antigua and Barbuda,Male,2016,75.10507559763808
Antigua and Barbuda,Male,2017,75.33611701612284
Antigua and Barbuda,Male,2018,75.6054391097805
Antigua and Barbuda,Male,2019,75.79740377559946
Antigua and Barbuda,Male,2020,74.94321466216464
Antigua and Barbuda,Male,2021,74.05869066174772
Antigua and Barbuda,Male,2022,75.27098470332199
Antigua and Barbuda,Male,2023,75.77834343664344
Argentina,Female,1990,75.82844182767363
Argentina,Female,1991,76.15664808393244
Argentina,Female,1992,76.23668411899192
Argentina,Female,1993,76.48124121153748
Argentina,Female,1994,76.99916952178619
Argentina,Female,1995,76.96200502613536
Argentina,Female,1996,77.2492158027861
Argentina,Female,1997,77.40755020027966
Argentina,Female,1998,77.35728274907237
Argentina,Female,1999,77.37097010779061
Argentina,Female,2000,77.91679119998365
Argentina,Female,2001,77.99011219203632
Argentina,Female,2002,78.0167539331968
Argentina,Female,2003,77.963658193566
Argentina,Female,2004,78.29160345812113
Argentina,Female,2005,78.6164642869267
Argentina,Female,2006,78.76659555281857
Argentina,Female,2007,78.46526698954439
Argentina,Female,2008,78.92127131496595
Argentina,Female,2009,79.04535834177443
Argentina,Female,2010,78.90811420985216
Argentina,Female,2011,79.1049936973254
Argentina,Female,2012,79.36733548583048
Argentina,Female,2013,79.43111140730748
Argentina,Female,2014,79.6688570338108
Argentina,Female,2015,79.67860751354621
Argentina,Female,2016,79.41977074614974
Argentina,Female,2017,79.78939408525562
Argentina,Female,2018,80.10993820491757
Argentina,Female,2019,80.31268434598263
Argentina,Female,2020,79.51487329196836
Argentina,Female,2021,77.76076502626915
Argentina,Female,2022,79.36275715918168
Argentina,Female,2023,80.32644454412616
Argentina,Male,1990,68.92061863716641
Argentina,Male,1991,69.13434830767164
Argentina,Male,1992,69.11203588547174
Argentina,Male,1993,69.2819487600831
Argentina,Male,1994,69.69113897191214
Argentina,Male,1995,69.61212668876531
Argentina,Male,1996,69.72226274561761
Argentina,Male,1997,69.8598679487614
Argentina,Male,1998,69.88919750019264
Argentina,Male,1999,69.93699299898216
Argentina,Male,2000,70.54047618652675
Argentina,Male,2001,70.61995070567114
Argentina,Male,2002,70.58775810359577
Argentina,Male,2003,70.75253657055424
Argentina,Male,2004,71.38846589105734
Argentina,Male,2005,71.74132253273756
Argentina,Male,2006,71.93088276526395
Argentina,Male,2007,71.64209566397415
Argentina,Male,2008,72.15033243911085
Argentina,Male,2009,72.4438341883398
Argentina,Male,2010,72.51778292983174
Argentina,Male,2011,72.73452613262828
Argentina,Male,2012,72.85754628350173
Argentina,Male,2013,73.03554151646811
Argentina,Male,2014,73.41834442679736
Argentina,Male,2015,73.48539341427089
Argentina,Male,2016,73.32156612918907
Argentina,Male,2017,73.83256828593173
Argentina,Male,2018,74.10515802575907
Argentina,Male,2019,74.52974619402663
Argentina,Male,2020,73.33839333799833
Argentina,Male,2021,71.41227275264187
Argentina,Male,2022,73.18197739907875
Argentina,Male,2023,74.65790266980105
Armenia,Female,1990,73.72405883399655
Armenia,Female,1991,73.3843803478466
Armenia,Female,1992,72.95815294533176
Armenia,Female,1993,72.93996394163676
Armenia,Female,1994,73.38481349686754
Armenia,Female,1995,73.80500238574562
Armenia,Female,1996,74.1927529934808
Armenia,Female,1997,74.55621913203358
Armenia,Female,1998,74.95879927641633
Armenia,Female,1999,75.20478454015823
Armenia,Female,2000,75.43517356509115
Armenia,Female,2001,75.64189059623558
Armenia,Female,2002,75.64085366473518
Armenia,Female,2003,75.72771251035668
Armenia,Female,2004,75.92447769850187
Armenia,Female,2005,76.32093893648114
Armenia,Female,2006,76.49587278708462
Armenia,Female,2007,76.54357918894766
Armenia,Female,2008,76.76637687761966
Armenia,Female,2009,77.02402748306676
Armenia,Female,2010,77.28719383082459
Armenia,Female,2011,77.53628148360089
Armenia,Female,2012,77.77354317363181
Armenia,Female,2013,78.2137376489555
Armenia,Female,2014,78.59513689758606
Armenia,Female,2015,78.96715987829313
Armenia,Female,2016,79.2543709398975
Armenia,Female,2017,79.45638850675702
Armenia,Female,2018,79.99316912084817
Armenia,Female,2019,80.29010384087377
Armenia,Female,2020,76.72667071415646
Armenia,Female,2021,78.04182675676317
Armenia,Female,2022,80.98150244481161
Armenia,Female,2023,82.5518357700207
Armenia,Male,1990,67.01842357626843
Armenia,Male,1991,66.30128438843919
Armenia,Male,1992,65.7725521756027
Armenia,Male,1993,65.73117069872967
Armenia,Male,1994,66.24827356180084
Armenia,Male,1995,66.60372255042459
Armenia,Male,1996,67.21625488202932
Armenia,Male,1997,68.06373931157542
Armenia,Male,1998,68.85824384408845
Armenia,Male,1999,69.30691440035483
Armenia,Male,2000,69.67588131883323
Armenia,Male,2001,69.81429367825993
Armenia,Male,2002,69.8400359871856
Armenia,Male,2003,69.86034249699709
Armenia,Male,2004,69.93935220024161
Armenia,Male,2005,70.02267956139889
Armenia,Male,2006,70.03356005135127
Armenia,Male,2007,70.04788693992545
Armenia,Male,2008,70.20472361876698
Armenia,Male,2009,70.38457943059227
Armenia,Male,2010,70.66557499078984
Armenia,Male,2011,70.91973100288689
Armenia,Male,2012,71.32132082243825
Armenia,Male,2013,71.76075311875643
Armenia,Male,2014,72.09738537575353
Armenia,Male,2015,72.43315520400893
Armenia,Male,2016,72.5975958162398
Armenia,Male,2017,73.1273667407969
Armenia,Male,2018,73.71422265284313
Armenia,Male,2019,74.03240765857305
Armenia,Male,2020,65.088410352012815
Armenia,Male,2021,71.74851123333853
Armenia,Male,2022,73.99748906182013
Armenia,Male,2023,76.32174986360069
Australia,Female,1990,79.91116513780213
Australia,Female,1991,80.27066937497702
Australia,Female,1992,80.39206284417133
Australia,Female,1993,80.69618324126768
Australia,Female,1994,80.75397058018508
Australia,Female,1995,81.01934662656721
Australia,Female,1996,81.13884530552001
Australia,Female,1997,81.40371407486332
Australia,Female,1998,81.72678557297262
Australia,Female,1999,82.0223935599432
Australia,Female,2000,82.28654281016271
Australia,Female,2001,82.47425902298674
Australia,Female,2002,82.60494644868575
Australia,Female,2003,82.92626950638872
Australia,Female,2004,83.22346354717375
Australia,Female,2005,83.5266445757915
Australia,Female,2006,83.70052441583746
Australia,Female,2007,83.72939186443448
Australia,Female,2008,83.71325848994572
Australia,Female,2009,84.0062749444132
Australia,Female,2010,84.19126968753477
Australia,Female,2011,84.2798075768609
Australia,Female,2012,84.46240335745321
Australia,Female,2013,84.63452057339826
Australia,Female,2014,84.61303621628572
Australia,Female,2015,84.67167771673842
Australia,Female,2016,84.92465084274188
Australia,Female,2017,85.11389417212091
Australia,Female,2018,85.33429073974784
Australia,Female,2019,85.38881559199196
Australia,Female,2020,85.83382352261847
Australia,Female,2021,85.68021719628106
Australia,Female,2022,85.09349098021124
Australia,Female,2023,85.84619380479462
Australia,Male,1990,73.75713688948602
Australia,Male,1991,74.2293466342171
Australia,Male,1992,74.44443863853405
Australia,Male,1993,74.79407495326073
Australia,Male,1994,74.89151978226394
Australia,Male,1995,75.24329216316708
Australia,Male,1996,75.40210956935765
Australia,Male,1997,75.76403363822
Australia,Male,1998,76.08012343553614
Australia,Male,1999,76.46419521968473
Australia,Male,2000,76.9070126708668
Australia,Male,2001,77.27479007715806
Australia,Male,2002,77.55567336787205
Australia,Male,2003,77.94221431448808
Australia,Male,2004,78.30344183171728
Australia,Male,2005,78.74849362578034
Australia,Male,2006,79.00415683285685
Australia,Male,2007,79.05378510559494
Australia,Male,2008,79.10901565564001
Australia,Male,2009,79.44385231707422
Australia,Male,2010,79.69882626246866
Australia,Male,2011,79.89912650525758
Australia,Male,2012,80.255820123554
Australia,Male,2013,80.4393099700937
Australia,Male,2014,80.45659224633401
Australia,Male,2015,80.50206038914024
Australia,Male,2016,80.72631938808414
Australia,Male,2017,80.98674937986529
Australia,Male,2018,81.21529548445183
Australia,Male,2019,81.21066634329449
Australia,Male,2020,81.73412443603185
Australia,Male,2021,81.70976726914289
Australia,Male,2022,81.06474760720084
Australia,Male,2023,81.90262725713532
Austria,Female,1990,78.96363927018464
Austria,Female,1991,78.98815422863383
Austria,Female,1992,79.2183207491914
Austria,Female,1993,79.45544308528132
Austria,Female,1994,79.75558133151327
Austria,Female,1995,79.9189634127036
Austria,Female,1996,80.13250593129456
Austria,Female,1997,80.47765943483746
Austria,Female,1998,80.73330152213096
Austria,Female,1999,80.8703426120952
Austria,Female,2000,81.1664173453928
Austria,Female,2001,81.4642047652184
Austria,Female,2002,81.56020986639295
Austria,Female,2003,81.67865092491682
Austria,Female,2004,82.0399714381005
Austria,Female,2005,82.22871222232787
Austria,Female,2006,82.44910350075291
Austria,Female,2007,82.66693115804635
Austria,Female,2008,82.7913674532946
Austria,Female,2009,82.8820485077132
Austria,Female,2010,83.05663247361184
Austria,Female,2011,83.29334192429461
Austria,Female,2012,83.25661605248298
Austria,Female,2013,83.44225100622437
Austria,Female,2014,83.64383335058672
Austria,Female,2015,83.5820601612386
Austria,Female,2016,83.78140648058992
Austria,Female,2017,83.85149298346498
Austria,Female,2018,83.96823471272842
Austria,Female,2019,84.16332157435777
Austria,Female,2020,83.65868924848705
Austria,Female,2021,83.62252439399305
Austria,Female,2022,83.84263222386414
Austria,Female,2023,84.24159569996122
Austria,Male,1990,72.27222480408041
Austria,Male,1991,72.38831225151127
Austria,Male,1992,72.550205486344
Austria,Male,1993,72.83358379808904
Austria,Male,1994,73.18264275460756
Austria,Male,1995,73.35905765385542
Austria,Male,1996,73.63347784562602
Austria,Male,1997,73.99270537823959
Austria,Male,1998,74.37000914709138
Austria,Male,1999,74.73161855818753
Austria,Male,2000,75.15171391858203
Austria,Male,2001,75.5323564964942
Austria,Male,2002,75.69573738473183
Austria,Male,2003,75.89252983754695
Austria,Male,2004,76.26929913815506
Austria,Male,2005,76.55664981466538
Austria,Male,2006,76.86659769772349
Austria,Male,2007,77.15784116897908
Austria,Male,2008,77.36227228160315
Austria,Male,2009,77.36894567879915
Austria,Male,2010,77.60672121956955
Austria,Male,2011,77.94378476555427
Austria,Male,2012,78.15229750575205
Austria,Male,2013,78.36322766750268
Austria,Male,2014,78.64893655189717
Austria,Male,2015,78.630973808096
Austria,Male,2016,78.94377341192069
Austria,Male,2017,79.15218656640354
Austria,Male,2018,79.26112503522457
Austria,Male,2019,79.49556679140234
Austria,Male,2020,78.83530518894862
Austria,Male,2021,78.68962735216552
Austria,Male,2022,79.06001243490472
Austria,Male,2023,79.53899131149706
Azerbaijan,Female,1990,70.06842900696222
Azerbaijan,Female,1991,69.95014798582116
Azerbaijan,Female,1992,68.99147541990862
Azerbaijan,Female,1993,68.73568370825674
Azerbaijan,Female,1994,68.68382376969797
Azerbaijan,Female,1995,69.14573603164065
Azerbaijan,Female,1996,69.7613119803704
Azerbaijan,Female,1997,70.37430607683797
Azerbaijan,Female,1998,70.83771813343792
Azerbaijan,Female,1999,71.16875649868119
Azerbaijan,Female,2000,71.58363494017713
Azerbaijan,Female,2001,72.0371297791679
Azerbaijan,Female,2002,72.19595487579002
Azerbaijan,Female,2003,72.18760805884052
Azerbaijan,Female,2004,72.32564952910144
Azerbaijan,Female,2005,72.54642838070559
Azerbaijan,Female,2006,72.86814637688161
Azerbaijan,Female,2007,73.32762883960027
Azerbaijan,Female,2008,73.65073244016438
Azerbaijan,Female,2009,73.87518501341272
Azerbaijan,Female,2010,74.10298403545178
Azerbaijan,Female,2011,74.29226497500841
Azerbaijan,Female,2012,74.49462752090446
Azerbaijan,Female,2013,74.63115925933222
Azerbaijan,Female,2014,74.7813011421661
Azerbaijan,Female,2015,75.02947747864148
Azerbaijan,Female,2016,75.11218385256987
Azerbaijan,Female,2017,75.31108222482227
Azerbaijan,Female,2018,75.59615020239254
Azerbaijan,Female,2019,75.55567510287072
Azerbaijan,Female,2020,73.56177711003518
Azerbaijan,Female,2021,73.26778882812911
Azerbaijan,Female,2022,75.67751940986078
Azerbaijan,Female,2023,75.3890570524035
Azerbaijan,Male,1990,62.06330358581542
Azerbaijan,Male,1991,61.72497277771848
Azerbaijan,Male,1992,60.051377153561546
Azerbaijan,Male,1993,60.40008567413691
Azerbaijan,Male,1994,60.32188656832117
Azerbaijan,Male,1995,60.939351870036795
Azerbaijan,Male,1996,61.87104396244121
Azerbaijan,Male,1997,62.83114590432285
Azerbaijan,Male,1998,63.76381597622529
Azerbaijan,Male,1999,64.59668995964545
Azerbaijan,Male,2000,65.34762315455976
Azerbaijan,Male,2001,66.0428315159046
Azerbaijan,Male,2002,66.32636689541397
Azerbaijan,Male,2003,66.4616638111989
Azerbaijan,Male,2004,66.61826010247042
Azerbaijan,Male,2005,66.80788802666642
Azerbaijan,Male,2006,67.21225092854553
Azerbaijan,Male,2007,67.7754852231799
Azerbaijan,Male,2008,68.20469906202095
Azerbaijan,Male,2009,68.5445345698325
Azerbaijan,Male,2010,68.7733417002832
Azerbaijan,Male,2011,68.85363583648937
Azerbaijan,Male,2012,68.97333137755886
Azerbaijan,Male,2013,69.2743200678478
Azerbaijan,Male,2014,69.53635984525573
Azerbaijan,Male,2015,69.77103340067065
Azerbaijan,Male,2016,69.86493167842465
Azerbaijan,Male,2017,70.05442132235375
Azerbaijan,Male,2018,70.31358704602907
Azerbaijan,Male,2019,70.21484014873785
Azerbaijan,Male,2020,66.84214367704817
Azerbaijan,Male,2021,68.54700702149364
Azerbaijan,Male,2022,70.48477916015392
Azerbaijan,Male,2023,69.88006687388433
Bahamas,Female,1990,74.7479600301357
Bahamas,Female,1991,74.79024646283378
Bahamas,Female,1992,74.70486146244238
Bahamas,Female,1993,74.74789078974177
Bahamas,Female,1994,74.78584888874825
Bahamas,Female,1995,74.88413787022589
Bahamas,Female,1996,74.59131440522327
Bahamas,Female,1997,74.89594823174714
Bahamas,Female,1998,74.97499271325324
Bahamas,Female,1999,74.82657111760443
Bahamas,Female,2000,74.68606636234064
Bahamas,Female,2001,74.71642488490916
Bahamas,Female,2002,74.75978479310439
Bahamas,Female,2003,74.857880768482
Bahamas,Female,2004,74.7525133281644
Bahamas,Female,2005,75.0222729523636
Bahamas,Female,2006,75.41441093295596
Bahamas,Female,2007,75.63708972238534
Bahamas,Female,2008,75.61563233065536
Bahamas,Female,2009,75.42232081415756
Bahamas,Female,2010,75.46809432660865
Bahamas,Female,2011,75.5239482442382
Bahamas,Female,2012,75.81334164580372
Bahamas,Female,2013,76.0045588592874
Bahamas,Female,2014,75.84097890510975
Bahamas,Female,2015,75.45696662701943
Bahamas,Female,2016,75.73248787448402
Bahamas,Female,2017,75.80164625703131
Bahamas,Female,2018,75.85076564377827
Bahamas,Female,2019,72.22995061551526
Bahamas,Female,2020,74.55424328615757
Bahamas,Female,2021,71.0039140736732
Bahamas,Female,2022,74.61497042261078
Bahamas,Female,2023,75.78035172903265
Bahamas,Male,1990,67.16344372780826
Bahamas,Male,1991,67.01774416709534
Bahamas,Male,1992,66.96300947868123
Bahamas,Male,1993,66.9559760593159
Bahamas,Male,1994,67.16587391966476
Bahamas,Male,1995,67.2876895933498
Bahamas,Male,1996,67.5685124455412
Bahamas,Male,1997,67.86307609528085
Bahamas,Male,1998,67.9783280270362
Bahamas,Male,1999,67.65121948310282
Bahamas,Male,2000,67.65786556485861
Bahamas,Male,2001,67.63120220535232
Bahamas,Male,2002,67.90925414654316
Bahamas,Male,2003,68.21613611458152
Bahamas,Male,2004,68.12324788329892
Bahamas,Male,2005,68.47945585003649
Bahamas,Male,2006,68.65065114540852
Bahamas,Male,2007,69.03963267750467
Bahamas,Male,2008,69.169356838854
Bahamas,Male,2009,69.21827773138162
Bahamas,Male,2010,69.26537020407362
Bahamas,Male,2011,69.54600466062291
Bahamas,Male,2012,69.74892808416193
Bahamas,Male,2013,69.80601282395028
Bahamas,Male,2014,69.74931213725363
Bahamas,Male,2015,69.6395053525954
Bahamas,Male,2016,69.80635361287325
Bahamas,Male,2017,69.87433433322562
Bahamas,Male,2018,69.91104605433291
Bahamas,Male,2019,67.7870378214127
Bahamas,Male,2020,67.89155393804698
Bahamas,Male,2021,64.02882169603683
Bahamas,Male,2022,68.47816762704193
Bahamas,Male,2023,69.84124829123277
Bahrain,Female,1990,71.06701125322006
Bahrain,Female,1991,71.25229334353048
Bahrain,Female,1992,71.27021703001643
Bahrain,Female,1993,71.46105617472362
Bahrain,Female,1994,71.70831135026984
Bahrain,Female,1995,71.74479557678386
Bahrain,Female,1996,71.7902767079366
Bahrain,Female,1997,71.82616784577158
Bahrain,Female,1998,71.99434987325441
Bahrain,Female,1999,72.28157140320205
Bahrain,Female,2000,72.31503352833445
Bahrain,Female,2001,72.87084507752016
Bahrain,Female,2002,73.10097230508113
Bahrain,Female,2003,73.20761229020687
Bahrain,Female,2004,73.4280262973222
Bahrain,Female,2005,73.7693351689731
Bahrain,Female,2006,74.17398856940629
Bahrain,Female,2007,74.70275083330485
Bahrain,Female,2008,75.15034910522307
Bahrain,Female,2009,75.54653714672534
Bahrain,Female,2010,75.80347361441326
Bahrain,Female,2011,76.06962679903323
Bahrain,Female,2012,76.26316683354854
Bahrain,Female,2013,76.54215291713972
Bahrain,Female,2014,77.02328214600858
Bahrain,Female,2015,77.15372421313013
Bahrain,Female,2016,77.38743183276907
Bahrain,Female,2017,77.71761897737952
Bahrain,Female,2018,78.08488502432152
Bahrain,Female,2019,78.34447269977657
Bahrain,Female,2020,77.42804067168474
Bahrain,Female,2021,77.06582083174077
Bahrain,Female,2022,78.81314335242757
Bahrain,Female,2023,79.11775344391192
Bahrain,Male,1990,68.9928279420708
Bahrain,Male,1991,69.25190618880433
Bahrain,Male,1992,69.38737795774331
Bahrain,Male,1993,69.57892257021743
Bahrain,Male,1994,69.67612985826358
Bahrain,Male,1995,69.62307755090949
Bahrain,Male,1996,69.58617606093264
Bahrain,Male,1997,69.65756892902559
Bahrain,Male,1998,69.77347033367313
Bahrain,Male,1999,70.03377208533418
Bahrain,Male,2000,69.51796876859208
Bahrain,Male,2001,70.63767110175435
Bahrain,Male,2002,70.8990636260556
Bahrain,Male,2003,71.13847132738643
Bahrain,Male,2004,71.50141066817694
Bahrain,Male,2005,71.89084584783942
Bahrain,Male,2006,72.07169161185898
Bahrain,Male,2007,72.81659621501433
Bahrain,Male,2008,73.30619230255057
Bahrain,Male,2009,73.74796788980454
Bahrain,Male,2010,74.1075867894224
Bahrain,Male,2011,74.47249084695588
Bahrain,Male,2012,74.90959769747306
Bahrain,Male,2013,75.23742739913722
Bahrain,Male,2014,75.45783079710345
Bahrain,Male,2015,75.62254914869558
Bahrain,Male,2016,75.77643637238994
Bahrain,Male,2017,75.84978089749052
Bahrain,Male,2018,76.00901514832358
Bahrain,Male,2019,76.04944687330796
Bahrain,Male,2020,75.07604296521946
Bahrain,Male,2021,74.46494362007337
Bahrain,Male,2022,75.70314493379357
Bahrain,Male,2023,75.92452241612948
Bangladesh,Female,1990,56.604650066499794
Bangladesh,Female,1991,53.857437894617064
Bangladesh,Female,1992,57.97880819228541
Bangladesh,Female,1993,58.778479927769666
Bangladesh,Female,1994,59.583862056894205
Bangladesh,Female,1995,60.27757238232978
Bangladesh,Female,1996,61.02378164447712
Bangladesh,Female,1997,61.823220942798905
Bangladesh,Female,1998,62.50889545595592
Bangladesh,Female,1999,63.05049556940927
Bangladesh,Female,2000,63.75163394748334
Bangladesh,Female,2001,64.39333289312151
Bangladesh,Female,2002,64.84492527288097
Bangladesh,Female,2003,65.41000399598369
Bangladesh,Female,2004,66.1705704938944
Bangladesh,Female,2005,66.84093166645258
Bangladesh,Female,2006,67.42986151071761
Bangladesh,Female,2007,67.9267525411904
Bangladesh,Female,2008,68.68396639934446
Bangladesh,Female,2009,69.06481259686595
Bangladesh,Female,2010,69.34979339410994
Bangladesh,Female,2011,69.75693667444881
Bangladesh,Female,2012,69.98802426983649
Bangladesh,Female,2013,70.22276110062363
Bangladesh,Female,2014,70.44028722994217
Bangladesh,Female,2015,70.71153479517355
Bangladesh,Female,2016,70.88688082458278
Bangladesh,Female,2017,71.04692899908164
Bangladesh,Female,2018,71.18174600473242
Bangladesh,Female,2019,71.32269678810906
Bangladesh,Female,2020,70.50935483327522
Bangladesh,Female,2021,69.28552191670673
Bangladesh,Female,2022,71.2472986176947
Bangladesh,Female,2023,71.21338607370322
Bangladesh,Male,1990,57.47920586142921
Bangladesh,Male,1991,55.86079306052407
Bangladesh,Male,1992,58.759262813654246
Bangladesh,Male,1993,59.41523405536433
Bangladesh,Male,1994,60.02553482276615
Bangladesh,Male,1995,60.548311685710544
Bangladesh,Male,1996,61.180573497114096
Bangladesh,Male,1997,61.85201190931663
Bangladesh,Male,1998,62.45382589585219
Bangladesh,Male,1999,62.957333713181754
Bangladesh,Male,2000,63.50916982925631
Bangladesh,Male,2001,63.99273848355136
Bangladesh,Male,2002,64.36529152499831
Bangladesh,Male,2003,64.6474833238624
Bangladesh,Male,2004,65.06469835730384
Bangladesh,Male,2005,65.43249910107546
Bangladesh,Male,2006,65.83218532195782
Bangladesh,Male,2007,66.2068549143182
Bangladesh,Male,2008,66.7669112180832
Bangladesh,Male,2009,67.0739978231065
Bangladesh,Male,2010,67.3517571818178
Bangladesh,Male,2011,67.79980198546379
Bangladesh,Male,2012,68.13277314782532
Bangladesh,Male,2013,68.40775515470514
Bangladesh,Male,2014,68.72791575236505
Bangladesh,Male,2015,69.12736250429452
Bangladesh,Male,2016,69.44343498040007
Bangladesh,Male,2017,69.70905862884084
Bangladesh,Male,2018,69.99249323940407
Bangladesh,Male,2019,70.27669943517174
Bangladesh,Male,2020,68.7780694571099
Bangladesh,Male,2021,67.64375892318434
Bangladesh,Male,2022,70.71172929689361
Bangladesh,Male,2023,70.98588326213938
Barbados,Female,1990,76.4231141742942
Barbados,Female,1991,76.55799418547376
Barbados,Female,1992,76.58040102690741
Barbados,Female,1993,76.72927209825086
Barbados,Female,1994,76.76402325369838
Barbados,Female,1995,76.83250189080034
Barbados,Female,1996,76.9304648477756
Barbados,Female,1997,77.07671912484487
Barbados,Female,1998,77.47178701558862
Barbados,Female,1999,77.6175077922675
Barbados,Female,2000,77.55606650891994
Barbados,Female,2001,77.80010380431247
Barbados,Female,2002,77.77602534854273
Barbados,Female,2003,77.8003465049662
Barbados,Female,2004,77.94669833209655
Barbados,Female,2005,78.31349486629684
Barbados,Female,2006,78.56964365660811
Barbados,Female,2007,78.77543458116938
Barbados,Female,2008,78.97871399908345
Barbados,Female,2009,79.24838049435311
Barbados,Female,2010,79.50788768810716
Barbados,Female,2011,79.54402984959145
Barbados,Female,2012,79.7122446498007
Barbados,Female,2013,79.6439335620252
Barbados,Female,2014,79.5996835778672
Barbados,Female,2015,79.54146724027919
Barbados,Female,2016,79.49090471934736
Barbados,Female,2017,79.4510769201195
Barbados,Female,2018,79.43084984893773
Barbados,Female,2019,79.37995613000655
Barbados,Female,2020,78.82439951172364
Barbados,Female,2021,77.80123979400061
Barbados,Female,2022,77.88479667705025
Barbados,Female,2023,78.95559192872163
Barbados,Male,1990,71.39083041794888
Barbados,Male,1991,71.30678381209519
Barbados,Male,1992,71.14310127586828
Barbados,Male,1993,71.17022252555351
Barbados,Male,1994,71.20637917676103
Barbados,Male,1995,71.25666871335754
Barbados,Male,1996,71.39836825588034
Barbados,Male,1997,71.57674553484881
Barbados,Male,1998,72.09702131699233
Barbados,Male,1999,72.62556432171019
Barbados,Male,2000,72.88563754091615
Barbados,Male,2001,73.14413604965637
Barbados,Male,2002,73.3443751869938
Barbados,Male,2003,73.29181851393592
Barbados,Male,2004,73.49806974853885
Barbados,Male,2005,73.59317323464352
Barbados,Male,2006,73.59978916511066
Barbados,Male,2007,73.6503148227254
Barbados,Male,2008,73.80898852168497
Barbados,Male,2009,74.23288901066107
Barbados,Male,2010,74.48421091656884
Barbados,Male,2011,74.705563221749415
Barbados,Male,2012,74.92597079632674
Barbados,Male,2013,74.97197068159561
Barbados,Male,2014,74.98066202158684
Barbados,Male,2015,74.98394033195059
Barbados,Male,2016,74.96319807758472
Barbados,Male,2017,74.94346878184307
Barbados,Male,2018,74.91794504686713
Barbados,Male,2019,74.8003215586297
Barbados,Male,2020,74.07583231527359
Barbados,Male,2021,73.14087609748302
Barbados,Male,2022,73.18147953656299
Barbados,Male,2023,74.3324182453631
Belarus,Female,1990,75.56307017298627
Belarus,Female,1991,75.28973428620773
Belarus,Female,1992,75.03955816140817
Belarus,Female,1993,74.45664213546354
Belarus,Female,1994,74.23723308654495
Belarus,Female,1995,74.15856282375718
Belarus,Female,1996,74.16832749521795
Belarus,Female,1997,74.12907953498649
Belarus,Female,1998,74.15033788198332
Belarus,Female,1999,74.1263844719018
Belarus,Female,2000,74.37153488511767
Belarus,Female,2001,74.36437630474141
Belarus,Female,2002,74.24667349996638
Belarus,Female,2003,74.44005830711124
Belarus,Female,2004,74.81864425255502
Belarus,Female,2005,75.13567643244699
Belarus,Female,2006,75.55582752650768
Belarus,Female,2007,75.9673430467114
Belarus,Female,2008,76.2240732800114
Belarus,Female,2009,76.39270449666017
Belarus,Female,2010,76.53574615349488
Belarus,Female,2011,76.9908645365856
Belarus,Female,2012,77.4924546392985
Belarus,Female,2013,77.86554314321683
Belarus,Female,2014,78.34957701691876
Belarus,Female,2015,78.71865878683111
Belarus,Female,2016,78.994145597573
Belarus,Female,2017,79.18958360525647
Belarus,Female,2018,79.25063113769458
Belarus,Female,2019,79.32014735755487
Belarus,Female,2020,79.03813617033009
Belarus,Female,2021,78.51229654236737
Belarus,Female,2022,78.42565004164565
Belarus,Female,2023,79.19272657928869
Belarus,Male,1990,65.9995275263353
Belarus,Male,1991,65.42459061456
Belarus,Male,1992,64.74712882112807
Belarus,Male,1993,63.79356758416943
Belarus,Male,1994,63.33150780415033
Belarus,Male,1995,63.00273191230917
Belarus,Male,1996,62.92253345881184
Belarus,Male,1997,62.785603135241765
Belarus,Male,1998,62.67298827564932
Belarus,Male,1999,62.680444113659135
Belarus,Male,2000,62.906364247936786
Belarus,Male,2001,62.78228334355026
Belarus,Male,2002,62.45232002224443
Belarus,Male,2003,62.61590054930212
Belarus,Male,2004,62.96094639038294
Belarus,Male,2005,63.17933364889002
Belarus,Male,2006,63.72663857197587
Belarus,Male,2007,64.32319893694236
Belarus,Male,2008,64.67584130638333
Belarus,Male,2009,64.73238132651457
Belarus,Male,2010,64.73282822629773
Belarus,Male,2011,65.31284188876201
Belarus,Male,2012,66.34246095653288
Belarus,Male,2013,67.25875453071475
Belarus,Male,2014,67.99914460240487
Belarus,Male,2015,68.58345211865782
Belarus,Male,2016,68.98267740164873
Belarus,Male,2017,69.1951491072063
Belarus,Male,2018,69.28980430921975
Belarus,Male,2019,69.34882608183052
Belarus,Male,2020,69.14407566669357
Belarus,Male,2021,68.9312402807522
Belarus,Male,2022,68.89984383202359
Belarus,Male,2023,69.51889178822685
Belgium,Female,1990,79.27345791499516
Belgium,Female,1991,79.50298093277235
Belgium,Female,1992,79.69883166460959
Belgium,Female,1993,79.75631263730554
Belgium,Female,1994,80.04092103118938
Belgium,Female,1995,80.21322386994076
Belgium,Female,1996,80.33032527342527
Belgium,Female,1997,80.5503547995505
Belgium,Female,1998,80.62259692239923
Belgium,Female,1999,80.75522454022853
Belgium,Female,2000,81.02105073176308
Belgium,Female,2001,81.23548764732402
Belgium,Female,2002,81.27056359113823
Belgium,Female,2003,81.35254015153471
Belgium,Female,2004,81.75439262857782
Belgium,Female,2005,81.94876138471194
Belgium,Female,2006,82.1890450194994
Belgium,Female,2007,82.28494375147494
Belgium,Female,2008,82.32992929981862
Belgium,Female,2009,82.44587276799615
Belgium,Female,2010,82.58543150475553
Belgium,Female,2011,82.78025911435323
Belgium,Female,2012,82.80488705451982
Belgium,Female,2013,82.97329911466997
Belgium,Female,2014,83.31163011568007
Belgium,Female,2015,83.2792044384713
Belgium,Female,2016,83.51592070187017
Belgium,Female,2017,83.65621946086524
Belgium,Female,2018,83.77834178769884
Belgium,Female,2019,84.0171895383447
Belgium,Female,2020,82.81435819232483
Belgium,Female,2021,83.82774374310672
Belgium,Female,2022,83.73145952700692
Belgium,Female,2023,84.19592914811695
Belgium,Male,1990,72.63274731976416
Belgium,Male,1991,72.84955859028966
Belgium,Male,1992,72.97456909277444
Belgium,Male,1993,73.03625879811175
Belgium,Male,1994,73.3709758354406
Belgium,Male,1995,73.5035070366754
Belgium,Male,1996,73.79679757427182
Belgium,Male,1997,74.16347866365507
Belgium,Male,1998,74.32678844889296
Belgium,Male,1999,74.45563233792527
Belgium,Male,2000,74.71758926186753
Belgium,Male,2001,75.03447497625538
Belgium,Male,2002,75.19978563310983
Belgium,Male,2003,75.516905653254355
Belgium,Male,2004,75.95005384631516
Belgium,Male,2005,76.23674677705107
Belgium,Male,2006,76.6150673503501
Belgium,Male,2007,76.81079964584485
Belgium,Male,2008,76.88064357007732
Belgium,Male,2009,77.09692701677334
Belgium,Male,2010,77.31832696058751
Belgium,Male,2011,77.5925495894081
Belgium,Male,2012,77.62359300034478
Belgium,Male,2013,77.87660695567351
Belgium,Male,2014,78.35171868252633
Belgium,Male,2015,78.47418956238246
Belgium,Male,2016,78.67371872515804
Belgium,Male,2017,78.95726302968257
Belgium,Male,2018,79.2126210734425
Belgium,Male,2019,79.43991141158128
Belgium,Male,2020,78.01236039928538
Belgium,Male,2021,79.11293590082143
Belgium,Male,2022,79.40179327023277
Belgium,Male,2023,79.97539987015476
Belize,Female,1990,75.48012025081808
Belize,Female,1991,75.65183062302967
Belize,Female,1992,75.99396917977622
Belize,Female,1993,75.92882103512461
Belize,Female,1994,75.73246048661558
Belize,Female,1995,75.46432946125825
Belize,Female,1996,75.0251541326213
Belize,Female,1997,74.60933511689448
Belize,Female,1998,74.24631974327619
Belize,Female,1999,74.08143981996433
Belize,Female,2000,73.60001135918036
Belize,Female,2001,73.80097048002908
Belize,Female,2002,74.49813077166446
Belize,Female,2003,74.58835222360187
Belize,Female,2004,74.87054745849144
Belize,Female,2005,74.99540060927677
Belize,Female,2006,75.33773672722923
Belize,Female,2007,75.69546897186679
Belize,Female,2008,75.99194479044974
Belize,Female,2009,76.20026152021927
Belize,Female,2010,76.47285167202696
Belize,Female,2011,76.53105230231026
Belize,Female,2012,76.80662581790524
Belize,Female,2013,76.96706716104298
Belize,Female,2014,77.12759400589513
Belize,Female,2015,77.1702486809055
Belize,Female,2016,77.15773161915735
Belize,Female,2017,77.22366609246315
Belize,Female,2018,77.29549112624534
Belize,Female,2019,77.35655548996296
Belize,Female,2020,76.36108899320944
Belize,Female,2021,74.71772987253361
Belize,Female,2022,76.70278462014441
Belize,Female,2023,77.96769347646264
Belize,Male,1990,71.06590333685217
Belize,Male,1991,70.7929208631771
Belize,Male,1992,71.25229104353531
Belize,Male,1993,70.94156024196212
Belize,Male,1994,70.3353880247202
Belize,Male,1995,70.05929988466708
Belize,Male,1996,69.63924850437303
Belize,Male,1997,69.21429353355772
Belize,Male,1998,68.5887296329789
Belize,Male,1999,68.00183927272805
Belize,Male,2000,67.41069238355979
Belize,Male,2001,67.81910779808497
Belize,Male,2002,68.44881388334518
Belize,Male,2003,68.71884542851852
Belize,Male,2004,69.17388774512338
Belize,Male,2005,69.67493166545788
Belize,Male,2006,70.1934475357055
Belize,Male,2007,70.60113960998252
Belize,Male,2008,70.94815278783305
Belize,Male,2009,71.13006157346875
Belize,Male,2010,71.29009796559376
Belize,Male,2011,71.44706370952002
Belize,Male,2012,71.58697532085402
Belize,Male,2013,71.58968380728777
Belize,Male,2014,71.37845933302616
Belize,Male,2015,71.24673825018661
Belize,Male,2016,71.21514554426692
Belize,Male,2017,71.38797320047034
Belize,Male,2018,71.57423052055036
Belize,Male,2019,71.73076482896235
Belize,Male,2020,70.2944386383075
Belize,Male,2021,68.75331863531302
Belize,Male,2022,71.1429083008835
Belize,Male,2023,72.5944419001514
Benin,Female,1990,57.66713166105287
Benin,Female,1991,57.89441201626683
Benin,Female,1992,58.43723893730853
Benin,Female,1993,58.773498731997854
Benin,Female,1994,59.03415279846353
Benin,Female,1995,59.40234919142293
Benin,Female,1996,59.57732099318418
Benin,Female,1997,60.04847719671142
Benin,Female,1998,60.347514757384744
Benin,Female,1999,60.82565290467114
Benin,Female,2000,61.102879878703035
Benin,Female,2001,61.82908895404394
Benin,Female,2002,62.51793851128046
Benin,Female,2003,63.20708239347372
Benin,Female,2004,63.97611738556993
Benin,Female,2005,64.4623216240175
Benin,Female,2006,64.71481301444857
Benin,Female,2007,65.18705699520802
Benin,Female,2008,65.57444812970168
Benin,Female,2009,65.81257928846644
Benin,Female,2010,65.87420759787081
Benin,Female,2011,65.82978544888395
Benin,Female,2012,65.86893283558034
Benin,Female,2013,65.90744605996636
Benin,Female,2014,66.05189804478816
Benin,Female,2015,66.22373041831285
Benin,Female,2016,66.78822214575104
Benin,Female,2017,67.20655901974426
Benin,Female,2018,67.72663779544749
Benin,Female,2019,67.98717208587607
Benin,Female,2020,68.26791044776674
Benin,Female,2021,68.54798811697368
Benin,Female,2022,68.92443053799055
Benin,Female,2023,69.18201694052472
Benin,Male,1990,51.27103021032086
Benin,Male,1991,51.630173270080995
Benin,Male,1992,52.28739068041697
Benin,Male,1993,52.73982842903074
Benin,Male,1994,53.11817529133313
Benin,Male,1995,53.583028971057935
Benin,Male,1996,53.83601555681173
Benin,Male,1997,54.27756222876042
Benin,Male,1998,54.51912056607747
Benin,Male,1999,54.957873442058926
Benin,Male,2000,55.19092336295523
Benin,Male,2001,55.78015662829375
Benin,Male,2002,56.339154673656395
Benin,Male,2003,56.82132583513446
Benin,Male,2004,57.52958078266718
Benin,Male,2005,57.96187832365811
Benin,Male,2006,58.17668227780649
Benin,Male,2007,58.63166491611421
Benin,Male,2008,58.95165918878662
Benin,Male,2009,59.21125768008235
Benin,Male,2010,59.39200830937122
Benin,Male,2011,59.47570005517523
Benin,Male,2012,59.666794198495666
Benin,Male,2013,59.80445173413986
Benin,Male,2014,60.08042722494317
Benin,Male,2015,60.34470051176421
Benin,Male,2016,60.8461898644088
Benin,Male,2017,61.246376659926305
Benin,Male,2018,61.68207696267179
Benin,Male,2019,61.98086177278134
Benin,Male,2020,62.19212268828361
Benin,Male,2021,62.48435561193848
Benin,Male,2022,63.119825211188896
Benin,Male,2023,63.43695490513956
Bermuda,Female,1990,78.09034549077907
Bermuda,Female,1991,78.20140788321832
Bermuda,Female,1992,78.35685289108304
Bermuda,Female,1993,78.62141737436353
Bermuda,Female,1994,78.66406324527824
Bermuda,Female,1995,78.74835643860689
Bermuda,Female,1996,78.92813318262762
Bermuda,Female,1997,79.29769910675614
Bermuda,Female,1998,79.55399562788237
Bermuda,Female,1999,79.76890636242983
Bermuda,Female,2000,79.9594576125949
Bermuda,Female,2001,80.38045024177931
Bermuda,Female,2002,80.80716812435908
Bermuda,Female,2003,81.01538912843012
Bermuda,Female,2004,81.41342967995566
Bermuda,Female,2005,81.6817264953
Bermuda,Female,2006,82.05244403277915
Bermuda,Female,2007,82.37232861062911
Bermuda,Female,2008,82.88143452245455
Bermuda,Female,2009,83.19142478935811
Bermuda,Female,2010,83.34955711097707
Bermuda,Female,2011,83.410709722213
Bermuda,Female,2012,83.67183453964594
Bermuda,Female,2013,83.85241315753525
Bermuda,Female,2014,84.04724545792998
Bermuda,Female,2015,84.32031532714079
Bermuda,Female,2016,84.47620326250598
Bermuda,Female,2017,84.61910464474775
Bermuda,Female,2018,84.63297703591539
Bermuda,Female,2019,84.58390339587443
Bermuda,Female,2020,83.9108988465942
Bermuda,Female,2021,82.72365827931962
Bermuda,Female,2022,82.7092884238293
Bermuda,Female,2023,83.39099764161709
Bermuda,Male,1990,70.42576467510644
Bermuda,Male,1991,70.71856698100163
Bermuda,Male,1992,71.00788268994708
Bermuda,Male,1993,71.36130391975563
Bermuda,Male,1994,71.54724211920303
Bermuda,Male,1995,71.75173446512528
Bermuda,Male,1996,72.08020194587272
Bermuda,Male,1997,72.63667882841263
Bermuda,Male,1998,73.02638555718978
Bermuda,Male,1999,73.32642973112554
Bermuda,Male,2000,73.07425069320142
Bermuda,Male,2001,74.28121578630817
Bermuda,Male,2002,74.80765679203371
Bermuda,Male,2003,75.02012048377043
Bermuda,Male,2004,75.36344679022369
Bermuda,Male,2005,75.63551391950013
Bermuda,Male,2006,75.91310914952899
Bermuda,Male,2007,76.3105533638768
Bermuda,Male,2008,76.71572144983057
Bermuda,Male,2009,77.17837239598616
Bermuda,Male,2010,77.53984974466604
Bermuda,Male,2011,77.59397838045903
Bermuda,Male,2012,77.77338394699332
Bermuda,Male,2013,77.93481029867371
Bermuda,Male,2014,78.0914648334033
Bermuda,Male,2015,78.02426238989652
Bermuda,Male,2016,78.03146908902595
Bermuda,Male,2017,78.15455974090592
Bermuda,Male,2018,78.15748853160206
Bermuda,Male,2019,78.13023513308248
Bermuda,Male,2020,77.46117411353222
Bermuda,Male,2021,76.76278695669897
Bermuda,Male,2022,77.36145742308962
Bermuda,Male,2023,77.97483515220138
Bhutan,Female,1990,58.71228407828816
Bhutan,Female,1991,59.08819234864948
Bhutan,Female,1992,59.581373387422794
Bhutan,Female,1993,59.93751317199505
Bhutan,Female,1994,60.340771103711106
Bhutan,Female,1995,60.87758311651912
Bhutan,Female,1996,61.41387045192645
Bhutan,Female,1997,61.72544632048611
Bhutan,Female,1998,62.53074049318222
Bhutan,Female,1999,63.255943819670605
Bhutan,Female,2000,62.970889821886274
Bhutan,Female,2001,64.23927831530523
Bhutan,Female,2002,64.79142867621684
Bhutan,Female,2003,65.21363325925579
Bhutan,Female,2004,65.70974270920813
Bhutan,Female,2005,66.28420635011894
Bhutan,Female,2006,66.9245507161286
Bhutan,Female,2007,67.5756363187715
Bhutan,Female,2008,68.25132460836343
Bhutan,Female,2009,68.86282973111854
Bhutan,Female,2010,69.48844048050849
Bhutan,Female,2011,69.87698122055657
Bhutan,Female,2012,70.17579704061029
Bhutan,Female,2013,70.55331450580135
Bhutan,Female,2014,70.83350285045557
Bhutan,Female,2015,71.13623206802752
Bhutan,Female,2016,71.38364869451541
Bhutan,Female,2017,71.64691756973284
Bhutan,Female,2018,71.90413807990106
Bhutan,Female,2019,72.17702881481955
Bhutan,Female,2020,72.18590502543248
Bhutan,Female,2021,72.34735692535193
Bhutan,Female,2022,72.25280571985796
Bhutan,Female,2023,72.41102578922154
Bhutan,Male,1990,60.03960688216628
Bhutan,Male,1991,60.353787716258616
Bhutan,Male,1992,60.83925125197517
Bhutan,Male,1993,61.21520399397704
Bhutan,Male,1994,61.629787984921414
Bhutan,Male,1995,62.11713221665185
Bhutan,Male,1996,62.60353844534863
Bhutan,Male,1997,62.901938007819446
Bhutan,Male,1998,63.5351480933519
Bhutan,Male,1999,64.02111988496074
Bhutan,Male,2000,63.92363408671279
Bhutan,Male,2001,64.82179090003078
Bhutan,Male,2002,65.26199272517454
Bhutan,Male,2003,65.61814882793165
Bhutan,Male,2004,66.04417323598695
Bhutan,Male,2005,66.52662960776723
Bhutan,Male,2006,67.05444687385248
Bhutan,Male,2007,67.65942456967738
Bhutan,Male,2008,68.22158979570129
Bhutan,Male,2009,68.7829521450608
Bhutan,Male,2010,69.36199421919525
Bhutan,Male,2011,69.77099154484269
Bhutan,Male,2012,70.14134031379741
Bhutan,Male,2013,70.51371642367975
Bhutan,Male,2014,70.83068382233039
Bhutan,Male,2015,71.16511969810365
Bhutan,Male,2016,71.46690579887698
Bhutan,Male,2017,71.7717434932621
Bhutan,Male,2018,72.06777263650739
Bhutan,Male,2019,72.37474660706651
Bhutan,Male,2020,72.40473100832119
Bhutan,Male,2021,72.69277511760542
Bhutan,Male,2022,72.65995938554019
Bhutan,Male,2023,72.87329903864904
Bolivia (Plurinational State of),Female,1990,65.62476494141812
Bolivia (Plurinational State of),Female,1991,65.80752162573233
Bolivia (Plurinational State of),Female,1992,66.08674902777216
Bolivia (Plurinational State of),Female,1993,66.56436173220317
Bolivia (Plurinational State of),Female,1994,67.08191186330788
Bolivia (Plurinational State of),Female,1995,67.4725411951421
Bolivia (Plurinational State of),Female,1996,67.82668523146788
Bolivia (Plurinational State of),Female,1997,68.26784387980916
Bolivia (Plurinational State of),Female,1998,68.66040816477442
Bolivia (Plurinational State of),Female,1999,69.04416375006107
Bolivia (Plurinational State of),Female,2000,69.36074187869309
Bolivia (Plurinational State of),Female,2001,69.64963410518055
Bolivia (Plurinational State of),Female,2002,69.8922930157931
Bolivia (Plurinational State of),Female,2003,70.1143924899898
Bolivia (Plurinational State of),Female,2004,70.33519872559707
Bolivia (Plurinational State of),Female,2005,70.55718552185546
Bolivia (Plurinational State of),Female,2006,70.78123490748649
Bolivia (Plurinational State of),Female,2007,71.05238970735947
Bolivia (Plurinational State of),Female,2008,71.3420869854325
Bolivia (Plurinational State of),Female,2009,71.66980938025415
Bolivia (Plurinational State of),Female,2010,71.90931844510331
Bolivia (Plurinational State of),Female,2011,72.08215937838203
Bolivia (Plurinational State of),Female,2012,72.31323627430803
Bolivia (Plurinational State of),Female,2013,72.53223525242304
Bolivia (Plurinational State of),Female,2014,72.82643076118558
Bolivia (Plurinational State of),Female,2015,73.08008897367874
Bolivia (Plurinational State of),Female,2016,73.286124276928
Bolivia (Plurinational State of),Female,2017,73.55243641670363
Bolivia (Plurinational State of),Female,2018,73.7374159232006
Bolivia (Plurinational State of),Female,2019,73.93278339100249
Bolivia (Plurinational State of),Female,2020,68.38735943833557
Bolivia (Plurinational State of),Female,2021,68.8782543285742
Bolivia (Plurinational State of),Female,2022,73.37355326071587
Bolivia (Plurinational State of),Female,2023,74.53589771891343
Bolivia (Plurinational State of),Male,1990,60.50997732300755
Bolivia (Plurinational State of),Male,1991,60.71293723239351
Bolivia (Plurinational State of),Male,1992,61.0646282009725
Bolivia (Plurinational State of),Male,1993,61.56352179799304
Bolivia (Plurinational State of),Male,1994,62.126501460219394
Bolivia (Plurinational State of),Male,1995,62.547197491219535
Bolivia (Plurinational State of),Male,1996,62.92292325012682
Bolivia (Plurinational State of),Male,1997,63.38244384800528
Bolivia (Plurinational State of),Male,1998,63.754680881881654
Bolivia (Plurinational State of),Male,1999,64.08622337553177
Bolivia (Plurinational State of),Male,2000,64.38223786613025
Bolivia (Plurinational State of),Male,2001,64.70332192531718
Bolivia (Plurinational State of),Male,2002,64.92947945944461
Bolivia (Plurinational State of),Male,2003,65.1611322207485
Bolivia (Plurinational State of),Male,2004,65.41359808282571
Bolivia (Plurinational State of),Male,2005,65.68867936989975
Bolivia (Plurinational State of),Male,2006,65.90504363736392
Bolivia (Plurinational State of),Male,2007,66.22217234607326
Bolivia (Plurinational State of),Male,2008,66.4691513427364
Bolivia (Plurinational State of),Male,2009,66.80910260109559
Bolivia (Plurinational State of),Male,2010,67.05717364309344
Bolivia (Plurinational State of),Male,2011,67.2525415821495
Bolivia (Plurinational State of),Male,2012,67.51983819318413
Bolivia (Plurinational State of),Male,2013,67.75045010867488
Bolivia (Plurinational State of),Male,2014,68.04292920075548
Bolivia (Plurinational State of),Male,2015,68.31781130393288
Bolivia (Plurinational State of),Male,2016,68.56425265377207
Bolivia (Plurinational State of),Male,2017,68.82304240543868
Bolivia (Plurinational State of),Male,2018,69.02731789324797
Bolivia (Plurinational State of),Male,2019,69.23715793149819
Bolivia (Plurinational State of),Male,2020,60.71979870857544
Bolivia (Plurinational State of),Male,2021,61.56279288985421
Bolivia (Plurinational State of),Male,2022,68.00445748182672
Bolivia (Plurinational State of),Male,2023,69.33483517316843
Bosnia and Herzegovina,Female,1990,75.3128847321995
Bosnia and Herzegovina,Female,1991,75.57236273292109
Bosnia and Herzegovina,Female,1992,69.90853131883193
Bosnia and Herzegovina,Female,1993,72.81930725486781
Bosnia and Herzegovina,Female,1994,74.59342047274713
Bosnia and Herzegovina,Female,1995,71.47656612223784
Bosnia and Herzegovina,Female,1996,76.78731496119353
Bosnia and Herzegovina,Female,1997,76.93245657532466
Bosnia and Herzegovina,Female,1998,77.13828708171864
Bosnia and Herzegovina,Female,1999,77.22125585182683
Bosnia and Herzegovina,Female,2000,77.25708354269065
Bosnia and Herzegovina,Female,2001,77.30269164070978
Bosnia and Herzegovina,Female,2002,77.4825978592601
Bosnia and Herzegovina,Female,2003,77.62118560716252
Bosnia and Herzegovina,Female,2004,77.69475528743037
Bosnia and Herzegovina,Female,2005,77.7597169857253
Bosnia and Herzegovina,Female,2006,77.93431477539485
Bosnia and Herzegovina,Female,2007,78.04288786589368
Bosnia and Herzegovina,Female,2008,78.28541328570806
Bosnia and Herzegovina,Female,2009,78.4041680507402
Bosnia and Herzegovina,Female,2010,78.58225048217368
Bosnia and Herzegovina,Female,2011,78.7489401738985
Bosnia and Herzegovina,Female,2012,78.98114596500162
Bosnia and Herzegovina,Female,2013,79.1492312063939
Bosnia and Herzegovina,Female,2014,79.19249476815303
Bosnia and Herzegovina,Female,2015,79.16306269036332
Bosnia and Herzegovina,Female,2016,79.37644167511222
Bosnia and Herzegovina,Female,2017,79.41076168376001
Bosnia and Herzegovina,Female,2018,79.53778953322056
Bosnia and Herzegovina,Female,2019,79.57135961302961
Bosnia and Herzegovina,Female,2020,78.62438566861498
Bosnia and Herzegovina,Female,2021,77.18589510764477
Bosnia and Herzegovina,Female,2022,79.13182219598124
Bosnia and Herzegovina,Female,2023,80.07194464259817
Bosnia and Herzegovina,Male,1990,69.48656999718796
Bosnia and Herzegovina,Male,1991,69.7572232457599
Bosnia and Herzegovina,Male,1992,50.858640084993525
Bosnia and Herzegovina,Male,1993,58.38883678615365
Bosnia and Herzegovina,Male,1994,63.56888361427285
Bosnia and Herzegovina,Male,1995,54.075099440483406
Bosnia and Herzegovina,Male,1996,71.11428129860327
Bosnia and Herzegovina,Male,1997,71.43936640718871
Bosnia and Herzegovina,Male,1998,71.83712131282856
Bosnia and Herzegovina,Male,1999,72.10586302752202
Bosnia and Herzegovina,Male,2000,72.2364155584102
Bosnia and Herzegovina,Male,2001,72.42755795322492
Bosnia and Herzegovina,Male,2002,72.57675461929368
Bosnia and Herzegovina,Male,2003,72.69501386032516
Bosnia and Herzegovina,Male,2004,72.7929530167021
Bosnia and Herzegovina,Male,2005,72.75698826569118
Bosnia and Herzegovina,Male,2006,72.93445782082014
Bosnia and Herzegovina,Male,2007,72.99757144947583
Bosnia and Herzegovina,Male,2008,73.28523437064864
Bosnia and Herzegovina,Male,2009,73.52250757567194
Bosnia and Herzegovina,Male,2010,73.71788514226336
Bosnia and Herzegovina,Male,2011,73.88191886934021
Bosnia and Herzegovina,Male,2012,74.04651272032226
Bosnia and Herzegovina,Male,2013,74.20899552026833
Bosnia and Herzegovina,Male,2014,74.31726539102252
Bosnia and Herzegovina,Male,2015,74.355889359764
Bosnia and Herzegovina,Male,2016,74.53314169141926
Bosnia and Herzegovina,Male,2017,74.61280658347293
Bosnia and Herzegovina,Male,2018,74.655291665833
Bosnia and Herzegovina,Male,2019,74.58177396245895
Bosnia and Herzegovina,Male,2020,73.07947316331355
Bosnia and Herzegovina,Male,2021,72.01300406449779
Bosnia and Herzegovina,Male,2022,74.00634083464178
Bosnia and Herzegovina,Male,2023,75.32302932096684
Botswana,Female,1990,67.82469478504389
Botswana,Female,1991,67.53148320447859
Botswana,Female,1992,66.84273642884777
Botswana,Female,1993,65.89936520888372
Botswana,Female,1994,64.76973449879662
Botswana,Female,1995,63.32860449256806
Botswana,Female,1996,61.39602041723021
Botswana,Female,1997,59.059480177505186
Botswana,Female,1998,56.35797240927903
Botswana,Female,1999,53.982840465886795
Botswana,Female,2000,51.49581313067899
Botswana,Female,2001,49.409019963130454
Botswana,Female,2002,49.84221458567855
Botswana,Female,2003,53.57075378585663
Botswana,Female,2004,59.1623882758756
Botswana,Female,2005,63.21483091286526
Botswana,Female,2006,63.13034384280534
Botswana,Female,2007,66.1371551276741
Botswana,Female,2008,66.72547501473761
Botswana,Female,2009,67.44922391714789
Botswana,Female,2010,68.41114726180575
Botswana,Female,2011,69.1683258841054
Botswana,Female,2012,69.70774130667806
Botswana,Female,2013,70.18379857514478
Botswana,Female,2014,70.66936745614343
Botswana,Female,2015,70.810524754645
Botswana,Female,2016,71.12388565888537
Botswana,Female,2017,71.57411205686591
Botswana,Female,2018,71.74901755578537
Botswana,Female,2019,71.98599466191425
Botswana,Female,2020,71.73862880056741
Botswana,Female,2021,67.86706522702842
Botswana,Female,2022,71.78732387433595
Botswana,Female,2023,72.67461591605891
Botswana,Male,1990,61.034441742051314
Botswana,Male,1991,60.70166138542248
Botswana,Male,1992,59.94345786801147
Botswana,Male,1993,58.87580286423052
Botswana,Male,1994,57.639667027543915
Botswana,Male,1995,56.07023212861107
Botswana,Male,1996,54.0191254032949
Botswana,Male,1997,51.7400493720431
Botswana,Male,1998,49.48145649086223
Botswana,Male,1999,47.946592496817715
Botswana,Male,2000,46.61460795115888
Botswana,Male,2001,45.64706396522174
Botswana,Male,2002,46.799781217257994
Botswana,Male,2003,50.40984500612752
Botswana,Male,2004,55.07478396631447
Botswana,Male,2005,58.367492942469326
Botswana,Male,2006,58.86672519271565
Botswana,Male,2007,61.14891642982723
Botswana,Male,2008,61.91283348053689
Botswana,Male,2009,62.587777886332624
Botswana,Male,2010,63.06973729217259
Botswana,Male,2011,63.45388478186853
Botswana,Male,2012,63.98356025445929
Botswana,Male,2013,64.37188645966825
Botswana,Male,2014,64.88926062383894
Botswana,Male,2015,65.1176728851488
Botswana,Male,2016,65.42839732515611
Botswana,Male,2017,65.97874501304042
Botswana,Male,2018,66.19598407981266
Botswana,Male,2019,66.36956568201929
Botswana,Male,2020,66.20751320621785
Botswana,Male,2021,63.71686094069561
Botswana,Male,2022,66.64202071612466
Botswana,Male,2023,67.35203685173252
Brazil,Female,1990,73.46024177026601
Brazil,Female,1991,74.0592467585907
Brazil,Female,1992,74.12159037142061
Brazil,Female,1993,73.87599021089707
Brazil,Female,1994,74.0828664400588
Brazil,Female,1995,74.41444166298253
Brazil,Female,1996,74.77985501032236
Brazil,Female,1997,75.27229422055626
Brazil,Female,1998,75.50369918036789
Brazil,Female,1999,75.78984989085211
Brazil,Female,2000,76.16204407175083
Brazil,Female,2001,76.46602821561112
Brazil,Female,2002,76.68607558467437
Brazil,Female,2003,76.89515165410623
Brazil,Female,2004,77.12503676253203
Brazil,Female,2005,77.65151500466824
Brazil,Female,2006,77.87918991002414
Brazil,Female,2007,78.11054964239283
Brazil,Female,2008,78.28937611934451
Brazil,Female,2009,78.42177758998653
Brazil,Female,2010,78.51463367831765
Brazil,Female,2011,78.58955055760087
Brazil,Female,2012,78.89645150748804
Brazil,Female,2013,79.07718289324684
Brazil,Female,2014,79.29672877552937
Brazil,Female,2015,79.32319952744619
Brazil,Female,2016,79.36782578755222
Brazil,Female,2017,79.65852609733082
Brazil,Female,2018,79.91446256096076
Brazil,Female,2019,80.06069075270167
Brazil,Female,2020,78.87708191955223
Brazil,Female,2021,76.90516040182195
Brazil,Female,2022,79.44244487442961
Brazil,Female,2023,80.20039700306316
Brazil,Male,1990,66.1200550856024
Brazil,Male,1991,66.73328750933636
Brazil,Male,1992,66.73013148129006
Brazil,Male,1993,66.37140658012365
Brazil,Male,1994,66.62422513200733
Brazil,Male,1995,67.09535873898581
Brazil,Male,1996,67.45850791460872
Brazil,Male,1997,67.95512480269508
Brazil,Male,1998,68.15113042262459
Brazil,Male,1999,68.46984189961604
Brazil,Male,2000,68.8379317197873
Brazil,Male,2001,69.09821395016962
Brazil,Male,2002,69.34783388392731
Brazil,Male,2003,69.52517373777911
Brazil,Male,2004,69.78854690522682
Brazil,Male,2005,70.43436019578219
Brazil,Male,2006,70.74981789189924
Brazil,Male,2007,70.98693346515286
Brazil,Male,2008,71.13111538319676
Brazil,Male,2009,71.26792789849631
Brazil,Male,2010,71.34170307670257
Brazil,Male,2011,71.4761288987492
Brazil,Male,2012,71.75526446159974
Brazil,Male,2013,71.8932738406981
Brazil,Male,2014,72.15416361119563
Brazil,Male,2015,72.26781241266453
Brazil,Male,2016,72.21775869114633
Brazil,Male,2017,72.59762592893378
Brazil,Male,2018,73.05005254204309
Brazil,Male,2019,73.3214172327902
Brazil,Male,2020,71.58822783246693
Brazil,Male,2021,69.75254261501723
Brazil,Male,2022,72.70765065744654
Brazil,Male,2023,73.50118399461849
Brunei Darussalam,Female,1990,73.83882061397092
Brunei Darussalam,Female,1991,74.0272452482901
Brunei Darussalam,Female,1992,74.1923521959886
Brunei Darussalam,Female,1993,74.39009255673035
Brunei Darussalam,Female,1994,74.62159490148446
Brunei Darussalam,Female,1995,74.66726207415986
Brunei Darussalam,Female,1996,74.89954119767273
Brunei Darussalam,Female,1997,74.99080540580002
Brunei Darussalam,Female,1998,75.21554850006443
Brunei Darussalam,Female,1999,75.53118632298772
Brunei Darussalam,Female,2000,75.64290434286022
Brunei Darussalam,Female,2001,75.89825721750772
Brunei Darussalam,Female,2002,76.11618004831483
Brunei Darussalam,Female,2003,76.34956707964602
Brunei Darussalam,Female,2004,76.63130832116205
Brunei Darussalam,Female,2005,76.72237474207871
Brunei Darussalam,Female,2006,77.01534273693845
Brunei Darussalam,Female,2007,77.29238391953132
Brunei Darussalam,Female,2008,77.62840477014241
Brunei Darussalam,Female,2009,77.90335293498362
Brunei Darussalam,Female,2010,78.02691589341892
Brunei Darussalam,Female,2011,78.25506694902346
Brunei Darussalam,Female,2012,78.42938376363047
Brunei Darussalam,Female,2013,78.46963140392472
Brunei Darussalam,Female,2014,78.70974626965716
Brunei Darussalam,Female,2015,78.71884974043974
Brunei Darussalam,Female,2016,78.8140977674251
Brunei Darussalam,Female,2017,78.99792162307236
Brunei Darussalam,Female,2018,79.2092555892771
Brunei Darussalam,Female,2019,79.34097027398943
Brunei Darussalam,Female,2020,79.43703548779314
Brunei Darussalam,Female,2021,79.1658970017213
Brunei Darussalam,Female,2022,78.87616252826831
Brunei Darussalam,Female,2023,79.43642546039504
Brunei Darussalam,Male,1990,70.23300680036967
Brunei Darussalam,Male,1991,70.4891231520051
Brunei Darussalam,Male,1992,70.73989207373943
Brunei Darussalam,Male,1993,71.011033183697
Brunei Darussalam,Male,1994,71.3641927211526
Brunei Darussalam,Male,1995,71.54852788158075
Brunei Darussalam,Male,1996,71.90110928236683
Brunei Darussalam,Male,1997,72.13721366812108
Brunei Darussalam,Male,1998,72.26578918676901
Brunei Darussalam,Male,1999,72.53014243761879
Brunei Darussalam,Male,2000,72.70415949686485
Brunei Darussalam,Male,2001,73.02992684699493
Brunei Darussalam,Male,2002,73.27602805561378
Brunei Darussalam,Male,2003,73.47641086496148
Brunei Darussalam,Male,2004,73.77086049119877
Brunei Darussalam,Male,2005,73.95012026116744
Brunei Darussalam,Male,2006,74.26338748179894
Brunei Darussalam,Male,2007,74.55822403849015
Brunei Darussalam,Male,2008,74.77767374804267
Brunei Darussalam,Male,2009,74.94489480753121
Brunei Darussalam,Male,2010,75.10098319171001
Brunei Darussalam,Male,2011,75.36370396382216
Brunei Darussalam,Male,2012,75.58479974765987
Brunei Darussalam,Male,2013,75.7268400833856
Brunei Darussalam,Male,2014,75.86827652396263
Brunei Darussalam,Male,2015,75.94576125212086
Brunei Darussalam,Male,2016,76.13119496777685
Brunei Darussalam,Male,2017,76.3234175227512
Brunei Darussalam,Male,2018,76.5529327419655
Brunei Darussalam,Male,2019,76.67032842210791
Brunei Darussalam,Male,2020,76.71979873573646
Brunei Darussalam,Male,2021,76.39644120028912
Brunei Darussalam,Male,2022,76.0335382868046
Brunei Darussalam,Male,2023,76.85831624457151
Bulgaria,Female,1990,74.71273604910328
Bulgaria,Female,1991,74.73741541316927
Bulgaria,Female,1992,74.92041022321938
Bulgaria,Female,1993,74.7599651659792
Bulgaria,Female,1994,74.82094119267562
Bulgaria,Female,1995,74.743595532521
Bulgaria,Female,1996,74.63774679602508
Bulgaria,Female,1997,74.5208862512549
Bulgaria,Female,1998,74.73597427076153
Bulgaria,Female,1999,75.0348047297194
Bulgaria,Female,2000,75.14017292415912
Bulgaria,Female,2001,75.359220773652
Bulgaria,Female,2002,75.61328389037031
Bulgaria,Female,2003,75.92272034640715
Bulgaria,Female,2004,76.24397591741483
Bulgaria,Female,2005,76.23762925145044
Bulgaria,Female,2006,76.36274616755301
Bulgaria,Female,2007,76.68076654309701
Bulgaria,Female,2008,77.07233202086306
Bulgaria,Female,2009,77.3354450494863
Bulgaria,Female,2010,77.56151476765525
Bulgaria,Female,2011,77.76883318937762
Bulgaria,Female,2012,78.05139609804769
Bulgaria,Female,2013,78.34896280756384
Bulgaria,Female,2014,78.37804209448045
Bulgaria,Female,2015,78.43931830593641
Bulgaria,Female,2016,78.58222461773603
Bulgaria,Female,2017,78.68384305875867
Bulgaria,Female,2018,78.87790380837176
Bulgaria,Female,2019,78.9196533625303
Bulgaria,Female,2020,77.8672286229335
Bulgaria,Female,2021,75.8313719962482
Bulgaria,Female,2022,78.1739566846525
Bulgaria,Female,2023,79.49936154835456
Bulgaria,Male,1990,68.0340621304703
Bulgaria,Male,1991,67.96168748937085
Bulgaria,Male,1992,67.84040441572951
Bulgaria,Male,1993,67.38250865971389
Bulgaria,Male,1994,67.23730165725455
Bulgaria,Male,1995,67.13271406044656
Bulgaria,Male,1996,67.190116879845
Bulgaria,Male,1997,67.16328688924301
Bulgaria,Male,1998,67.46418919578244
Bulgaria,Male,1999,67.99550350286646
Bulgaria,Male,2000,68.23058708450355
Bulgaria,Male,2001,68.51937132303712
Bulgaria,Male,2002,68.77052236023539
Bulgaria,Male,2003,68.97251066723427
Bulgaria,Male,2004,69.16155622495967
Bulgaria,Male,2005,69.08199080823796
Bulgaria,Male,2006,69.24008037140557
Bulgaria,Male,2007,69.57697761187605
Bulgaria,Male,2008,70.04292052530171
Bulgaria,Male,2009,70.35413470280804
Bulgaria,Male,2010,70.60583550133809
Bulgaria,Male,2011,70.87788667576338
Bulgaria,Male,2012,71.1932008943262
Bulgaria,Male,2013,71.48993355318245
Bulgaria,Male,2014,71.52356591554869
Bulgaria,Male,2015,71.66414312541282
Bulgaria,Male,2016,71.81132867529224
Bulgaria,Male,2017,71.9643350303935
Bulgaria,Male,2018,72.15320956320699
Bulgaria,Male,2019,72.18051656986499
Bulgaria,Male,2020,70.67264325439163
Bulgaria,Male,2021,68.90049914884338
Bulgaria,Male,2022,71.06797867982765
Bulgaria,Male,2023,72.47132818630674
Burkina Faso,Female,1990,51.84878843472339
Burkina Faso,Female,1991,52.09858626191252
Burkina Faso,Female,1992,52.206344764380994
Burkina Faso,Female,1993,52.32929788327372
Burkina Faso,Female,1994,52.57700548669265
Burkina Faso,Female,1995,52.81633807393708
Burkina Faso,Female,1996,52.31818524245108
Burkina Faso,Female,1997,53.354508671460565
Burkina Faso,Female,1998,54.40982497050968
Burkina Faso,Female,1999,55.13087211057395
Burkina Faso,Female,2000,55.80164087049924
Burkina Faso,Female,2001,56.6678091428188
Burkina Faso,Female,2002,57.49187251273715
Burkina Faso,Female,2003,58.74015416611347
Burkina Faso,Female,2004,59.77303687858264
Burkina Faso,Female,2005,60.64599122349148
Burkina Faso,Female,2006,61.51214345857975
Burkina Faso,Female,2007,62.435975167939965
Burkina Faso,Female,2008,63.60344777928046
Burkina Faso,Female,2009,64.51683538576314
Burkina Faso,Female,2010,65.46835445257696
Burkina Faso,Female,2011,66.36123661630593
Burkina Faso,Female,2012,67.04046882361081
Burkina Faso,Female,2013,67.65686039043952
Burkina Faso,Female,2014,68.26004517677748
Burkina Faso,Female,2015,68.3721343124135
Burkina Faso,Female,2016,68.64148684822523
Burkina Faso,Female,2017,68.95835240195328
Burkina Faso,Female,2018,69.4054010682394
Burkina Faso,Female,2019,69.73366071111941
Burkina Faso,Female,2020,69.74831465381932
Burkina Faso,Female,2021,70.01450185165403
Burkina Faso,Female,2022,70.21042711641132
Burkina Faso,Female,2023,70.13226162894514
Burkina Faso,Male,1990,48.29787074073775
Burkina Faso,Male,1991,48.35056980494057
Burkina Faso,Male,1992,48.400828358116264
Burkina Faso,Male,1993,48.46035461632791
Burkina Faso,Male,1994,48.660931946030175
Burkina Faso,Male,1995,48.821034299835205
Burkina Faso,Male,1996,48.01360962292144
Burkina Faso,Male,1997,48.98611586738649
Burkina Faso,Male,1998,49.89948005284564
Burkina Faso,Male,1999,50.49332757784038
Burkina Faso,Male,2000,50.986075158705795
Burkina Faso,Male,2001,51.610514138214526
Burkina Faso,Male,2002,52.34671211741291
Burkina Faso,Male,2003,53.295903054167816
Burkina Faso,Male,2004,54.22448445211969
Burkina Faso,Male,2005,55.160568095537904
Burkina Faso,Male,2006,56.20734978398974
Burkina Faso,Male,2007,57.33230962145322
Burkina Faso,Male,2008,58.71217472322195
Burkina Faso,Male,2009,59.83388218427732
Burkina Faso,Male,2010,60.85120803104699
Burkina Faso,Male,2011,61.819883508128086
Burkina Faso,Male,2012,62.53405952949892
Burkina Faso,Male,2013,63.1970982479245
Burkina Faso,Male,2014,63.88378496961904
Burkina Faso,Male,2015,64.2613173040323
Burkina Faso,Male,2016,64.59527403102021
Burkina Faso,Male,2017,64.97567677338775
Burkina Faso,Male,2018,65.36079478143799
Burkina Faso,Male,2019,65.3874947967746
Burkina Faso,Male,2020,64.73965661033985
Burkina Faso,Male,2021,64.55151750059233
Burkina Faso,Male,2022,65.48879916454185
Burkina Faso,Male,2023,65.38731859619442
Burundi,Female,1990,50.63611400146685
Burundi,Female,1991,50.24705214182831
Burundi,Female,1992,49.699935105624526
Burundi,Female,1993,48.04694922825492
Burundi,Female,1994,47.210679186300595
Burundi,Female,1995,47.141117776628526
Burundi,Female,1996,47.223474606565794
Burundi,Female,1997,47.229804874669775
Burundi,Female,1998,47.75612518038771
Burundi,Female,1999,48.50967347193937
Burundi,Female,2000,49.322871294930025
Burundi,Female,2001,50.59793364522046
Burundi,Female,2002,51.96026926389224
Burundi,Female,2003,53.39745778420876
Burundi,Female,2004,54.71538377482882
Burundi,Female,2005,55.93175928999366
Burundi,Female,2006,58.345443281208496
Burundi,Female,2007,59.3387614471219
Burundi,Female,2008,60.12201645974336
Burundi,Female,2009,60.91486841934575
Burundi,Female,2010,61.678002872314984
Burundi,Female,2011,62.166318563033265
Burundi,Female,2012,62.61891928899091
Burundi,Female,2013,63.22963402219108
Burundi,Female,2014,63.54004635098736
Burundi,Female,2015,63.70635568120641
Burundi,Female,2016,64.04653664269911
Burundi,Female,2017,64.29928330753134
Burundi,Female,2018,64.57416557717028
Burundi,Female,2019,64.65951078103778
Burundi,Female,2020,64.12734789698396
Burundi,Female,2021,62.65036149116572
Burundi,Female,2022,64.10540335768752
Burundi,Female,2023,64.22999575097776
Burundi,Male,1990,45.47634264270219
Burundi,Male,1991,45.01919963231624
Burundi,Male,1992,44.6919468718459
Burundi,Male,1993,40.36899998814409
Burundi,Male,1994,38.915435813361455
Burundi,Male,1995,38.99342860806587
Burundi,Male,1996,39.54665119497112
Burundi,Male,1997,39.642522114430136
Burundi,Male,1998,40.11087442432282
Burundi,Male,1999,40.908170453544635
Burundi,Male,2000,41.73235337487922
Burundi,Male,2001,42.83037403668194
Burundi,Male,2002,43.97102773847135
Burundi,Male,2003,45.15984457981823
Burundi,Male,2004,46.43345390408405
Burundi,Male,2005,47.579040234391606
Burundi,Male,2006,53.18593315251586
Burundi,Male,2007,54.26466170678669
Burundi,Male,2008,55.04091486634944
Burundi,Male,2009,55.7762056915791
Burundi,Male,2010,56.60444138010714
Burundi,Male,2011,57.142774751341925
Burundi,Male,2012,57.50120382561969
Burundi,Male,2013,57.89364817366305
Burundi,Male,2014,58.22458052760388
Burundi,Male,2015,58.4193333518706
Burundi,Male,2016,58.82706844463264
Burundi,Male,2017,59.15857097813522
Burundi,Male,2018,59.442859716895825
Burundi,Male,2019,59.66261893587833
Burundi,Male,2020,58.767567457359895
Burundi,Male,2021,57.02108960120373
Burundi,Male,2022,59.432551703447615
Burundi,Male,2023,59.76355112600912
Cabo Verde,Female,1990,72.34624910077807
Cabo Verde,Female,1991,72.38633276056765
Cabo Verde,Female,1992,72.67496539522922
Cabo Verde,Female,1993,73.00829294536771
Cabo Verde,Female,1994,72.95442605919844
Cabo Verde,Female,1995,70.83099709713623
Cabo Verde,Female,1996,74.0562035412022
Cabo Verde,Female,1997,74.40793549331426
Cabo Verde,Female,1998,74.73793576509165
Cabo Verde,Female,1999,75.02701716231063
Cabo Verde,Female,2000,75.46022849905813
Cabo Verde,Female,2001,75.7690722627918
Cabo Verde,Female,2002,76.0921882982616
Cabo Verde,Female,2003,76.37964734268769
Cabo Verde,Female,2004,76.709713044469
Cabo Verde,Female,2005,77.07872550391525
Cabo Verde,Female,2006,77.4344976016395
Cabo Verde,Female,2007,77.56484420164499
Cabo Verde,Female,2008,78.08630423298196
Cabo Verde,Female,2009,78.25783584672263
Cabo Verde,Female,2010,78.52079546527145
Cabo Verde,Female,2011,78.4185697629526
Cabo Verde,Female,2012,78.44176199676622
Cabo Verde,Female,2013,78.54363110217092
Cabo Verde,Female,2014,78.4827250576471
Cabo Verde,Female,2015,78.15366058613971
Cabo Verde,Female,2016,78.16490680408873
Cabo Verde,Female,2017,78.26407481838793
Cabo Verde,Female,2018,78.4012863879308
Cabo Verde,Female,2019,78.54294384273544
Cabo Verde,Female,2020,77.07374112117843
Cabo Verde,Female,2021,76.03257301563795
Cabo Verde,Female,2022,77.88673500841509
Cabo Verde,Female,2023,78.50714251452187
Cabo Verde,Male,1990,66.42529899334916
Cabo Verde,Male,1991,66.36438144663649
Cabo Verde,Male,1992,66.54339749441284
Cabo Verde,Male,1993,66.77878415721565
Cabo Verde,Male,1994,66.7399831394281
Cabo Verde,Male,1995,64.91503875940852
Cabo Verde,Male,1996,67.60448759780043
Cabo Verde,Male,1997,67.81978600459718
Cabo Verde,Male,1998,68.07492379906923
Cabo Verde,Male,1999,68.09636237992784
Cabo Verde,Male,2000,68.6012834309815
Cabo Verde,Male,2001,68.7787527275271
Cabo Verde,Male,2002,68.97990823279613
Cabo Verde,Male,2003,69.14375018723155
Cabo Verde,Male,2004,69.36861358372741
Cabo Verde,Male,2005,69.65763629838357
Cabo Verde,Male,2006,70.12860870538461
Cabo Verde,Male,2007,69.79494746330056
Cabo Verde,Male,2008,70.72408678471115
Cabo Verde,Male,2009,70.89810416963014
Cabo Verde,Male,2010,71.16059237534763
Cabo Verde,Male,2011,71.25373405710971
Cabo Verde,Male,2012,71.33111709376128
Cabo Verde,Male,2013,71.51876942419226
Cabo Verde,Male,2014,71.75898179584128
Cabo Verde,Male,2015,71.72628661759441
Cabo Verde,Male,2016,72.15297094425492
Cabo Verde,Male,2017,72.2831061127511
Cabo Verde,Male,2018,71.66607140366334
Cabo Verde,Male,2019,71.96816818197954
Cabo Verde,Male,2020,69.60690704251657
Cabo Verde,Male,2021,68.65135867306216
Cabo Verde,Male,2022,71.71002736874384
Cabo Verde,Male,2023,72.81787883003693
Cambodia,Female,1990,61.26269830476739
Cambodia,Female,1991,61.364363000553205
Cambodia,Female,1992,61.55570559779514
Cambodia,Female,1993,61.72991481756595
Cambodia,Female,1994,61.78920451434601
Cambodia,Female,1995,62.20760952277245
Cambodia,Female,1996,62.68113405675685
Cambodia,Female,1997,63.24609726015898
Cambodia,Female,1998,63.64873504022335
Cambodia,Female,1999,64.49773921228868
Cambodia,Female,2000,65.21774155133723
Cambodia,Female,2001,66.04433479981918
Cambodia,Female,2002,66.86311048056346
Cambodia,Female,2003,67.78932855828029
Cambodia,Female,2004,68.63799954493393
Cambodia,Female,2005,69.4203860114793
Cambodia,Female,2006,70.2958290508265
Cambodia,Female,2007,70.9620589561021
Cambodia,Female,2008,71.71473269587445
Cambodia,Female,2009,72.34746659839283
Cambodia,Female,2010,72.81860504040132
Cambodia,Female,2011,73.33926360552601
Cambodia,Female,2012,73.733865789066
Cambodia,Female,2013,73.98170935387219
Cambodia,Female,2014,74.42083826503307
Cambodia,Female,2015,74.71799221820142
Cambodia,Female,2016,74.97319546827981
Cambodia,Female,2017,75.3447480326347
Cambodia,Female,2018,75.54050410598335
Cambodia,Female,2019,75.64668234213873
Cambodia,Female,2020,75.700488624406
Cambodia,Female,2021,75.46819622014787
Cambodia,Female,2022,75.52738342200293
Cambodia,Female,2023,75.24658740232398
Cambodia,Male,1990,55.18800196200663
Cambodia,Male,1991,55.5148373171945
Cambodia,Male,1992,55.9433857402591
Cambodia,Male,1993,56.22633589439645
Cambodia,Male,1994,56.37263191714892
Cambodia,Male,1995,56.6932280124316
Cambodia,Male,1996,57.0397242845278
Cambodia,Male,1997,57.56627849500833
Cambodia,Male,1998,57.908506249849935
Cambodia,Male,1999,58.691116787713995
Cambodia,Male,2000,59.37272758652648
Cambodia,Male,2001,60.11258763297584
Cambodia,Male,2002,60.90027198184125
Cambodia,Male,2003,61.810866426717666
Cambodia,Male,2004,62.68810810112874
Cambodia,Male,2005,63.565248378985814
Cambodia,Male,2006,64.54790407894049
Cambodia,Male,2007,65.27579687937232
Cambodia,Male,2008,66.02579980200274
Cambodia,Male,2009,66.6388767933255
Cambodia,Male,2010,67.04816273307459
Cambodia,Male,2011,67.73064770288886
Cambodia,Male,2012,68.20209381547467
Cambodia,Male,2013,68.59150921912773
Cambodia,Male,2014,69.05301846847523
Cambodia,Male,2015,69.3894714519426
Cambodia,Male,2016,69.71077995033384
Cambodia,Male,2017,70.15105544049261
Cambodia,Male,2018,70.48754724070193
Cambodia,Male,2019,70.78485917597159
Cambodia,Male,2020,70.94611641611262
Cambodia,Male,2021,70.34717924073422
Cambodia,Male,2022,71.00420487184638
Cambodia,Male,2023,70.76720945925688
Cameroon,Female,1990,56.81995930197791
Cameroon,Female,1991,56.81135391060732
Cameroon,Female,1992,56.67883361177504
Cameroon,Female,1993,56.44458926169323
Cameroon,Female,1994,56.22352558138299
Cameroon,Female,1995,55.79044446505955
Cameroon,Female,1996,55.199659727082945
Cameroon,Female,1997,54.650625160186536
Cameroon,Female,1998,53.97454214107118
Cameroon,Female,1999,53.47605991136313
Cameroon,Female,2000,52.84594555534631
Cameroon,Female,2001,52.83003956782144
Cameroon,Female,2002,52.68713348044865
Cameroon,Female,2003,53.00241272981302
Cameroon,Female,2004,53.7550474034787
Cameroon,Female,2005,54.437762358258055
Cameroon,Female,2006,54.630854342907895
Cameroon,Female,2007,55.31863799551133
Cameroon,Female,2008,55.822941752336085
Cameroon,Female,2009,56.195016219323854
Cameroon,Female,2010,56.54094869200602
Cameroon,Female,2011,57.015182883979854
Cameroon,Female,2012,57.790788882417445
Cameroon,Female,2013,58.3229204907497
Cameroon,Female,2014,58.67869987736528
Cameroon,Female,2015,58.922245555998614
Cameroon,Female,2016,59.84570533775801
Cameroon,Female,2017,60.77011192365076
Cameroon,Female,2018,61.37058128102028
Cameroon,Female,2019,61.90052342451998
Cameroon,Female,2020,61.39290616910772
Cameroon,Female,2021,60.21369136965294
Cameroon,Female,2022,62.495149333555105
Cameroon,Female,2023,62.931440082643775
Cameroon,Male,1990,53.30997774998744
Cameroon,Male,1991,53.30546089939337
Cameroon,Male,1992,53.2683798027923
Cameroon,Male,1993,53.10634102095511
Cameroon,Male,1994,53.024246314673455
Cameroon,Male,1995,52.63796216417091
Cameroon,Male,1996,52.303449464589455
Cameroon,Male,1997,51.97088241289135
Cameroon,Male,1998,51.4790612507884
Cameroon,Male,1999,51.26865497470104
Cameroon,Male,2000,50.98992725262711
Cameroon,Male,2001,51.067804913982854
Cameroon,Male,2002,51.11375173506943
Cameroon,Male,2003,51.40544623366837
Cameroon,Male,2004,52.08915331078577
Cameroon,Male,2005,52.68886156571067
Cameroon,Male,2006,52.91846459368561
Cameroon,Male,2007,53.53274228995394
Cameroon,Male,2008,54.10130333183448
Cameroon,Male,2009,54.57249735855154
Cameroon,Male,2010,54.97512049501407
Cameroon,Male,2011,55.39477623224874
Cameroon,Male,2012,55.68896431490741
Cameroon,Male,2013,55.82469703341123
Cameroon,Male,2014,56.18442502470423
Cameroon,Male,2015,56.67545518976147
Cameroon,Male,2016,57.67988742642707
Cameroon,Male,2017,58.54026247505621
Cameroon,Male,2018,59.100421806025416
Cameroon,Male,2019,59.68114643461671
Cameroon,Male,2020,59.052735426121494
Cameroon,Male,2021,57.8760442365945
Cameroon,Male,2022,60.60303644610086
Cameroon,Male,2023,61.06460795609661
Canada,Female,1990,80.56516410110116
Canada,Female,1991,80.72865203663953
Canada,Female,1992,80.9000800577173
Canada,Female,1993,80.82262108633792
Canada,Female,1994,80.90437295432335
Canada,Female,1995,81.02361127542292
Canada,Female,1996,81.14785670210603
Canada,Female,1997,81.27078772676582
Canada,Female,1998,81.46489211633396
Canada,Female,1999,81.6949134099936
Canada,Female,2000,81.90292862255006
Canada,Female,2001,82.07474093523726
Canada,Female,2002,82.15013972904879
Canada,Female,2003,82.34918474128185
Canada,Female,2004,82.55288649875395
Canada,Female,2005,82.7137349991165
Canada,Female,2006,82.99220311637235
Canada,Female,2007,83.06720173118552
Canada,Female,2008,83.18512149064014
Canada,Female,2009,83.42810200790638
Canada,Female,2010,83.62989570524974
Canada,Female,2011,83.77437321803164
Canada,Female,2012,83.9202284630909
Canada,Female,2013,83.97789480809352
Canada,Female,2014,84.01476686747692
Canada,Female,2015,84.05805571949426
Canada,Female,2016,84.16024278966755
Canada,Female,2017,84.223120632017
Canada,Female,2018,84.26475633094846
Canada,Female,2019,84.40663169060004
Canada,Female,2020,83.90239400514636
Canada,Female,2021,83.96242325587465
Canada,Female,2022,83.54714462463328
Canada,Female,2023,84.0918367301714
Canada,Male,1990,74.15784175651542
Canada,Male,1991,74.40245984541856
Canada,Male,1992,74.6196806944208
Canada,Male,1993,74.64690404416487
Canada,Male,1994,74.87066405613811
Canada,Male,1995,75.06008951985642
Canada,Male,1996,75.36892942108437
Canada,Male,1997,75.68110637889505
Canada,Male,1998,75.92641660881006
Canada,Male,1999,76.21201832685432
Canada,Male,2000,76.60692890989304
Canada,Male,2001,76.94160664804502
Canada,Male,2002,77.14350135202739
Canada,Male,2003,77.34827491849761
Canada,Male,2004,77.65235508220918
Canada,Male,2005,77.92312772794159
Canada,Male,2006,78.24813637129691
Canada,Male,2007,78.35930892937056
Canada,Male,2008,78.56619386964701
Canada,Male,2009,78.91153903808112
Canada,Male,2010,79.2717113379946
Canada,Male,2011,79.56161765429661
Canada,Male,2012,79.6876007986283
Canada,Male,2013,79.78633169584806
Canada,Male,2014,79.82192727953176
Canada,Male,2015,79.9312129354892
Canada,Male,2016,79.98252135485842
Canada,Male,2017,79.94971044334876
Canada,Male,2018,80.00100310100929
Canada,Male,2019,80.08275801504907
Canada,Male,2020,79.31369712771618
Canada,Male,2021,79.11821312629246
Canada,Male,2022,78.9585377158083
Canada,Male,2023,79.64076080053681
Central African Republic,Female,1990,50.15245264493609
Central African Republic,Female,1991,49.31670864385306
Central African Republic,Female,1992,48.43793405156749
Central African Republic,Female,1993,47.25631292476318
Central African Republic,Female,1994,46.3313593899891
Central African Republic,Female,1995,45.60011522333206
Central African Republic,Female,1996,44.61727420813847
Central African Republic,Female,1997,44.15379929475005
Central African Republic,Female,1998,43.747941864160744
Central African Republic,Female,1999,43.56228117457446
Central African Republic,Female,2000,43.7941461779984
Central African Republic,Female,2001,44.11733262253738
Central African Republic,Female,2002,44.56459143864998
Central African Republic,Female,2003,45.20978734574715
Central African Republic,Female,2004,45.87972415364614
Central African Republic,Female,2005,46.73806496667231
Central African Republic,Female,2006,47.720167727812594
Central African Republic,Female,2007,48.90326222056172
Central African Republic,Female,2008,50.35383147375204
Central African Republic,Female,2009,50.99946782831022
Central African Republic,Female,2010,50.888832985484555
Central African Republic,Female,2011,50.88245668506581
Central African Republic,Female,2012,51.43556214022157
Central African Republic,Female,2013,51.25099467643642
Central African Republic,Female,2014,51.86394073425477
Central African Republic,Female,2015,52.96193654146497
Central African Republic,Female,2016,53.684562459325136
Central African Republic,Female,2017,54.020070983785416
Central African Republic,Female,2018,54.50466112543666
Central African Republic,Female,2019,54.74969673643367
Central African Republic,Female,2020,54.81042031377898
Central African Republic,Female,2021,54.961656128929825
Central African Republic,Female,2022,55.4610156499438
Central African Republic,Female,2023,55.86745702595003
Central African Republic,Male,1990,46.88088110982978
Central African Republic,Male,1991,46.393628751079795
Central African Republic,Male,1992,45.86293511574467
Central African Republic,Male,1993,45.198818014180105
Central African Republic,Male,1994,44.78828807257141
Central African Republic,Male,1995,44.54753750896064
Central African Republic,Male,1996,44.18589844003518
Central African Republic,Male,1997,44.20459077925856
Central African Republic,Male,1998,44.39089668036817
Central African Republic,Male,1999,44.63011665816012
Central African Republic,Male,2000,45.00622713736195
Central African Republic,Male,2001,45.397045938335246
Central African Republic,Male,2002,45.88055885422694
Central African Republic,Male,2003,46.530654174399565
Central African Republic,Male,2004,47.11074181448898
Central African Republic,Male,2005,47.73374660514158
Central African Republic,Male,2006,48.31689797832342
Central African Republic,Male,2007,49.13470987386886
Central African Republic,Male,2008,50.1288142019736
Central African Republic,Male,2009,50.55032880953106
Central African Republic,Male,2010,50.64558600975411
Central African Republic,Male,2011,50.7130528766363
Central African Republic,Male,2012,51.242441667558715
Central African Republic,Male,2013,49.716636328677325
Central African Republic,Male,2014,49.99217573747193
Central African Republic,Male,2015,51.83134913932955
Central African Republic,Male,2016,52.04169841931183
Central African Republic,Male,2017,51.338686526011465
Central African Republic,Male,2018,52.495039506704494
Central African Republic,Male,2019,52.979902717548214
Central African Republic,Male,2020,52.90088690640965
Central African Republic,Male,2021,52.92621487537142
Central African Republic,Male,2022,53.73581825350478
Central African Republic,Male,2023,54.30316580587142
Chad,Female,1990,49.721767968926315
Chad,Female,1991,49.74211463025445
Chad,Female,1992,50.17492028333731
Chad,Female,1993,50.28438642847537
Chad,Female,1994,50.572165850545474
Chad,Female,1995,50.86266115538461
Chad,Female,1996,50.84511016718938
Chad,Female,1997,50.850533311160504
Chad,Female,1998,50.96796620322907
Chad,Female,1999,51.29333638466647
Chad,Female,2000,51.31979894728816
Chad,Female,2001,51.63668773085556
Chad,Female,2002,51.938872755407864
Chad,Female,2003,52.3266270594751
Chad,Female,2004,52.76412025961061
Chad,Female,2005,53.28651553044428
Chad,Female,2006,53.766271435269005
Chad,Female,2007,54.55158127109858
Chad,Female,2008,55.197318652097714
Chad,Female,2009,55.872346360631994
Chad,Female,2010,56.27303518478884
Chad,Female,2011,56.59410471669688
Chad,Female,2012,57.084324172856256
Chad,Female,2013,57.40123976914505
Chad,Female,2014,57.731512228605055
Chad,Female,2015,57.87878466308208
Chad,Female,2016,58.29737192576488
Chad,Female,2017,58.6121855114931
Chad,Female,2018,58.85241631489725
Chad,Female,2019,59.11307860760189
Chad,Female,2020,58.66848622492952
Chad,Female,2021,59.71923520127259
Chad,Female,2022,59.476879532614205
Chad,Female,2023,59.72332897991701
Chad,Male,1990,46.70696312616949
Chad,Male,1991,46.985713004546135
Chad,Male,1992,47.0939200089474
Chad,Male,1993,47.61118160041176
Chad,Male,1994,47.84283231897864
Chad,Male,1995,48.28792989131464
Chad,Male,1996,48.32306338695882
Chad,Male,1997,48.311540861650585
Chad,Male,1998,48.33654564307347
Chad,Male,1999,48.559926649912114
Chad,Male,2000,48.34954578178821
Chad,Male,2001,48.82577947284992
Chad,Male,2002,49.04576963648053
Chad,Male,2003,49.41534977524172
Chad,Male,2004,49.70738926750052
Chad,Male,2005,50.13316645210854
Chad,Male,2006,50.14100956897497
Chad,Male,2007,51.27499163330933
Chad,Male,2008,51.7191576554245
Chad,Male,2009,52.44958166470249
Chad,Male,2010,52.86491381315483
Chad,Male,2011,53.16144728326863
Chad,Male,2012,53.618340875134486
Chad,Male,2013,53.972954353943784
Chad,Male,2014,54.37815276523301
Chad,Male,2015,54.62046315509244
Chad,Male,2016,55.101547680167535
Chad,Male,2017,55.40141507785573
Chad,Male,2018,55.65564915575445
Chad,Male,2019,55.91504147209804
Chad,Male,2020,54.883344528230865
Chad,Male,2021,56.3199990970397
Chad,Male,2022,56.3296098732656
Chad,Male,2023,56.71203212583511
Chile,Female,1990,76.87401236008274
Chile,Female,1991,77.32318662189037
Chile,Female,1992,77.75018085613836
Chile,Female,1993,77.99015101886197
Chile,Female,1994,78.35285425128177
Chile,Female,1995,78.55584301972213
Chile,Female,1996,78.86963911960403
Chile,Female,1997,79.31600086623577
Chile,Female,1998,79.47321696209342
Chile,Female,1999,79.67478747599961
Chile,Female,2000,80.06231546229286
Chile,Female,2001,80.15721657293726
Chile,Female,2002,80.41400813239602
Chile,Female,2003,80.56383727521019
Chile,Female,2004,80.726516443626707
Chile,Female,2005,80.94689910573533
Chile,Female,2006,81.21308604039987
Chile,Female,2007,81.33298575460682
Chile,Female,2008,81.71956481012774
Chile,Female,2009,81.77650576630593
Chile,Female,2010,81.58951721073976
Chile,Female,2011,81.892057180074
Chile,Female,2012,82.03235246468492
Chile,Female,2013,82.20770571619317
Chile,Female,2014,82.33987948871179
Chile,Female,2015,82.46072671533891
Chile,Female,2016,82.72102061157221
Chile,Female,2017,82.93497742604043
Chile,Female,2018,83.24646127498617
Chile,Female,2019,83.38306491829256
Chile,Female,2020,82.19758262687704
Chile,Female,2021,81.6462696114293
Chile,Female,2022,82.34449210120323
Chile,Female,2023,83.25180337755259
Chile,Male,1990,70.10509942941432
Chile,Male,1991,70.97479689079115
Chile,Male,1992,71.73774559224377
Chile,Male,1993,71.94581545173202
Chile,Male,1994,72.09233191309531
Chile,Male,1995,72.0711202304577
Chile,Male,1996,72.33363567059686
Chile,Male,1997,72.88176241559924
Chile,Male,1998,73.24663669102308
Chile,Male,1999,73.59690493565911
Chile,Male,2000,73.976541592181
Chile,Male,2001,74.05278000647932
Chile,Male,2002,74.34844420132573
Chile,Male,2003,74.5326365514508
Chile,Male,2004,74.77263861148926
Chile,Male,2005,75.1406704117638
Chile,Male,2006,75.47997902508929
Chile,Male,2007,75.61165813216697
Chile,Male,2008,75.8968251855727
Chile,Male,2009,75.9391736318802
Chile,Male,2010,75.90096267273914
Chile,Male,2011,76.3618431777006
Chile,Male,2012,76.64475170818608
Chile,Male,2013,76.75964740750311
Chile,Male,2014,76.90755150214113
Chile,Male,2015,77.10119243094164
Chile,Male,2016,77.46830305111187
Chile,Male,2017,77.74255741392756
Chile,Male,2018,78.04250763436856
Chile,Male,2019,78.17889843755457
Chile,Male,2020,76.52500763134037
Chile,Male,2021,75.83019672787606
Chile,Male,2022,76.84333335083251
Chile,Male,2023,78.21180525447808
China,Female,1990,69.7591370548521
China,Female,1991,70.00373020574067
China,Female,1992,70.31508808255089
China,Female,1993,70.65902794549565
China,Female,1994,71.00320569817603
China,Female,1995,71.39739086624931
China,Female,1996,71.78749208819089
China,Female,1997,72.17483086631867
China,Female,1998,72.51397414008326
China,Female,1999,72.81671151409014
China,Female,2000,73.10700669459126
China,Female,2001,73.49011771573205
China,Female,2002,74.02825362435122
China,Female,2003,74.59262582912928
China,Female,2004,75.25847347721519
China,Female,2005,75.9263654201274
China,Female,2006,76.63999833235681
China,Female,2007,77.22778153870857
China,Female,2008,77.54415697714003
China,Female,2009,78.29021647041165
China,Female,2010,78.85078378881946
China,Female,2011,79.4632211822279
China,Female,2012,80.1046248588798
China,Female,2013,80.58669247845404
China,Female,2014,80.9581561922236
China,Female,2015,81.18228578819705
China,Female,2016,81.20071055848261
China,Female,2017,81.37151964223533
China,Female,2018,81.99346705633577
China,Female,2019,82.7783846375132
China,Female,2020,83.34792642900612
China,Female,2021,83.04525830956565
China,Female,2022,82.88659857393631
China,Female,2023,82.75358595782455
China,Male,1990,64.28510633364554
China,Male,1991,64.46566545586636
China,Male,1992,64.75084011056067
China,Male,1993,65.08661484330504
China,Male,1994,65.42717426133133
China,Male,1995,65.83725812555419
China,Male,1996,66.29662053612536
China,Male,1997,66.76391231389248
China,Male,1998,67.18113428973534
China,Male,1999,67.58382959501539
China,Male,2000,67.94014810529839
China,Male,2001,68.31937430415518
China,Male,2002,68.817107618728
China,Male,2003,69.29581639393467
China,Male,2004,69.88414736035932
China,Male,2005,70.51351677051515
China,Male,2006,71.15496624831745
China,Male,2007,71.66703916848239
China,Male,2008,72.09965037746167
China,Male,2009,72.81872958249654
China,Male,2010,73.49500325699331
China,Male,2011,74.16725437515994
China,Male,2012,74.73730828017035
China,Male,2013,75.28044087675993
China,Male,2014,75.71853259789489
China,Male,2015,75.94705383622421
China,Male,2016,75.94218579186543
China,Male,2017,76.1177430609334
China,Male,2018,76.75801893384535
China,Male,2019,77.60459927264472
China,Male,2020,78.18707782988679
China,Male,2021,77.67671987690647
China,Male,2022,77.22131581181854
China,Male,2023,77.64573220419715
Colombia,Female,1990,75.37812534026469
Colombia,Female,1991,75.74073528649721
Colombia,Female,1992,76.03899454223559
Colombia,Female,1993,76.37126845395528
Colombia,Female,1994,76.61016563890688
Colombia,Female,1995,76.80570627228033
Colombia,Female,1996,76.97719800564494
Colombia,Female,1997,77.50817763348685
Colombia,Female,1998,77.7825583629425
Colombia,Female,1999,77.55695259516445
Colombia,Female,2000,77.6670683447963
Colombia,Female,2001,77.94045315490133
Colombia,Female,2002,78.15409775486943
Colombia,Female,2003,78.57326429950717
Colombia,Female,2004,79.05213647279363
Colombia,Female,2005,79.46400884262357
Colombia,Female,2006,79.74518178028917
Colombia,Female,2007,80.10180022410637
Colombia,Female,2008,80.38450638915343
Colombia,Female,2009,80.86466472811071
Colombia,Female,2010,81.14485250058895
Colombia,Female,2011,81.5605902074797
Colombia,Female,2012,81.9164361849697
Colombia,Female,2013,82.08510478479981
Colombia,Female,2014,82.0628947062769
Colombia,Female,2015,82.07990660284766
Colombia,Female,2016,82.25982420330237
Colombia,Female,2017,82.37275207400255
Colombia,Female,2018,82.49705717184848
Colombia,Female,2019,82.79812124533751
Colombia,Female,2020,80.98457182437446
Colombia,Female,2021,78.94929610690201
Colombia,Female,2022,81.90697025384326
Colombia,Female,2023,83.17680287272727
Colombia,Male,1990,68.51309273167982
Colombia,Male,1991,68.39143075508656
Colombia,Male,1992,68.41890210951169
Colombia,Male,1993,68.86598026906964
Colombia,Male,1994,69.31772405534592
Colombia,Male,1995,69.6614220327385
Colombia,Male,1996,69.96961982279954
Colombia,Male,1997,70.57782262323282
Colombia,Male,1998,70.68403749170481
Colombia,Male,1999,70.42618278197794
Colombia,Male,2000,70.01797817157235
Colombia,Male,2001,70.19356483242379
Colombia,Male,2002,70.26324178964381
Colombia,Male,2003,71.66431851710314
Colombia,Male,2004,72.33084165103524
Colombia,Male,2005,73.06387493937615
Colombia,Male,2006,73.49860130965149
Colombia,Male,2007,73.94384354851906
Colombia,Male,2008,74.25128031434552
Colombia,Male,2009,74.54253878936682
Colombia,Male,2010,74.91940342715685
Colombia,Male,2011,75.5207686933276
Colombia,Male,2012,75.90658782653546
Colombia,Male,2013,76.222439509285
Colombia,Male,2014,76.41831329940162
Colombia,Male,2015,76.4397259383439
Colombia,Male,2016,76.54051579130893
Colombia,Male,2017,76.67760908833158
Colombia,Male,2018,76.70945043511975
Colombia,Male,2019,77.0342819837463
Colombia,Male,2020,74.07987115585979
Colombia,Male,2021,71.76188737439406
Colombia,Male,2022,75.5061175130477
Colombia,Male,2023,77.00203717312579
Comoros,Female,1990,68.82212786584954
Comoros,Female,1991,69.12776642413343
Comoros,Female,1992,69.5394704988757
Comoros,Female,1993,69.96790456056189
Comoros,Female,1994,70.33165736896915
Comoros,Female,1995,70.87460223311149
Comoros,Female,1996,70.62607512821836
Comoros,Female,1997,71.62453164853301
Comoros,Female,1998,71.55247284154785
Comoros,Female,1999,72.53163485747038
Comoros,Female,2000,72.1361764426548
Comoros,Female,2001,73.22364091385833
Comoros,Female,2002,73.11566369022171
Comoros,Female,2003,73.89527764406037
Comoros,Female,2004,74.73299469344101
Comoros,Female,2005,74.63353666661337
Comoros,Female,2006,75.39522094981518
Comoros,Female,2007,74.75961606135729
Comoros,Female,2008,75.41543440538831
Comoros,Female,2009,75.64828598404925
Comoros,Female,2010,76.6845433994851
Comoros,Female,2011,76.485560525263935
Comoros,Female,2012,77.00052059505545
Comoros,Female,2013,77.1860706908676
Comoros,Female,2014,76.78369467756045
Comoros,Female,2015,77.07888069053175
Comoros,Female,2016,77.28821602561901
Comoros,Female,2017,77.52275615705064
Comoros,Female,2018,78.04269980227018
Comoros,Female,2019,77.94431279181336
Comoros,Female,2020,76.97896406952547
Comoros,Female,2021,74.902036803768
Comoros,Female,2022,77.74467529315025
Comoros,Female,2023,78.36204752267972
Comoros,Male,1990,64.35965170554256
Comoros,Male,1991,64.74483030636964
Comoros,Male,1992,65.22124177592568
Comoros,Male,1993,65.71032847134406
Comoros,Male,1994,66.09800228503356
Comoros,Male,1995,66.62202303971685
Comoros,Male,1996,64.87780681003828
Comoros,Male,1997,67.08071919828369
Comoros,Male,1998,66.88655973661375
Comoros,Male,1999,68.45473220086183
Comoros,Male,2000,68.20504082216529
Comoros,Male,2001,69.30827990237515
Comoros,Male,2002,69.17002598554367
Comoros,Male,2003,70.09247237038934
Comoros,Male,2004,70.89548196506615
Comoros,Male,2005,70.72258090702307
Comoros,Male,2006,71.34589159936885
Comoros,Male,2007,70.65326784017951
Comoros,Male,2008,71.87294210810252
Comoros,Male,2009,70.74366979346607
Comoros,Male,2010,72.93366965375982
Comoros,Male,2011,71.92189597073504
Comoros,Male,2012,72.9407612336822
Comoros,Male,2013,73.07250696466548
Comoros,Male,2014,72.87319288695429
Comoros,Male,2015,73.23485451468552
Comoros,Male,2016,73.43486115352667
Comoros,Male,2017,73.40899502008554
Comoros,Male,2018,74.0282745842769
Comoros,Male,2019,73.52841527817885
Comoros,Male,2020,71.75226921417668
Comoros,Male,2021,68.59612004761628
Comoros,Male,2022,73.12146920059189
Comoros,Male,2023,74.26371972972596
Congo,Female,1990,56.66837803099999
Congo,Female,1991,56.48935082461826
Congo,Female,1992,56.16851864285847
Congo,Female,1993,55.66721910369935
Congo,Female,1994,54.95263605420675
Congo,Female,1995,54.82480374240108
Congo,Female,1996,54.758488145233905
Congo,Female,1997,52.09522089048382
Congo,Female,1998,54.32555958342352
Congo,Female,1999,55.237712439893066
Congo,Female,2000,55.92934856709548
Congo,Female,2001,57.080384910324085
Congo,Female,2002,57.71475679544734
Congo,Female,2003,58.1462973659993
Congo,Female,2004,59.06893252976656
Congo,Female,2005,59.930037960141
Congo,Female,2006,60.69586201976393
Congo,Female,2007,61.18081557562024
Congo,Female,2008,61.98243802733544
Congo,Female,2009,62.63258224730899
Congo,Female,2010,63.02368512049564
Congo,Female,2011,63.68274390288296
Congo,Female,2012,63.96781097827919
Congo,Female,2013,64.18665714643801
Congo,Female,2014,64.39100062656352
Congo,Female,2015,64.45669438502313
Congo,Female,2016,64.61504777565008
Congo,Female,2017,64.80647417593927
Congo,Female,2018,64.88671375138651
Congo,Female,2019,64.66855391368061
Congo,Female,2020,63.85513527338538
Congo,Female,2021,62.89796869145757
Congo,Female,2022,64.34738718860297
Congo,Female,2023,64.49770510098332
Congo,Male,1990,53.6895744440808
Congo,Male,1991,53.50332860094371
Congo,Male,1992,53.48001629472966
Congo,Male,1993,52.74914144144971
Congo,Male,1994,52.81236098851403
Congo,Male,1995,53.0687983554539
Congo,Male,1996,53.2191039493528
Congo,Male,1997,44.46918279254237
Congo,Male,1998,50.43021914957851
Congo,Male,1999,53.41737819329821
Congo,Male,2000,54.43247373529464
Congo,Male,2001,55.75385473719827
Congo,Male,2002,56.196810765218075
Congo,Male,2003,56.83484471883827
Congo,Male,2004,57.63847167603024
Congo,Male,2005,58.432706191990654
Congo,Male,2006,59.16481727805137
Congo,Male,2007,59.60162364996885
Congo,Male,2008,60.22240265768286
Congo,Male,2009,60.62853101726719
Congo,Male,2010,60.95011272358578
Congo,Male,2011,61.4715076677995
Congo,Male,2012,61.31368444224665
Congo,Male,2013,61.803053079598335
Congo,Male,2014,62.05156616176279
Congo,Male,2015,62.24091687485482
Congo,Male,2016,62.38426342043719
Congo,Male,2017,62.63788254910959
Congo,Male,2018,62.790399831771225
Congo,Male,2019,62.65224239966559
Congo,Male,2020,61.63905249830685
Congo,Male,2021,60.903894620168174
Congo,Male,2022,62.660264280415824
Congo,Male,2023,62.92183741413869
Cook Islands,Female,1990,71.2968555526346
Cook Islands,Female,1991,72.54904467806698
Cook Islands,Female,1992,72.70856286836188
Cook Islands,Female,1993,72.85404524519883
Cook Islands,Female,1994,73.01129343400893
Cook Islands,Female,1995,73.16028490029967
Cook Islands,Female,1996,73.31295859125035
Cook Islands,Female,1997,69.94615021355007
Cook Islands,Female,1998,73.51767665853524
Cook Islands,Female,1999,73.7068351776367
Cook Islands,Female,2000,73.87844554799223
Cook Islands,Female,2001,74.11269447430094
Cook Islands,Female,2002,74.32089208590365
Cook Islands,Female,2003,74.52373318356592
Cook Islands,Female,2004,74.69512836215951
Cook Islands,Female,2005,74.8376528520525
Cook Islands,Female,2006,75.01307390039987
Cook Islands,Female,2007,75.15477803222763
Cook Islands,Female,2008,75.33576361039317
Cook Islands,Female,2009,75.4343585694506
Cook Islands,Female,2010,75.4946997021718
Cook Islands,Female,2011,75.5672311823309
Cook Islands,Female,2012,75.65902384906039
Cook Islands,Female,2013,75.77471426657871
Cook Islands,Female,2014,75.83570636146499
Cook Islands,Female,2015,75.90813292001435
Cook Islands,Female,2016,76.01794594668652
Cook Islands,Female,2017,76.1720262596972
Cook Islands,Female,2018,76.3010890619706
Cook Islands,Female,2019,76.39632844380333
Cook Islands,Female,2020,76.14433305536781
Cook Islands,Female,2021,75.13028638913413
Cook Islands,Female,2022,76.17913988722727
Cook Islands,Female,2023,76.51408174837186
Cook Islands,Male,1990,65.60984555152658
Cook Islands,Male,1991,66.78944305559544
Cook Islands,Male,1992,66.94960264942432
Cook Islands,Male,1993,67.09153250716659
Cook Islands,Male,1994,67.2383598813245
Cook Islands,Male,1995,67.37444953460196
Cook Islands,Male,1996,67.53619059269276
Cook Islands,Male,1997,65.68221542979165
Cook Islands,Male,1998,67.73324656892622
Cook Islands,Male,1999,67.88929818054504
Cook Islands,Male,2000,68.00363601985809
Cook Islands,Male,2001,68.16848154157539
Cook Islands,Male,2002,68.31181138726951
Cook Islands,Male,2003,68.50822751876866
Cook Islands,Male,2004,68.67438419389465
Cook Islands,Male,2005,68.80103203861023
Cook Islands,Male,2006,68.99023459028791
Cook Islands,Male,2007,69.13168284921757
Cook Islands,Male,2008,69.2359424740981
Cook Islands,Male,2009,69.25279850316002
Cook Islands,Male,2010,69.22289677210861
Cook Islands,Male,2011,69.30691094419869
Cook Islands,Male,2012,69.3537349594109
Cook Islands,Male,2013,69.4127679567073
Cook Islands,Male,2014,69.50282652197828
Cook Islands,Male,2015,69.52396446223231
Cook Islands,Male,2016,69.64215265206406
Cook Islands,Male,2017,69.80805968734398
Cook Islands,Male,2018,69.9644770843949
Cook Islands,Male,2019,70.07076112292884
Cook Islands,Male,2020,69.55436891637538
Cook Islands,Male,2021,68.00841800107536
Cook Islands,Male,2022,69.50554364936819
Cook Islands,Male,2023,69.7198393296104
Costa Rica,Female,1990,79.0760580071363
Costa Rica,Female,1991,79.07935445970274
Costa Rica,Female,1992,79.20315610554566
Costa Rica,Female,1993,79.27173546175848
Costa Rica,Female,1994,79.13861267424498
Costa Rica,Female,1995,79.1607847050253
Costa Rica,Female,1996,79.2962217432327
Costa Rica,Female,1997,79.74073670682998
Costa Rica,Female,1998,79.82166275400988
Costa Rica,Female,1999,79.8853179231922
Costa Rica,Female,2000,80.16286065799969
Costa Rica,Female,2001,80.38909576611336
Costa Rica,Female,2002,80.8106387230792
Costa Rica,Female,2003,80.95517010512849
Costa Rica,Female,2004,81.1593962357133
Costa Rica,Female,2005,81.63732317175824
Costa Rica,Female,2006,81.90556299450319
Costa Rica,Female,2007,82.21746096544733
Costa Rica,Female,2008,82.36583301304171
Costa Rica,Female,2009,82.4616158559263
Costa Rica,Female,2010,82.35794865171809
Costa Rica,Female,2011,82.53674459584032
Costa Rica,Female,2012,82.53911338998802
Costa Rica,Female,2013,82.61160792015984
Costa Rica,Female,2014,82.65795405800726
Costa Rica,Female,2015,82.69750892725284
Costa Rica,Female,2016,82.64073371190156
Costa Rica,Female,2017,82.6602902542021
Costa Rica,Female,2018,82.80973015724025
Costa Rica,Female,2019,82.96870629585213
Costa Rica,Female,2020,82.27386356318657
Costa Rica,Female,2021,80.86205319688358
Costa Rica,Female,2022,81.7820435463147
Costa Rica,Female,2023,82.17626045144551
Costa Rica,Male,1990,74.49417349953342
Costa Rica,Male,1991,74.49576420348552
Costa Rica,Male,1992,74.52743174099115
Costa Rica,Male,1993,74.45865823126908
Costa Rica,Male,1994,74.39648040246648
Costa Rica,Male,1995,74.45009222858366
Costa Rica,Male,1996,74.46350601334905
Costa Rica,Male,1997,74.7145656580046
Costa Rica,Male,1998,74.96062252914604
Costa Rica,Male,1999,75.0762178373484
Costa Rica,Male,2000,75.18846382464778
Costa Rica,Male,2001,75.56559250423128
Costa Rica,Male,2002,75.86627061520741
Costa Rica,Male,2003,76.1495794276035
Costa Rica,Male,2004,76.34091552210872
Costa Rica,Male,2005,76.56846205227048
Costa Rica,Male,2006,76.78694022159054
Costa Rica,Male,2007,77.16590497395364
Costa Rica,Male,2008,77.29202124316625
Costa Rica,Male,2009,77.29325838089281
Costa Rica,Male,2010,77.19776807372605
Costa Rica,Male,2011,77.34057404329425
Costa Rica,Male,2012,77.38689990664237
Costa Rica,Male,2013,77.45874322902219
Costa Rica,Male,2014,77.38754540983204
Costa Rica,Male,2015,77.35482102913755
Costa Rica,Male,2016,77.30675968759823
Costa Rica,Male,2017,77.33816127747193
Costa Rica,Male,2018,77.5565098369752
Costa Rica,Male,2019,77.84302424073063
Costa Rica,Male,2020,76.66844129509965
Costa Rica,Male,2021,75.06424029575369
Costa Rica,Male,2022,76.39707382570131
Costa Rica,Male,2023,76.85834663967829
Cote d'Ivoire,Female,1990,56.231505866790386
Cote d'Ivoire,Female,1991,55.85088568445351
Cote d'Ivoire,Female,1992,55.23546521711616
Cote d'Ivoire,Female,1993,54.49678184549036
Cote d'Ivoire,Female,1994,53.79464632820188
Cote d'Ivoire,Female,1995,53.178605478922435
Cote d'Ivoire,Female,1996,52.68879362211795
Cote d'Ivoire,Female,1997,52.35491605131472
Cote d'Ivoire,Female,1998,52.1523810838392
Cote d'Ivoire,Female,1999,52.1743675203785
Cote d'Ivoire,Female,2000,52.23218498473928
Cote d'Ivoire,Female,2001,53.03425817721944
Cote d'Ivoire,Female,2002,53.53597636201303
Cote d'Ivoire,Female,2003,54.487549130903254
Cote d'Ivoire,Female,2004,55.31196423521843
Cote d'Ivoire,Female,2005,56.628728374395585
Cote d'Ivoire,Female,2006,57.87505536844884
Cote d'Ivoire,Female,2007,59.00197572454139
Cote d'Ivoire,Female,2008,59.965382539382155
Cote d'Ivoire,Female,2009,60.53051542749747
Cote d'Ivoire,Female,2010,60.875198605982824
Cote d'Ivoire,Female,2011,61.474855856570095
Cote d'Ivoire,Female,2012,61.92568349655823
Cote d'Ivoire,Female,2013,62.01471610696278
Cote d'Ivoire,Female,2014,62.51097643137561
Cote d'Ivoire,Female,2015,62.761821945709
Cote d'Ivoire,Female,2016,63.35394550777735
Cote d'Ivoire,Female,2017,64.06409843925006
Cote d'Ivoire,Female,2018,64.67765674006185
Cote d'Ivoire,Female,2019,65.38261894108314
Cote d'Ivoire,Female,2020,65.16819442242766
Cote d'Ivoire,Female,2021,65.49075024971607
Cote d'Ivoire,Female,2022,65.99215473314457
Cote d'Ivoire,Female,2023,66.16096225959988
Cote d'Ivoire,Male,1990,53.03669642296289
Cote d'Ivoire,Male,1991,52.61365997078911
Cote d'Ivoire,Male,1992,52.18483115576194
Cote d'Ivoire,Male,1993,51.70233352157375
Cote d'Ivoire,Male,1994,51.31773316704551
Cote d'Ivoire,Male,1995,51.034241275640504
Cote d'Ivoire,Male,1996,50.964238607180974
Cote d'Ivoire,Male,1997,51.00517455362187
Cote d'Ivoire,Male,1998,51.167347467552645
Cote d'Ivoire,Male,1999,51.504698582660296
Cote d'Ivoire,Male,2000,51.829948219306104
Cote d'Ivoire,Male,2001,52.62292946239885
Cote d'Ivoire,Male,2002,53.08894676171508
Cote d'Ivoire,Male,2003,53.88285522221776
Cote d'Ivoire,Male,2004,54.598084598403794
Cote d'Ivoire,Male,2005,55.597623934038154
Cote d'Ivoire,Male,2006,56.58168683026733
Cote d'Ivoire,Male,2007,57.33292486500424
Cote d'Ivoire,Male,2008,58.0239153220157
Cote d'Ivoire,Male,2009,58.42276403089324
Cote d'Ivoire,Male,2010,58.46480147186527
Cote d'Ivoire,Male,2011,58.28936931717947
Cote d'Ivoire,Male,2012,58.53389902390748
Cote d'Ivoire,Male,2013,58.759488446061106
Cote d'Ivoire,Male,2014,59.26802396378991
Cote d'Ivoire,Male,2015,59.60114786915047
Cote d'Ivoire,Male,2016,60.13755659186987
Cote d'Ivoire,Male,2017,60.68850787344055
Cote d'Ivoire,Male,2018,61.23984995869194
Cote d'Ivoire,Male,2019,61.78170761305849
Cote d'Ivoire,Male,2020,61.26349071035562
Cote d'Ivoire,Male,2021,61.28594319275069
Cote d'Ivoire,Male,2022,62.07793086277555
Cote d'Ivoire,Male,2023,62.59561985213784
Croatia,Female,1990,76.17551109527514
Croatia,Female,1991,76.14569973671607
Croatia,Female,1992,76.47797780745063
Croatia,Female,1993,76.87945339269014
Croatia,Female,1994,77.04339347427575
Croatia,Female,1995,76.66237596037533
Croatia,Female,1996,77.13684514360958
Croatia,Female,1997,77.27638280619607
Croatia,Female,1998,77.51395431311688
Croatia,Female,1999,77.74889908786278
Croatia,Female,2000,77.9534032880634
Croatia,Female,2001,78.24720073734332
Croatia,Female,2002,78.39719140837137
Croatia,Female,2003,78.38558672391859
Croatia,Female,2004,78.79371321161449
Croatia,Female,2005,78.9135067155749
Croatia,Female,2006,79.1547771227523
Croatia,Female,2007,79.27741921052714
Croatia,Female,2008,79.4699029729588
Croatia,Female,2009,79.62201083010963
Croatia,Female,2010,79.82362438071543
Croatia,Female,2011,80.15884554655395
Croatia,Female,2012,80.42888888059865
Croatia,Female,2013,80.6382540276631
Croatia,Female,2014,80.78050292455899
Croatia,Female,2015,80.80207213869991
Croatia,Female,2016,81.06538408887377
Croatia,Female,2017,81.13133019002998
Croatia,Female,2018,81.27704329773982
Croatia,Female,2019,81.4089066497151
Croatia,Female,2020,80.7478185953434
Croatia,Female,2021,80.14268854176035
Croatia,Female,2022,80.66923590624909
Croatia,Female,2023,81.68689143561379
Croatia,Male,1990,68.75169026267616
Croatia,Male,1991,66.26197665204548
Croatia,Male,1992,67.54557009219377
Croatia,Male,1993,69.04568631327247
Croatia,Male,1994,69.6407012155107
Croatia,Male,1995,68.82683971122935
Croatia,Male,1996,69.91785708772707
Croatia,Male,1997,70.0657419190113
Croatia,Male,1998,70.26111670042886
Croatia,Male,1999,70.58033817099167
Croatia,Male,2000,70.83457316924759
Croatia,Male,2001,71.13472216772357
Croatia,Male,2002,71.30279770675946
Croatia,Male,2003,71.48359155785352
Croatia,Male,2004,71.90456099378629
Croatia,Male,2005,72.0906333953749
Croatia,Male,2006,72.34132054757615
Croatia,Male,2007,72.50174242347482
Croatia,Male,2008,72.75509289010179
Croatia,Male,2009,73.03407939593662
Croatia,Male,2010,73.35501546591286
Croatia,Male,2011,73.75318305282656
Croatia,Male,2012,74.00318638065937
Croatia,Male,2013,74.29851519059204
Croatia,Male,2014,74.52798751058457
Croatia,Male,2015,74.67931524871197
Croatia,Male,2016,74.93511219756213
Croatia,Male,2017,75.06777539821994
Croatia,Male,2018,75.26279486667734
Croatia,Male,2019,75.45261072587515
Croatia,Male,2020,74.6373431233836
Croatia,Male,2021,73.82758743646903
Croatia,Male,2022,74.37096941713824
Croatia,Male,2023,75.4614000336298
Cuba,Female,1990,77.3490431724302
Cuba,Female,1991,77.44078646779535
Cuba,Female,1992,77.3234266639883
Cuba,Female,1993,77.35440174764983
Cuba,Female,1994,77.5819185344453
Cuba,Female,1995,77.69956564638473
Cuba,Female,1996,77.86492940567707
Cuba,Female,1997,78.35918773359776
Cuba,Female,1998,78.66167231968478
Cuba,Female,1999,78.96073777389395
Cuba,Female,2000,79.30057526322784
Cuba,Female,2001,79.53889349067713
Cuba,Female,2002,80.01379931801947
Cuba,Female,2003,80.10116451665048
Cuba,Female,2004,80.11684935887136
Cuba,Female,2005,80.11929444637454
Cuba,Female,2006,80.45774559384215
Cuba,Female,2007,80.5691211678624
Cuba,Female,2008,80.47124106374561
Cuba,Female,2009,80.48410386309318
Cuba,Female,2010,80.52859504542722
Cuba,Female,2011,80.86653432774584
Cuba,Female,2012,80.97229498856733
Cuba,Female,2013,80.89435319144945
Cuba,Female,2014,80.7248327339402
Cuba,Female,2015,80.70640924006992
Cuba,Female,2016,80.74447438919893
Cuba,Female,2017,80.56947711175653
Cuba,Female,2018,80.59664647210397
Cuba,Female,2019,80.73665210759296
Cuba,Female,2020,80.31592856817745
Cuba,Female,2021,76.13286447777404
Cuba,Female,2022,79.8016284828459
Cuba,Female,2023,80.55893360896461
Cuba,Male,1990,73.49032013303204
Cuba,Male,1991,73.56949913061823
Cuba,Male,1992,73.4824925378464
Cuba,Male,1993,73.30953700864218
Cuba,Male,1994,73.4329143009779
Cuba,Male,1995,73.67129393558956
Cuba,Male,1996,73.92606231912892
Cuba,Male,1997,74.25451233774565
Cuba,Male,1998,74.52164766514042
Cuba,Male,1999,74.78104183446614
Cuba,Male,2000,75.21911510763147
Cuba,Male,2001,75.57248936865899
Cuba,Male,2002,76.03700663981817
Cuba,Male,2003,76.13332770935459
Cuba,Male,2004,76.14252266854582
Cuba,Male,2005,76.12715189167706
Cuba,Male,2006,76.44387999520238
Cuba,Male,2007,76.61268402389518
Cuba,Male,2008,76.58407962119315
Cuba,Male,2009,76.51383123376833
Cuba,Male,2010,76.49141068936697
Cuba,Male,2011,76.84158120795564
Cuba,Male,2012,76.83334085669142
Cuba,Male,2013,76.65683699728908
Cuba,Male,2014,76.4517178531205
Cuba,Male,2015,76.24871215370601
Cuba,Male,2016,76.13755555059325
Cuba,Male,2017,75.92875315637399
Cuba,Male,2018,75.90401035088489
Cuba,Male,2019,75.89831348531195
Cuba,Male,2020,75.4854252745707
Cuba,Male,2021,71.28466666074318
Cuba,Male,2022,75.37734141645544
Cuba,Male,2023,75.84226727347975
Cyprus,Female,1990,77.41576500415968
Cyprus,Female,1991,77.55900283773894
Cyprus,Female,1992,77.6644592410364
Cyprus,Female,1993,77.76509695517169
Cyprus,Female,1994,77.93739609251394
Cyprus,Female,1995,78.11811014210016
Cyprus,Female,1996,78.36092009818847
Cyprus,Female,1997,78.40067241809906
Cyprus,Female,1998,78.49391872439912
Cyprus,Female,1999,78.9588655876099
Cyprus,Female,2000,79.40603480767523
Cyprus,Female,2001,79.73608872437927
Cyprus,Female,2002,80.0292802837193
Cyprus,Female,2003,80.18804715892612
Cyprus,Female,2004,80.38392106665742
Cyprus,Female,2005,80.5654330119403
Cyprus,Female,2006,80.82706510906527
Cyprus,Female,2007,81.01445449750102
Cyprus,Female,2008,81.23603505482048
Cyprus,Female,2009,81.48227759084024
Cyprus,Female,2010,81.59972958530918
Cyprus,Female,2011,81.69114835009003
Cyprus,Female,2012,81.86764219144129
Cyprus,Female,2013,82.00439239808668
Cyprus,Female,2014,82.07073752178148
Cyprus,Female,2015,82.12937327141924
Cyprus,Female,2016,82.28214218215572
Cyprus,Female,2017,82.37481755776558
Cyprus,Female,2018,82.47237352538328
Cyprus,Female,2019,82.464113221839
Cyprus,Female,2020,82.11061964740686
Cyprus,Female,2021,81.69656555602056
Cyprus,Female,2022,81.99544395416311
Cyprus,Female,2023,82.58642582449163
Cyprus,Male,1990,72.80817151115663
Cyprus,Male,1991,73.0256546532561
Cyprus,Male,1992,73.29805528139468
Cyprus,Male,1993,73.57202893046258
Cyprus,Male,1994,73.84698760088804
Cyprus,Male,1995,73.95803275251147
Cyprus,Male,1996,74.02353084661459
Cyprus,Male,1997,74.17154829061997
Cyprus,Male,1998,74.15599621895022
Cyprus,Male,1999,74.60634690309622
Cyprus,Male,2000,74.81043377630667
Cyprus,Male,2001,75.16815695802912
Cyprus,Male,2002,75.44026391967576
Cyprus,Male,2003,75.60534211337668
Cyprus,Male,2004,75.82205565330551
Cyprus,Male,2005,75.87045473700786
Cyprus,Male,2006,76.15901476927189
Cyprus,Male,2007,76.35271389602163
Cyprus,Male,2008,76.62347412726761
Cyprus,Male,2009,76.83407091645293
Cyprus,Male,2010,77.08220411965362
Cyprus,Male,2011,77.2657293743663
Cyprus,Male,2012,77.52736624766372
Cyprus,Male,2013,77.70656195203456
Cyprus,Male,2014,77.88484563295803
Cyprus,Male,2015,78.05197686724767
Cyprus,Male,2016,78.22906950675467
Cyprus,Male,2017,78.30780833677007
Cyprus,Male,2018,78.40341943442237
Cyprus,Male,2019,78.27607929384453
Cyprus,Male,2020,78.19281520031222
Cyprus,Male,2021,77.83315309812653
Cyprus,Male,2022,78.091100610476
Cyprus,Male,2023,78.58250267742392
Czechia,Female,1990,75.3870632414756
Czechia,Female,1991,75.74579012884591
Czechia,Female,1992,76.13940525813645
Czechia,Female,1993,76.38308526885007
Czechia,Female,1994,76.6141440226161
Czechia,Female,1995,76.81257604772156
Czechia,Female,1996,77.20008218310372
Czechia,Female,1997,77.49617437769957
Czechia,Female,1998,77.83760145275954
Czechia,Female,1999,78.08190895156196
Czechia,Female,2000,78.35599743471475
Czechia,Female,2001,78.53058349815483
Czechia,Female,2002,78.68572513711246
Czechia,Female,2003,78.8344509793395
Czechia,Female,2004,79.16367111765031
Czechia,Female,2005,79.45665373915128
Czechia,Female,2006,79.86183394256972
Czechia,Female,2007,80.11357135808643
Czechia,Female,2008,80.32692153016747
Czechia,Female,2009,80.46580308465656
Czechia,Female,2010,80.66910141736189
Czechia,Female,2011,80.87726911893078
Czechia,Female,2012,81.05731296696507
Czechia,Female,2013,81.22265245246221
Czechia,Female,2014,81.5762722126975
Czechia,Female,2015,81.64513534524342
Czechia,Female,2016,81.89208400757809
Czechia,Female,2017,81.93333571449413
Czechia,Female,2018,82.07038780587999
Czechia,Female,2019,82.21530020054188
Czechia,Female,2020,81.40144975583867
Czechia,Female,2021,80.62211059846065
Czechia,Female,2022,82.00907629257422
Czechia,Female,2023,82.78416537780508
Czechia,Male,1990,67.74469980475641
Czechia,Male,1991,68.08844768401208
Czechia,Male,1992,68.54740188990385
Czechia,Male,1993,69.0751689418458
Czechia,Male,1994,69.48049843744737
Czechia,Male,1995,69.74373690509171
Czechia,Male,1996,70.14245478662161
Czechia,Male,1997,70.47169271561965
Czechia,Male,1998,70.91861756503675
Czechia,Male,1999,71.27929590793329
Czechia,Male,2000,71.62656345470721
Czechia,Male,2001,71.93149344148898
Czechia,Male,2002,72.12993480872464
Czechia,Male,2003,72.28313148086019
Czechia,Male,2004,72.6425321564542
Czechia,Male,2005,73.05106664522941
Czechia,Male,2006,73.50938315861663
Czechia,Male,2007,73.80250534545709
Czechia,Male,2008,74.05022593733987
Czechia,Male,2009,74.24740602584498
Czechia,Male,2010,74.4715999596232
Czechia,Male,2011,74.74740407211789
Czechia,Male,2012,75.01382778046583
Czechia,Male,2013,75.28829034687335
Czechia,Male,2014,75.66179318852689
Czechia,Male,2015,75.81310385779355
Czechia,Male,2016,76.02600187489634
Czechia,Male,2017,76.14571958085767
Czechia,Male,2018,76.26171945527919
Czechia,Male,2019,76.34691969852841
Czechia,Male,2020,75.3439012474891
Czechia,Male,2021,74.23207715515854
Czechia,Male,2022,76.15193327038756
Czechia,Male,2023,76.94817706427224
Democratic People's Republic of Korea,Female,1990,74.68320408450963
Democratic People's Republic of Korea,Female,1991,74.65584569598902
Democratic People's Republic of Korea,Female,1992,74.6316943020605
Democratic People's Republic of Korea,Female,1993,74.61925162499385
Democratic People's Republic of Korea,Female,1994,74.61030400696373
Democratic People's Republic of Korea,Female,1995,68.26065873926329
Democratic People's Republic of Korea,Female,1996,68.14415665270108
Democratic People's Republic of Korea,Female,1997,68.09478358888465
Democratic People's Republic of Korea,Female,1998,68.02272844877567
Democratic People's Republic of Korea,Female,1999,71.91209436204936
Democratic People's Republic of Korea,Female,2000,71.92765166763787
Democratic People's Republic of Korea,Female,2001,71.940591742167
Democratic People's Republic of Korea,Female,2002,71.98590932894557
Democratic People's Republic of Korea,Female,2003,74.62555262189578
Democratic People's Republic of Korea,Female,2004,74.6683935493971
Democratic People's Republic of Korea,Female,2005,74.72326968857949
Democratic People's Republic of Korea,Female,2006,74.81327350927087
Democratic People's Republic of Korea,Female,2007,74.87966068618657
Democratic People's Republic of Korea,Female,2008,75.10707479377041
Democratic People's Republic of Korea,Female,2009,75.22918956989432
Democratic People's Republic of Korea,Female,2010,75.294559589262
Democratic People's Republic of Korea,Female,2011,75.3313177938355
Democratic People's Republic of Korea,Female,2012,75.38651189923203
Democratic People's Republic of Korea,Female,2013,75.44018234233727
Democratic People's Republic of Korea,Female,2014,75.57518387658003
Democratic People's Republic of Korea,Female,2015,75.68910275704863
Democratic People's Republic of Korea,Female,2016,75.75013531033521
Democratic People's Republic of Korea,Female,2017,75.86154736697743
Democratic People's Republic of Korea,Female,2018,75.88578903843207
Democratic People's Republic of Korea,Female,2019,75.9660318201214
Democratic People's Republic of Korea,Female,2020,75.94322764711997
Democratic People's Republic of Korea,Female,2021,76.07162259096658
Democratic People's Republic of Korea,Female,2022,75.92329489957335
Democratic People's Republic of Korea,Female,2023,75.99534023391799
Democratic People's Republic of Korea,Male,1990,67.72677971917459
Democratic People's Republic of Korea,Male,1991,67.77031695028403
Democratic People's Republic of Korea,Male,1992,67.83629342645808
Democratic People's Republic of Korea,Male,1993,67.84490372749535
Democratic People's Republic of Korea,Male,1994,67.93362047992892
Democratic People's Republic of Korea,Male,1995,61.94922469438647
Democratic People's Republic of Korea,Male,1996,61.88248383091126
Democratic People's Republic of Korea,Male,1997,61.84887255076899
Democratic People's Republic of Korea,Male,1998,61.82003106033081
Democratic People's Republic of Korea,Male,1999,65.64769997459409
Democratic People's Republic of Korea,Male,2000,65.73366875555233
Democratic People's Republic of Korea,Male,2001,65.79805389608511
Democratic People's Republic of Korea,Male,2002,65.88794975921125
Democratic People's Republic of Korea,Male,2003,68.58452853384533
Democratic People's Republic of Korea,Male,2004,68.70855162582906
Democratic People's Republic of Korea,Male,2005,68.88250910517469
Democratic People's Republic of Korea,Male,2006,69.03389639593158
Democratic People's Republic of Korea,Male,2007,69.15058298110579
Democratic People's Republic of Korea,Male,2008,69.38790752101347
Democratic People's Republic of Korea,Male,2009,69.57893271266109
Democratic People's Republic of Korea,Male,2010,69.71060003411083
Democratic People's Republic of Korea,Male,2011,69.8316807282133
Democratic People's Republic of Korea,Male,2012,69.96146315091751
Democratic People's Republic of Korea,Male,2013,70.11094909330136
Democratic People's Republic of Korea,Male,2014,70.31043839588422
Democratic People's Republic of Korea,Male,2015,70.48683308828907
Democratic People's Republic of Korea,Male,2016,70.62561134445029
Democratic People's Republic of Korea,Male,2017,70.77068590536908
Democratic People's Republic of Korea,Male,2018,70.90537891382682
Democratic People's Republic of Korea,Male,2019,71.06942486011354
Democratic People's Republic of Korea,Male,2020,71.03053357765621
Democratic People's Republic of Korea,Male,2021,71.25929430892283
Democratic People's Republic of Korea,Male,2022,71.24877003965432
Democratic People's Republic of Korea,Male,2023,71.3452393231487
Democratic Republic of the Congo,Female,1990,54.57611013183412
Democratic Republic of the Congo,Female,1991,54.41327520157858
Democratic Republic of the Congo,Female,1992,54.46179059877485
Democratic Republic of the Congo,Female,1993,54.33618250587729
Democratic Republic of the Congo,Female,1994,54.206211135561965
Democratic Republic of the Congo,Female,1995,54.34371854910353
Democratic Republic of the Congo,Female,1996,53.69337959765307
Democratic Republic of the Congo,Female,1997,54.25857854822696
Democratic Republic of the Congo,Female,1998,54.34280743567474
Democratic Republic of the Congo,Female,1999,54.35283232530688
Democratic Republic of the Congo,Female,2000,54.48009243034925
Democratic Republic of the Congo,Female,2001,54.70316228653198
Democratic Republic of the Congo,Female,2002,54.67594477536842
Democratic Republic of the Congo,Female,2003,55.01915370214381
Democratic Republic of the Congo,Female,2004,55.55553445314618
Democratic Republic of the Congo,Female,2005,56.11830532904908
Democratic Republic of the Congo,Female,2006,56.57738679691333
Democratic Republic of the Congo,Female,2007,57.06571935448393
Democratic Republic of the Congo,Female,2008,57.44433504398816
Democratic Republic of the Congo,Female,2009,57.896531882196655
Democratic Republic of the Congo,Female,2010,58.47622217114153
Democratic Republic of the Congo,Female,2011,58.97402303086261
Democratic Republic of the Congo,Female,2012,59.49371727986643
Democratic Republic of the Congo,Female,2013,60.0534334949275
Democratic Republic of the Congo,Female,2014,60.50368139667728
Democratic Republic of the Congo,Female,2015,60.959015473893785
Democratic Republic of the Congo,Female,2016,61.402490759973894
Democratic Republic of the Congo,Female,2017,61.78245983451741
Democratic Republic of the Congo,Female,2018,62.05931854709556
Democratic Republic of the Congo,Female,2019,62.0825929857316
Democratic Republic of the Congo,Female,2020,61.54197530526925
Democratic Republic of the Congo,Female,2021,61.61162771124945
Democratic Republic of the Congo,Female,2022,62.17117231428249
Democratic Republic of the Congo,Female,2023,62.62687782535533
Democratic Republic of the Congo,Male,1990,49.948747526033635
Democratic Republic of the Congo,Male,1991,49.88547055073921
Democratic Republic of the Congo,Male,1992,49.9768939561628
Democratic Republic of the Congo,Male,1993,49.75426404548912
Democratic Republic of the Congo,Male,1994,49.82574727574733
Democratic Republic of the Congo,Male,1995,49.99333880260118
Democratic Republic of the Congo,Male,1996,47.938254871795536
Democratic Republic of the Congo,Male,1997,49.38747248018189
Democratic Republic of the Congo,Male,1998,49.84573401761129
Democratic Republic of the Congo,Male,1999,50.023508607575806
Democratic Republic of the Congo,Male,2000,50.48105108977636
Democratic Republic of the Congo,Male,2001,50.905209587064974
Democratic Republic of the Congo,Male,2002,50.78597139170255
Democratic Republic of the Congo,Male,2003,51.45041808869124
Democratic Republic of the Congo,Male,2004,52.29285097724684
Democratic Republic of the Congo,Male,2005,53.02236042449776
Democratic Republic of the Congo,Male,2006,53.609945511804646
Democratic Republic of the Congo,Male,2007,54.17830107288391
Democratic Republic of the Congo,Male,2008,54.56540835749433
Democratic Republic of the Congo,Male,2009,54.85553287869029
Democratic Republic of the Congo,Male,2010,55.556994243177634
Democratic Republic of the Congo,Male,2011,55.973494374469176
Democratic Republic of the Congo,Male,2012,56.34648049848924
Democratic Republic of the Congo,Male,2013,56.78392589032213
Democratic Republic of the Congo,Male,2014,57.19766545973223
Democratic Republic of the Congo,Male,2015,57.72620601469663
Democratic Republic of the Congo,Male,2016,58.18840532623012
Democratic Republic of the Congo,Male,2017,58.51175103974187
Democratic Republic of the Congo,Male,2018,58.93327811685718
Democratic Republic of the Congo,Male,2019,59.11706438975052
Democratic Republic of the Congo,Male,2020,57.69666551941051
Democratic Republic of the Congo,Male,2021,57.920171015602506
Democratic Republic of the Congo,Male,2022,59.11686828117536
Democratic Republic of the Congo,Male,2023,59.978754898036094
Denmark,Female,1990,77.83107120828043
Denmark,Female,1991,77.92845639884203
Denmark,Female,1992,77.92688079402241
Denmark,Female,1993,77.7529258893902
Denmark,Female,1994,78.01079812566967
Denmark,Female,1995,78.0030122856339
Denmark,Female,1996,78.2534065869688
Denmark,Female,1997,78.54510394947548
Denmark,Female,1998,78.7421642499747
Denmark,Female,1999,78.72809810691844
Denmark,Female,2000,79.11397647190726
Denmark,Female,2001,79.28428656182622
Denmark,Female,2002,79.44732801683256
Denmark,Female,2003,79.73594064870018
Denmark,Female,2004,80.12943405794347
Denmark,Female,2005,80.37748081565636
Denmark,Female,2006,80.48182143660749
Denmark,Female,2007,80.61012374325401
Denmark,Female,2008,80.89207679308647
Denmark,Female,2009,81.06315941923418
Denmark,Female,2010,81.33505588972997
Denmark,Female,2011,81.75982591751058
Denmark,Female,2012,82.02372766468841
Denmark,Female,2013,82.29897319662162
Denmark,Female,2014,82.6088623122516
Denmark,Female,2015,82.69156819940686
Denmark,Female,2016,82.82463914799027
Denmark,Female,2017,82.96360161433593
Denmark,Female,2018,83.08350686185804
Denmark,Female,2019,83.31454733906102
Denmark,Female,2020,83.39553273552127
Denmark,Female,2021,83.30388008383633
Denmark,Female,2022,83.09404288757557
Denmark,Female,2023,83.57272204827908
Denmark,Male,1990,72.23531259179701
Denmark,Male,1991,72.51620498424805
Denmark,Male,1992,72.63108141860269
Denmark,Male,1993,72.58007831919515
Denmark,Male,1994,72.75150821811731
Denmark,Male,1995,72.84682105226624
Denmark,Male,1996,73.18713751341114
Denmark,Male,1997,73.590529166629
Denmark,Male,1998,73.91149893438237
Denmark,Male,1999,74.1705371958518
Denmark,Male,2000,74.58264458827422
Denmark,Male,2001,74.76530977066872
Denmark,Male,2002,74.90680630963035
Denmark,Male,2003,75.12538044348229
Denmark,Male,2004,75.48975900087123
Denmark,Male,2005,75.83338184670002
Denmark,Male,2006,76.02349345464572
Denmark,Male,2007,76.23319246117617
Denmark,Male,2008,76.56707389346143
Denmark,Male,2009,76.82722418906309
Denmark,Male,2010,77.18373889332851
Denmark,Male,2011,77.67606502787845
Denmark,Male,2012,77.9989673566716
Denmark,Male,2013,78.2673924852816
Denmark,Male,2014,78.59672810650788
Denmark,Male,2015,78.79199805342135
Denmark,Male,2016,78.92678568873208
Denmark,Male,2017,79.02031495103759
Denmark,Male,2018,79.13554417402814
Denmark,Male,2019,79.38057537631443
Denmark,Male,2020,79.50744192390128
Denmark,Male,2021,79.50524726476502
Denmark,Male,2022,79.2498463940703
Denmark,Male,2023,79.53134468055401
Djibouti,Female,1990,64.00157972896463
Djibouti,Female,1991,64.43491199842639
Djibouti,Female,1992,64.69175773668094
Djibouti,Female,1993,63.58587327919134
Djibouti,Female,1994,64.00376528753756
Djibouti,Female,1995,64.89482189787098
Djibouti,Female,1996,65.09884948406705
Djibouti,Female,1997,65.06585277112887
Djibouti,Female,1998,64.94898709271425
Djibouti,Female,1999,65.14462675899834
Djibouti,Female,2000,65.12927310734874
Djibouti,Female,2001,65.16522261337218
Djibouti,Female,2002,65.22416323183123
Djibouti,Female,2003,65.75554852615363
Djibouti,Female,2004,65.41877350574099
Djibouti,Female,2005,65.85129599100692
Djibouti,Female,2006,65.9696845722743
Djibouti,Female,2007,66.344376318519
Djibouti,Female,2008,66.49296328866777
Djibouti,Female,2009,66.7543531589283
Djibouti,Female,2010,66.71089503508405
Djibouti,Female,2011,66.9772128035696
Djibouti,Female,2012,67.27811859772332
Djibouti,Female,2013,67.60426405761424
Djibouti,Female,2014,68.15161308637346
Djibouti,Female,2015,68.22430094950687
Djibouti,Female,2016,68.60880494010615
Djibouti,Female,2017,68.81051185004446
Djibouti,Female,2018,69.37622291106507
Djibouti,Female,2019,69.46826373705926
Djibouti,Female,2020,69.10773282250139
Djibouti,Female,2021,67.76106855667933
Djibouti,Female,2022,69.48121639292769
Djibouti,Female,2023,69.92756944684035
Djibouti,Male,1990,59.4482246919547
Djibouti,Male,1991,59.53854891028612
Djibouti,Male,1992,59.98130519269484
Djibouti,Male,1993,59.54451308509482
Djibouti,Male,1994,60.116904451061146
Djibouti,Male,1995,60.72491322289787
Djibouti,Male,1996,60.992901662851054
Djibouti,Male,1997,60.94381976341616
Djibouti,Male,1998,60.82019032678523
Djibouti,Male,1999,61.09403006339067
Djibouti,Male,2000,61.28781648455212
Djibouti,Male,2001,61.3994582419074
Djibouti,Male,2002,61.485715378617115
Djibouti,Male,2003,62.000313010090466
Djibouti,Male,2004,61.88765796330682
Djibouti,Male,2005,62.26779084928767
Djibouti,Male,2006,61.88460881384661
Djibouti,Male,2007,62.86548985561375
Djibouti,Male,2008,63.09422329579073
Djibouti,Male,2009,63.344221606371086
Djibouti,Male,2010,63.519833501396725
Djibouti,Male,2011,63.850224355753106
Djibouti,Male,2012,64.18564691228622
Djibouti,Male,2013,64.51850124242769
Djibouti,Male,2014,64.9589157429088
Djibouti,Male,2015,65.07218416431375
Djibouti,Male,2016,65.55232833063937
Djibouti,Male,2017,65.7400397772577
Djibouti,Male,2018,66.24207736634331
Djibouti,Male,2019,66.3082705034771
Djibouti,Male,2020,65.50687411348237
Djibouti,Male,2021,63.508051562989955
Djibouti,Male,2022,66.53197212606462
Djibouti,Male,2023,67.21293273488587
Dominica,Female,1990,76.81717603313226
Dominica,Female,1991,76.73807806493241
Dominica,Female,1992,76.79926377356891
Dominica,Female,1993,76.83830381265906
Dominica,Female,1994,76.92340608836675
Dominica,Female,1995,76.95065070948489
Dominica,Female,1996,77.17092387877757
Dominica,Female,1997,77.3769197844653
Dominica,Female,1998,77.29343961079819
Dominica,Female,1999,77.66448515205386
Dominica,Female,2000,77.7604488687683
Dominica,Female,2001,77.87977671005086
Dominica,Female,2002,77.9269849050967
Dominica,Female,2003,77.7511478596882
Dominica,Female,2004,77.82784100036046
Dominica,Female,2005,78.02993110963207
Dominica,Female,2006,78.12337070117626
Dominica,Female,2007,77.96056613987672
Dominica,Female,2008,78.24048608053508
Dominica,Female,2009,78.3097270718466
Dominica,Female,2010,78.17016418915767
Dominica,Female,2011,78.34679554847914
Dominica,Female,2012,78.3505058884121
Dominica,Female,2013,78.39490961330024
Dominica,Female,2014,78.44718663384162
Dominica,Female,2015,76.66792842979432
Dominica,Female,2016,78.37009838295498
Dominica,Female,2017,75.32763202362537
Dominica,Female,2018,78.6463642175752
Dominica,Female,2019,78.63001907656285
Dominica,Female,2020,78.09370336239844
Dominica,Female,2021,77.02765099797463
Dominica,Female,2022,78.33373568506556
Dominica,Female,2023,78.74244473704844
Dominica,Male,1990,71.8598275196238
Dominica,Male,1991,71.73366803843524
Dominica,Male,1992,71.58123927268619
Dominica,Male,1993,71.5098913629385
Dominica,Male,1994,71.52016982579417
Dominica,Male,1995,71.53264535787257
Dominica,Male,1996,71.69960209179665
Dominica,Male,1997,72.04424728167426
Dominica,Male,1998,71.39966285543807
Dominica,Male,1999,72.32567048725159
Dominica,Male,2000,72.4224741647604
Dominica,Male,2001,72.56908088853999
Dominica,Male,2002,72.67054589136937
Dominica,Male,2003,72.68626874801114
Dominica,Male,2004,72.78423116655568
Dominica,Male,2005,72.96226856852066
Dominica,Male,2006,73.05268623263774
Dominica,Male,2007,73.00187876347022
Dominica,Male,2008,73.18722640079012
Dominica,Male,2009,73.22340567032035
Dominica,Male,2010,73.03514154123386
Dominica,Male,2011,73.14075586913607
Dominica,Male,2012,73.12796414269363
Dominica,Male,2013,73.16206557231311
Dominica,Male,2014,73.1736414176642
Dominica,Male,2015,72.26883451826076
Dominica,Male,2016,73.01006315991965
Dominica,Male,2017,71.66899312264549
Dominica,Male,2018,73.50023347382817
Dominica,Male,2019,73.54265469841042
Dominica,Male,2020,72.86378123069238
Dominica,Male,2021,71.8997962057776
Dominica,Male,2022,73.31781964046617
Dominica,Male,2023,73.80649900314998
Dominican Republic,Female,1990,73.43968812335451
Dominican Republic,Female,1991,73.90181873025412
Dominican Republic,Female,1992,74.31960051598169
Dominican Republic,Female,1993,74.70688395384589
Dominican Republic,Female,1994,75.18271871331977
Dominican Republic,Female,1995,75.60569883740335
Dominican Republic,Female,1996,75.86733259460398
Dominican Republic,Female,1997,76.27912908637379
Dominican Republic,Female,1998,76.51731749429898
Dominican Republic,Female,1999,77.04653211414805
Dominican Republic,Female,2000,77.27498619960419
Dominican Republic,Female,2001,77.43829333606158
Dominican Republic,Female,2002,77.6892393310785
Dominican Republic,Female,2003,77.73037877264804
Dominican Republic,Female,2004,77.44109331636943
Dominican Republic,Female,2005,77.85044439495356
Dominican Republic,Female,2006,78.01723832700345
Dominican Republic,Female,2007,78.0776846182451
Dominican Republic,Female,2008,78.20987086973811
Dominican Republic,Female,2009,78.21374624134639
Dominican Republic,Female,2010,78.17795977359721
Dominican Republic,Female,2011,77.95947592474977
Dominican Republic,Female,2012,77.72899110805469
Dominican Republic,Female,2013,77.67259174636104
Dominican Republic,Female,2014,77.57483635061539
Dominican Republic,Female,2015,77.34354251290654
Dominican Republic,Female,2016,77.13045251070858
Dominican Republic,Female,2017,77.02011678616239
Dominican Republic,Female,2018,76.88190132682507
Dominican Republic,Female,2019,76.78123321579235
Dominican Republic,Female,2020,75.95618156254064
Dominican Republic,Female,2021,75.86233463309641
Dominican Republic,Female,2022,75.93172407307998
Dominican Republic,Female,2023,76.35728091134466
Dominican Republic,Male,1990,68.4214661378049
Dominican Republic,Male,1991,68.75604805296761
Dominican Republic,Male,1992,69.06846151200853
Dominican Republic,Male,1993,69.40619649823785
Dominican Republic,Male,1994,69.63932644421081
Dominican Republic,Male,1995,69.9317597975258
Dominican Republic,Male,1996,69.87849973690273
Dominican Republic,Male,1997,70.24337952873512
Dominican Republic,Male,1998,70.39972071389272
Dominican Republic,Male,1999,70.71785627959933
Dominican Republic,Male,2000,71.00833798443263
Dominican Republic,Male,2001,71.24274889757491
Dominican Republic,Male,2002,71.46702810876073
Dominican Republic,Male,2003,71.63147173370788
Dominican Republic,Male,2004,71.55898683404992
Dominican Republic,Male,2005,71.89474184515424
Dominican Republic,Male,2006,72.06887965290994
Dominican Republic,Male,2007,72.13768246022127
Dominican Republic,Male,2008,72.2604956175361
Dominican Republic,Male,2009,72.24253776752144
Dominican Republic,Male,2010,72.140807940609875
Dominican Republic,Male,2011,71.86297962715891
Dominican Republic,Male,2012,71.55255635541843
Dominican Republic,Male,2013,71.44187670059316
Dominican Republic,Male,2014,71.33694360731855
Dominican Republic,Male,2015,71.06414818661688
Dominican Republic,Male,2016,70.83327613863194
Dominican Republic,Male,2017,70.70869056682369
Dominican Republic,Male,2018,70.56016845896428
Dominican Republic,Male,2019,70.40456623124473
Dominican Republic,Male,2020,68.50854839361388
Dominican Republic,Male,2021,68.97156943817733
Dominican Republic,Male,2022,69.18303540636708
Dominican Republic,Male,2023,69.923833042166
Ecuador,Female,1990,73.26906048386486
Ecuador,Female,1991,73.14562397798807
Ecuador,Female,1992,73.43444620709126
Ecuador,Female,1993,73.73329297287077
Ecuador,Female,1994,74.17269121477216
Ecuador,Female,1995,74.59227873094949
Ecuador,Female,1996,74.57355056054334
Ecuador,Female,1997,74.6992429494984
Ecuador,Female,1998,74.67717073173085
Ecuador,Female,1999,74.6070061900462
Ecuador,Female,2000,74.61433670963271
Ecuador,Female,2001,74.93190248902607
Ecuador,Female,2002,75.27413947162837
Ecuador,Female,2003,75.74369554170966
Ecuador,Female,2004,76.1436106363608
Ecuador,Female,2005,76.250453762096
Ecuador,Female,2006,76.59300331492607
Ecuador,Female,2007,77.03498315032587
Ecuador,Female,2008,77.5488164192327
Ecuador,Female,2009,78.07415771664928
Ecuador,Female,2010,78.51642601193892
Ecuador,Female,2011,78.87334854625865
Ecuador,Female,2012,79.27700440852085
Ecuador,Female,2013,79.82308223277641
Ecuador,Female,2014,80.31359905414345
Ecuador,Female,2015,80.67473486250033
Ecuador,Female,2016,80.66143986310496
Ecuador,Female,2017,80.97123703151355
Ecuador,Female,2018,81.10436528153974
Ecuador,Female,2019,80.99929737082728
Ecuador,Female,2020,77.38147042021902
Ecuador,Female,2021,77.93629063578982
Ecuador,Female,2022,79.75168087166664
Ecuador,Female,2023,79.89058672465119
Ecuador,Male,1990,68.74414018977967
Ecuador,Male,1991,68.44135624683611
Ecuador,Male,1992,68.66851864579678
Ecuador,Male,1993,68.9351102320074
Ecuador,Male,1994,69.21884285525303
Ecuador,Male,1995,69.548747756917
Ecuador,Male,1996,69.4719700091368
Ecuador,Male,1997,69.44305534166932
Ecuador,Male,1998,69.22434478016828
Ecuador,Male,1999,69.0075989106003
Ecuador,Male,2000,69.08114828742049
Ecuador,Male,2001,69.31987179187104
Ecuador,Male,2002,69.66415181132376
Ecuador,Male,2003,70.07187262542082
Ecuador,Male,2004,70.3324258137817
Ecuador,Male,2005,70.48754183322355
Ecuador,Male,2006,70.76899594827412
Ecuador,Male,2007,71.27597509870532
Ecuador,Male,2008,71.87110864972392
Ecuador,Male,2009,72.51533828765322
Ecuador,Male,2010,73.17319045844373
Ecuador,Male,2011,73.76973770350219
Ecuador,Male,2012,74.49716181888978
Ecuador,Male,2013,75.28359076033895
Ecuador,Male,2014,75.95916822811324
Ecuador,Male,2015,76.37355662173198
Ecuador,Male,2016,76.43859314902608
Ecuador,Male,2017,76.64272735840802
Ecuador,Male,2018,76.68561260588471
Ecuador,Male,2019,76.51957698476917
Ecuador,Male,2020,70.35231635096476
Ecuador,Male,2021,71.72437181076434
Ecuador,Male,2022,73.6592056333019
Ecuador,Male,2023,73.59409083781831
Egypt,Female,1990,64.65768161170573
Egypt,Female,1991,65.38073485912587
Egypt,Female,1992,65.90892166746615
Egypt,Female,1993,66.23428766061954
Egypt,Female,1994,66.60286176657937
Egypt,Female,1995,67.04352269955459
Egypt,Female,1996,67.27161814447831
Egypt,Female,1997,67.3719310716591
Egypt,Female,1998,67.53441503663423
Egypt,Female,1999,68.08505635475395
Egypt,Female,2000,68.65074398414657
Egypt,Female,2001,68.6464390864371
Egypt,Female,2002,68.5663930675191
Egypt,Female,2003,68.59686535729185
Egypt,Female,2004,68.90761352160251
Egypt,Female,2005,69.26123691291531
Egypt,Female,2006,69.37538525742364
Egypt,Female,2007,69.5694939624259
Egypt,Female,2008,69.63491606789917
Egypt,Female,2009,69.72454003480537
Egypt,Female,2010,69.86973054908636
Egypt,Female,2011,70.11134562974914
Egypt,Female,2012,70.09017548752801
Egypt,Female,2013,70.50005034338764
Egypt,Female,2014,70.47922925177751
Egypt,Female,2015,70.26571961305345
Egypt,Female,2016,70.79756583084207
Egypt,Female,2017,71.25612013347124
Egypt,Female,2018,71.41518781846929
Egypt,Female,2019,71.69178894753156
Egypt,Female,2020,70.25571746025678
Egypt,Female,2021,69.2550882754958
Egypt,Female,2022,70.56150572571624
Egypt,Female,2023,71.07249666679813
Egypt,Male,1990,62.96348349460548
Egypt,Male,1991,63.673452168902195
Egypt,Male,1992,64.26153873096408
Egypt,Male,1993,64.36492939260717
Egypt,Male,1994,64.45371397780735
Egypt,Male,1995,64.79539742233014
Egypt,Male,1996,65.23600322036077
Egypt,Male,1997,65.43651337982133
Egypt,Male,1998,65.63765576842505
Egypt,Male,1999,65.90101576066158
Egypt,Male,2000,66.21444159516957
Egypt,Male,2001,66.14780855859021
Egypt,Male,2002,66.09779917986256
Egypt,Male,2003,66.17072830450833
Egypt,Male,2004,66.52127803041176
Egypt,Male,2005,66.93012324323317
Egypt,Male,2006,67.02803653258202
Egypt,Male,2007,67.26444087998277
Egypt,Male,2008,67.3889938180724
Egypt,Male,2009,67.49382345647793
Egypt,Male,2010,67.63254479628581
Egypt,Male,2011,67.65463046080097
Egypt,Male,2012,67.6708268912359
Egypt,Male,2013,68.01481112361326
Egypt,Male,2014,68.11695631090896
Egypt,Male,2015,67.93971639441197
Egypt,Male,2016,68.449860721443
Egypt,Male,2017,68.94299698756487
Egypt,Male,2018,69.19224014600015
Egypt,Male,2019,69.51701767385353
Egypt,Male,2020,68.0923030816169
Egypt,Male,2021,67.5774457224406
Egypt,Male,2022,68.76044853161875
Egypt,Male,2023,69.12653162952057
El Salvador,Female,1990,73.29108297551166
El Salvador,Female,1991,73.70249032273699
El Salvador,Female,1992,74.05268596005709
El Salvador,Female,1993,74.2408662934409
El Salvador,Female,1994,74.39491362738251
El Salvador,Female,1995,74.77434735099575
El Salvador,Female,1996,74.87078434498359
El Salvador,Female,1997,75.03980432547407
El Salvador,Female,1998,75.06504689853827
El Salvador,Female,1999,75.85835960911005
El Salvador,Female,2000,76.2905246841488
El Salvador,Female,2001,75.79298649112846
El Salvador,Female,2002,76.84693720128193
El Salvador,Female,2003,76.80338203057252
El Salvador,Female,2004,76.96118499601874
El Salvador,Female,2005,77.0057308646037
El Salvador,Female,2006,77.246647555817745
El Salvador,Female,2007,77.31836356492911
El Salvador,Female,2008,77.44280755951694
El Salvador,Female,2009,77.26015735021764
El Salvador,Female,2010,77.70263422280549
El Salvador,Female,2011,77.79206370657425
El Salvador,Female,2012,77.24152121111338
El Salvador,Female,2013,77.00815280629686
El Salvador,Female,2014,76.720674604785
El Salvador,Female,2015,76.5694619011813
El Salvador,Female,2016,77.3036483725364
El Salvador,Female,2017,77.37695031680865
El Salvador,Female,2018,77.45075746991877
El Salvador,Female,2019,77.22383097718844
El Salvador,Female,2020,75.85999429669356
El Salvador,Female,2021,74.87914045534242
El Salvador,Female,2022,76.46476478417074
El Salvador,Female,2023,76.76603694646433
El Salvador,Male,1990,63.929823283342714
El Salvador,Male,1991,63.87416699004759
El Salvador,Male,1992,64.79785649947317
El Salvador,Male,1993,64.95040143273441
El Salvador,Male,1994,65.09752943629381
El Salvador,Male,1995,65.48584139891699
El Salvador,Male,1996,65.92772010580198
El Salvador,Male,1997,66.1304966776557
El Salvador,Male,1998,66.24797393626983
El Salvador,Male,1999,66.97486359360452
El Salvador,Male,2000,67.42953638691796
El Salvador,Male,2001,67.55601906284528
El Salvador,Male,2002,68.21648064272576
El Salvador,Male,2003,68.01694098593777
El Salvador,Male,2004,67.84622954426536
El Salvador,Male,2005,67.71364400922806
El Salvador,Male,2006,67.71108599659138
El Salvador,Male,2007,67.9003126713565
El Salvador,Male,2008,68.21842891113342
El Salvador,Male,2009,68.31504264608624
El Salvador,Male,2010,69.0199456713809
El Salvador,Male,2011,69.56079746197963
El Salvador,Male,2012,66.67176118314734
El Salvador,Male,2013,66.53824897707793
El Salvador,Male,2014,65.63188193510729
El Salvador,Male,2015,64.6758432214425
El Salvador,Male,2016,67.24654752144309
El Salvador,Male,2017,67.38573788449476
El Salvador,Male,2018,67.57556387501222
El Salvador,Male,2019,67.88403076318846
El Salvador,Male,2020,66.40100276393522
El Salvador,Male,2021,65.7998175612393
El Salvador,Male,2022,68.46677704454346
El Salvador,Male,2023,68.99045461310654
Equatorial Guinea,Female,1990,52.47805039356111
Equatorial Guinea,Female,1991,52.75083805206204
Equatorial Guinea,Female,1992,53.160009461263435
Equatorial Guinea,Female,1993,53.48448810884231
Equatorial Guinea,Female,1994,53.89732037854744
Equatorial Guinea,Female,1995,54.08119265144521
Equatorial Guinea,Female,1996,54.54320570145675
Equatorial Guinea,Female,1997,55.73201102476999
Equatorial Guinea,Female,1998,56.54723600251039
Equatorial Guinea,Female,1999,57.16620481500474
Equatorial Guinea,Female,2000,57.74992095138647
Equatorial Guinea,Female,2001,58.57696849325707
Equatorial Guinea,Female,2002,59.29464552107544
Equatorial Guinea,Female,2003,59.84013464437367
Equatorial Guinea,Female,2004,60.37733675424723
Equatorial Guinea,Female,2005,60.71462693268128
Equatorial Guinea,Female,2006,61.5166313282901
Equatorial Guinea,Female,2007,62.13449832510239
Equatorial Guinea,Female,2008,62.31309926531125
Equatorial Guinea,Female,2009,61.9586358205644
Equatorial Guinea,Female,2010,61.86727798817803
Equatorial Guinea,Female,2011,62.38109504811643
Equatorial Guinea,Female,2012,63.350281147142184
Equatorial Guinea,Female,2013,64.02185271877941
Equatorial Guinea,Female,2014,64.5911676933485
Equatorial Guinea,Female,2015,64.66302732672557
Equatorial Guinea,Female,2016,64.67457576544591
Equatorial Guinea,Female,2017,64.93348166365384
Equatorial Guinea,Female,2018,65.0931945981036
Equatorial Guinea,Female,2019,65.13157076922312
Equatorial Guinea,Female,2020,63.22254900839035
Equatorial Guinea,Female,2021,62.82966256568694
Equatorial Guinea,Female,2022,63.691910006596046
Equatorial Guinea,Female,2023,63.8711381994801
Equatorial Guinea,Male,1990,45.91085639363261
Equatorial Guinea,Male,1991,46.12526453056784
Equatorial Guinea,Male,1992,46.42236797796082
Equatorial Guinea,Male,1993,46.693941561600774
Equatorial Guinea,Male,1994,47.0148120094723
Equatorial Guinea,Male,1995,47.254160737533994
Equatorial Guinea,Male,1996,47.68140745526994
Equatorial Guinea,Male,1997,48.7688091797401
Equatorial Guinea,Male,1998,49.548325434610994
Equatorial Guinea,Male,1999,50.280056993859155
Equatorial Guinea,Male,2000,50.98690872514915
Equatorial Guinea,Male,2001,51.89851073093799
Equatorial Guinea,Male,2002,52.64068576693041
Equatorial Guinea,Male,2003,53.29890837448123
Equatorial Guinea,Male,2004,53.85835263441988
Equatorial Guinea,Male,2005,53.962890653989774
Equatorial Guinea,Male,2006,55.06765135061292
Equatorial Guinea,Male,2007,55.70498136949369
Equatorial Guinea,Male,2008,56.1222760377541
Equatorial Guinea,Male,2009,56.47923256422148
Equatorial Guinea,Male,2010,56.79716162501573
Equatorial Guinea,Male,2011,57.25720664123647
Equatorial Guinea,Male,2012,57.96808017221767
Equatorial Guinea,Male,2013,58.4886942665748
Equatorial Guinea,Male,2014,58.81776302398579
Equatorial Guinea,Male,2015,58.77256643632867
Equatorial Guinea,Male,2016,58.540209444476226
Equatorial Guinea,Male,2017,58.6971489933791
Equatorial Guinea,Male,2018,58.89025958263142
Equatorial Guinea,Male,2019,58.946830776544154
Equatorial Guinea,Male,2020,56.82152832713317
Equatorial Guinea,Male,2021,56.79040682656378
Equatorial Guinea,Male,2022,58.23301857482302
Equatorial Guinea,Male,2023,58.55492687396936
Eritrea,Female,1990,50.28681270770044
Eritrea,Female,1991,50.840224802089864
Eritrea,Female,1992,53.52129833298809
Eritrea,Female,1993,54.23977535044613
Eritrea,Female,1994,55.07875276926256
Eritrea,Female,1995,55.709547453949305
Eritrea,Female,1996,56.381556740491
Eritrea,Female,1997,56.99843654775902
Eritrea,Female,1998,57.422366601946386
Eritrea,Female,1999,57.19373514140452
Eritrea,Female,2000,58.19798950144681
Eritrea,Female,2001,59.07910926473125
Eritrea,Female,2002,59.414935598915065
Eritrea,Female,2003,59.85624746618867
Eritrea,Female,2004,60.24251043658636
Eritrea,Female,2005,60.63898857921273
Eritrea,Female,2006,60.9994595149497
Eritrea,Female,2007,61.310481079241754
Eritrea,Female,2008,61.43946447218622
Eritrea,Female,2009,61.56638937909508
Eritrea,Female,2010,61.79749719375353
Eritrea,Female,2011,62.13250297345208
Eritrea,Female,2012,62.37892924498741
Eritrea,Female,2013,62.601279533709274
Eritrea,Female,2014,63.14660971146687
Eritrea,Female,2015,63.23479037592408
Eritrea,Female,2016,63.47537138823179
Eritrea,Female,2017,63.61929319641215
Eritrea,Female,2018,63.8417554213207
Eritrea,Female,2019,64.06234051665908
Eritrea,Female,2020,63.92491014687218
Eritrea,Female,2021,64.08742340203405
Eritrea,Female,2022,63.6498853992504
Eritrea,Female,2023,64.498680615399
Eritrea,Male,1990,40.46392166802042
Eritrea,Male,1991,41.273955742020256
Eritrea,Male,1992,48.807660460571384
Eritrea,Male,1993,49.61670503930176
Eritrea,Male,1994,50.625982077550645
Eritrea,Male,1995,51.44042929804631
Eritrea,Male,1996,52.19348884692125
Eritrea,Male,1997,52.98619191864828
Eritrea,Male,1998,53.09247670701421
Eritrea,Male,1999,51.387557883291976
Eritrea,Male,2000,53.59980233319604
Eritrea,Male,2001,55.39591856114603
Eritrea,Male,2002,55.801125666016226
Eritrea,Male,2003,56.223174939654626
Eritrea,Male,2004,56.66158818889629
Eritrea,Male,2005,57.042136299076375
Eritrea,Male,2006,57.462750037712745
Eritrea,Male,2007,57.76187261365966
Eritrea,Male,2008,57.861966677191056
Eritrea,Male,2009,58.021168356535405
Eritrea,Male,2010,58.25185849913081
Eritrea,Male,2011,58.590425848219375
Eritrea,Male,2012,58.889898051416345
Eritrea,Male,2013,59.1407728046325
Eritrea,Male,2014,59.636081835591355
Eritrea,Male,2015,59.781906432279015
Eritrea,Male,2016,60.071165563748195
Eritrea,Male,2017,60.28693521524908
Eritrea,Male,2018,60.553857294337966
Eritrea,Male,2019,60.855736493655336
Eritrea,Male,2020,60.22681231094261
Eritrea,Male,2021,60.15451249224883
Eritrea,Male,2022,59.118025225230326
Eritrea,Male,2023,61.28423725270068
Estonia,Female,1990,74.88161260904458
Estonia,Female,1991,74.78197026180936
Estonia,Female,1992,74.69784904767168
Estonia,Female,1993,74.56473500423368
Estonia,Female,1994,73.99159268286081
Estonia,Female,1995,74.7977899543909
Estonia,Female,1996,75.22538864997985
Estonia,Female,1997,75.57264636316083
Estonia,Female,1998,75.78238098260037
Estonia,Female,1999,76.09367850259473
Estonia,Female,2000,76.40566656112962
Estonia,Female,2001,76.74563101189729
Estonia,Female,2002,76.99783789399395
Estonia,Female,2003,77.30932995827247
Estonia,Female,2004,77.7415783550399
Estonia,Female,2005,78.165171711412
Estonia,Female,2006,78.62442213942032
Estonia,Female,2007,78.98719436256339
Estonia,Female,2008,79.36189753419018
Estonia,Female,2009,79.79092558833943
Estonia,Female,2010,80.26074349419571
Estonia,Female,2011,80.72298283635405
Estonia,Female,2012,81.0155704894689
Estonia,Female,2013,81.25413510042459
Estonia,Female,2014,81.54477801225921
Estonia,Female,2015,81.81212449923498
Estonia,Female,2016,81.93997885306729
Estonia,Female,2017,82.1868070233027
Estonia,Female,2018,82.45087923057775
Estonia,Female,2019,82.76459995009789
Estonia,Female,2020,82.56700087446131
Estonia,Female,2021,81.52386200437554
Estonia,Female,2022,82.10857482980663
Estonia,Female,2023,82.88042305317407
Estonia,Male,1990,64.82435689389726
Estonia,Male,1991,64.26009216942327
Estonia,Male,1992,63.49235616637036
Estonia,Male,1993,62.84442097382043
Estonia,Male,1994,62.017124844313734
Estonia,Male,1995,62.67422160945648
Estonia,Male,1996,63.37574442982653
Estonia,Male,1997,64.02954429967946
Estonia,Male,1998,64.47190597742187
Estonia,Male,1999,64.87793734641268
Estonia,Male,2000,65.28784011089971
Estonia,Male,2001,65.6500016465808
Estonia,Male,2002,65.9878219133496
Estonia,Male,2003,66.3448366621943
Estonia,Male,2004,66.7901097851578
Estonia,Male,2005,67.17323690070855
Estonia,Male,2006,67.62151523747366
Estonia,Male,2007,68.1497848879608
Estonia,Male,2008,68.84671441962968
Estonia,Male,2009,69.62109208319961
Estonia,Male,2010,70.32908010976051
Estonia,Male,2011,71.03573865889413
Estonia,Male,2012,71.48603900841246
Estonia,Male,2013,72.05228477417471
Estonia,Male,2014,72.40788926050156
Estonia,Male,2015,72.87873130100535
Estonia,Male,2016,73.1920832321875
Estonia,Male,2017,73.55938729876974
Estonia,Male,2018,73.9273767122894
Estonia,Male,2019,74.33866116685721
Estonia,Male,2020,74.0811060239933
Estonia,Male,2021,72.93954601887413
Estonia,Male,2022,73.28290944172736
Estonia,Male,2023,74.19981054251957
Eswatini,Female,1990,60.64140176598258
Eswatini,Female,1991,61.005043318150605
Eswatini,Female,1992,61.17938719206436
Eswatini,Female,1993,61.53481250347357
Eswatini,Female,1994,61.52376040135518
Eswatini,Female,1995,61.35840127293986
Eswatini,Female,1996,60.679690049030015
Eswatini,Female,1997,59.890983415707154
Eswatini,Female,1998,58.48436758657339
Eswatini,Female,1999,56.49494441074284
Eswatini,Female,2000,53.8770429606842
Eswatini,Female,2001,50.767530375533234
Eswatini,Female,2002,48.31412373242752
Eswatini,Female,2003,45.20903110071402
Eswatini,Female,2004,42.53321332494212
Eswatini,Female,2005,41.69610667816893
Eswatini,Female,2006,42.88777601177836
Eswatini,Female,2007,45.40593245057036
Eswatini,Female,2008,47.62554917592357
Eswatini,Female,2009,48.91579779011325
Eswatini,Female,2010,51.4426600075908
Eswatini,Female,2011,53.89043538332421
Eswatini,Female,2012,54.96866557082754
Eswatini,Female,2013,55.93253817061921
Eswatini,Female,2014,56.91588771276463
Eswatini,Female,2015,57.964245930734094
Eswatini,Female,2016,59.05516982354324
Eswatini,Female,2017,59.98727284278122
Eswatini,Female,2018,60.65702823964052
Eswatini,Female,2019,61.02330299296128
Eswatini,Female,2020,58.12941715552387
Eswatini,Female,2021,56.43903996597657
Eswatini,Female,2022,60.651203909647016
Eswatini,Female,2023,62.40225981515358
Eswatini,Male,1990,52.51950201464275
Eswatini,Male,1991,52.812937166103495
Eswatini,Male,1992,52.94704852141765
Eswatini,Male,1993,53.17381276884753
Eswatini,Male,1994,53.12665341097442
Eswatini,Male,1995,52.9095927694153
Eswatini,Male,1996,52.23364792997722
Eswatini,Male,1997,51.49492566253716
Eswatini,Male,1998,50.26817891108421
Eswatini,Male,1999,48.63413704603245
Eswatini,Male,2000,46.57260273333563
Eswatini,Male,2001,44.257697973306726
Eswatini,Male,2002,42.65478184760303
Eswatini,Male,2003,40.79142433334575
Eswatini,Male,2004,39.40314114544971
Eswatini,Male,2005,39.54720991376245
Eswatini,Male,2006,41.02085095888616
Eswatini,Male,2007,41.78921022911333
Eswatini,Male,2008,41.870191974225534
Eswatini,Male,2009,42.47672272508033
Eswatini,Male,2010,45.0414186487733
Eswatini,Male,2011,47.7503802344184
Eswatini,Male,2012,49.03624886626845
Eswatini,Male,2013,50.56625910836286
Eswatini,Male,2014,52.33823054114691
Eswatini,Male,2015,53.94025917045143
Eswatini,Male,2016,55.50106770826361
Eswatini,Male,2017,56.441962513318366
Eswatini,Male,2018,56.77947858077963
Eswatini,Male,2019,57.04758461531942
Eswatini,Male,2020,55.68676216522255
Eswatini,Male,2021,54.50497590669292
Eswatini,Male,2022,57.653359343371065
Eswatini,Male,2023,58.81425871913392
Ethiopia,Female,1990,48.018565258539944
Ethiopia,Female,1991,48.63486016645706
Ethiopia,Female,1992,48.82854346453221
Ethiopia,Female,1993,48.98327014408481
Ethiopia,Female,1994,49.15326704859216
Ethiopia,Female,1995,49.42104753720304
Ethiopia,Female,1996,49.85781596339019
Ethiopia,Female,1997,50.38585458424601
Ethiopia,Female,1998,50.955849772006296
Ethiopia,Female,1999,51.27825836892016
Ethiopia,Female,2000,51.96072962051773
Ethiopia,Female,2001,53.37931142723904
Ethiopia,Female,2002,54.325309192886294
Ethiopia,Female,2003,55.26155221104958
Ethiopia,Female,2004,56.288310446027296
Ethiopia,Female,2005,57.32045279008528
Ethiopia,Female,2006,58.3521190784445
Ethiopia,Female,2007,59.554267634325875
Ethiopia,Female,2008,60.57171230184154
Ethiopia,Female,2009,61.55960652306974
Ethiopia,Female,2010,62.44124836528827
Ethiopia,Female,2011,63.17048240138027
Ethiopia,Female,2012,63.829856329377094
Ethiopia,Female,2013,64.37718808458277
Ethiopia,Female,2014,64.89545912329835
Ethiopia,Female,2015,65.35394069666073
Ethiopia,Female,2016,65.71783450052448
Ethiopia,Female,2017,66.07779360726973
Ethiopia,Female,2018,66.33081424973253
Ethiopia,Female,2019,66.58416287639093
Ethiopia,Female,2020,66.45367818680533
Ethiopia,Female,2021,65.52403095388246
Ethiopia,Female,2022,66.61094838823809
Ethiopia,Female,2023,66.71007771226283
Ethiopia,Male,1990,41.45231524423249
Ethiopia,Male,1991,43.47715199306726
Ethiopia,Male,1992,44.2599356915176
Ethiopia,Male,1993,44.68427025768904
Ethiopia,Male,1994,45.09833810414129
Ethiopia,Male,1995,45.606790390021835
Ethiopia,Male,1996,46.345299405780686
Ethiopia,Male,1997,47.106783896696314
Ethiopia,Male,1998,47.87382656750471
Ethiopia,Male,1999,47.47587829361233
Ethiopia,Male,2000,47.80530466304533
Ethiopia,Male,2001,50.70130811692896
Ethiopia,Male,2002,51.71216114984448
Ethiopia,Male,2003,52.72475043535613
Ethiopia,Male,2004,53.7645109953699
Ethiopia,Male,2005,54.79672916326031
Ethiopia,Male,2006,55.73669100892191
Ethiopia,Male,2007,56.7010162183606
Ethiopia,Male,2008,57.48550191282896
Ethiopia,Male,2009,58.20909869924565
Ethiopia,Male,2010,58.90272300186074
Ethiopia,Male,2011,59.48624111785722
Ethiopia,Male,2012,60.005128870188926
Ethiopia,Male,2013,60.47466260155985
Ethiopia,Male,2014,60.90600487273957
Ethiopia,Male,2015,61.25466621951501
Ethiopia,Male,2016,61.567339033233864
Ethiopia,Male,2017,61.94994119024753
Ethiopia,Male,2018,62.231607759869014
Ethiopia,Male,2019,62.56049663408311
Ethiopia,Male,2020,61.37570134328515
Ethiopia,Male,2021,59.40028267237286
Ethiopia,Male,2022,62.4670670613966
Ethiopia,Male,2023,62.95962641770736
Fiji,Female,1990,70.60134017836923
Fiji,Female,1991,70.47953425877598
Fiji,Female,1992,70.3329444222862
Fiji,Female,1993,70.1496330062975
Fiji,Female,1994,70.13338177403197
Fiji,Female,1995,70.02745369267839
Fiji,Female,1996,69.94738333432629
Fiji,Female,1997,69.77129545476525
Fiji,Female,1998,69.86067881122767
Fiji,Female,1999,69.73713631296732
Fiji,Female,2000,69.73926542354945
Fiji,Female,2001,69.84433211264687
Fiji,Female,2002,69.75488722514726
Fiji,Female,2003,69.52189726261739
Fiji,Female,2004,69.54652189635128
Fiji,Female,2005,69.57884882913912
Fiji,Female,2006,69.50962966378121
Fiji,Female,2007,69.4107556855037
Fiji,Female,2008,69.27481247624209
Fiji,Female,2009,69.16091326820585
Fiji,Female,2010,69.19935435322714
Fiji,Female,2011,69.231324281226
Fiji,Female,2012,69.26118832644434
Fiji,Female,2013,69.39838446963537
Fiji,Female,2014,69.51009925615756
Fiji,Female,2015,69.62030971715177
Fiji,Female,2016,69.61003640896313
Fiji,Female,2017,69.94170276401799
Fiji,Female,2018,70.01920432520001
Fiji,Female,2019,70.110224095774
Fiji,Female,2020,69.83090369360387
Fiji,Female,2021,68.02804368667425
Fiji,Female,2022,69.45303253193016
Fiji,Female,2023,69.48350644919492
Fiji,Male,1990,64.69787452695142
Fiji,Male,1991,64.69744469351852
Fiji,Male,1992,64.67401792682455
Fiji,Male,1993,64.63899349938372
Fiji,Male,1994,64.69201219290746
Fiji,Male,1995,64.73134648632097
Fiji,Male,1996,64.77794694154919
Fiji,Male,1997,64.71821047811876
Fiji,Male,1998,64.88313658913619
Fiji,Male,1999,64.81761707959443
Fiji,Male,2000,64.96042000707749
Fiji,Male,2001,65.07756881407009
Fiji,Male,2002,65.13128665835868
Fiji,Male,2003,65.14292773229978
Fiji,Male,2004,65.27678857066934
Fiji,Male,2005,65.37884995327329
Fiji,Male,2006,65.43941017551761
Fiji,Male,2007,65.45605945485123
Fiji,Male,2008,65.46159459481699
Fiji,Male,2009,65.46814655282262
Fiji,Male,2010,65.53251341762513
Fiji,Male,2011,65.62546320842131
Fiji,Male,2012,65.66235486527863
Fiji,Male,2013,65.79527239563518
Fiji,Male,2014,65.89881109807475
Fiji,Male,2015,66.03180878004189
Fiji,Male,2016,66.08476496364409
Fiji,Male,2017,66.31397877424605
Fiji,Male,2018,66.4363371582439
Fiji,Male,2019,66.58052286767122
Fiji,Male,2020,66.34267458121133
Fiji,Male,2021,64.66063312768156
Fiji,Male,2022,65.98338187175024
Fiji,Male,2023,65.97496868978452
Finland,Female,1990,79.13095617882637
Finland,Female,1991,79.3626027465759
Finland,Female,1992,79.52353504796756
Finland,Female,1993,79.63620136339127
Finland,Female,1994,80.11520133311411
Finland,Female,1995,80.31890670216117
Finland,Female,1996,80.55450571438793
Finland,Female,1997,80.72965347633624
Finland,Female,1998,80.93002427105289
Finland,Female,1999,81.13084832944854
Finland,Female,2000,81.28403570724663
Finland,Female,2001,81.52571375123797
Finland,Female,2002,81.64163474087965
Finland,Female,2003,81.9072972341198
Finland,Female,2004,82.31296708858987
Finland,Female,2005,82.59983692941701
Finland,Female,2006,82.77167587757191
Finland,Female,2007,82.94048894763694
Finland,Female,2008,83.04029563146565
Finland,Female,2009,83.20968702193251
Finland,Female,2010,83.32796792158513
Finland,Female,2011,83.51606594690368
Finland,Female,2012,83.60436898987838
Finland,Female,2013,83.78873218950741
Finland,Female,2014,83.91244754530838
Finland,Female,2015,84.07487350253369
Finland,Female,2016,84.17175315559996
Finland,Female,2017,84.29015053905432
Finland,Female,2018,84.45076413133671
Finland,Female,2019,84.63075004309424
Finland,Female,2020,84.58034614176272
Finland,Female,2021,84.51121106635505
Finland,Female,2022,83.74612380251426
Finland,Female,2023,84.2668334631095
Finland,Male,1990,71.13482396361222
Finland,Male,1991,71.46096125603506
Finland,Male,1992,71.73651278652768
Finland,Male,1993,72.19355497384429
Finland,Male,1994,72.75120893400327
Finland,Male,1995,72.89731047674837
Finland,Male,1996,73.16991324054453
Finland,Male,1997,73.45232969299136
Finland,Male,1998,73.56698266062556
Finland,Male,1999,73.88335392075085
Finland,Male,2000,74.31692045782407
Finland,Male,2001,74.69161611174235
Finland,Male,2002,74.95820820027299
Finland,Male,2003,75.20668937088755
Finland,Male,2004,75.49790827703868
Finland,Male,2005,75.70543648009183
Finland,Male,2006,75.88302797619234
Finland,Male,2007,76.08158449238906
Finland,Male,2008,76.40628586220164
Finland,Male,2009,76.61486033446836
Finland,Male,2010,76.87959968917582
Finland,Male,2011,77.2618669345157
Finland,Male,2012,77.60518377909838
Finland,Male,2013,77.93833185542226
Finland,Male,2014,78.24753524252407
Finland,Male,2015,78.49045449383084
Finland,Male,2016,78.58609442792626
Finland,Male,2017,78.81091557578625
Finland,Male,2018,79.00024670330538
Finland,Male,2019,79.22103644255279
Finland,Male,2020,79.13183524443151
Finland,Male,2021,79.19736714712135
Finland,Male,2022,78.59216847292181
Finland,Male,2023,79.16424288277575
France,Female,1990,81.4460044386605
France,Female,1991,81.64896064295344
France,Female,1992,81.90554895322023
France,Female,1993,82.01293955154533
France,Female,1994,82.36091612828955
France,Female,1995,82.38963569017426
France,Female,1996,82.46671906654323
France,Female,1997,82.67420111594264
France,Female,1998,82.58634407035129
France,Female,1999,82.67177603197243
France,Female,2000,82.91707410241588
France,Female,2001,83.053647120182
France,Female,2002,83.10945883907462
France,Female,2003,83.13243462549924
France,Female,2004,83.88913629735478
France,Female,2005,83.98632933989923
France,Female,2006,84.24181227409852
France,Female,2007,84.39352767308144
France,Female,2008,84.39155085034851
France,Female,2009,84.49217567351444
France,Female,2010,84.67629069987744
France,Female,2011,84.9623136000601
France,Female,2012,84.9608908077762
France,Female,2013,85.16421768310968
France,Female,2014,85.42742279096801
France,Female,2015,85.317561425859
France,Female,2016,85.5081996438556
France,Female,2017,85.5980726058634
France,Female,2018,85.71224459916674
France,Female,2019,85.7847817853249
France,Female,2020,85.1659869137473
France,Female,2021,85.642999949351
France,Female,2022,85.27411292321634
France,Female,2023,85.49070650811397
France,Male,1990,73.14910410182239
France,Male,1991,73.28961016624454
France,Male,1992,73.54293033659779
France,Male,1993,73.73741157820992
France,Male,1994,74.1245947119164
France,Male,1995,74.25398740101807
France,Male,1996,74.48264100585524
France,Male,1997,74.88954394852915
France,Male,1998,74.96837089891855
France,Male,1999,75.1740731033691
France,Male,2000,75.44855587584325
France,Male,2001,75.66386408083683
France,Male,2002,75.87561644039802
France,Male,2003,76.0752089636241
France,Male,2004,76.82929881896126
France,Male,2005,76.97802918617721
France,Male,2006,77.35269234883533
France,Male,2007,77.59217137581814
France,Male,2008,77.75405798550304
France,Male,2009,77.94331910302719
France,Male,2010,78.15831752403459
France,Male,2011,78.52098691870177
France,Male,2012,78.7060066707551
France,Male,2013,79.02419593976825
France,Male,2014,79.40854956487902
France,Male,2015,79.30544516829288
France,Male,2016,79.56005587353856
France,Male,2017,79.77412881159333
France,Male,2018,79.95016103385329
France,Male,2019,80.09419263098451
France,Male,2020,79.37214428811171
France,Male,2021,79.82694805189678
France,Male,2022,79.41861987328919
France,Male,2023,79.70249321741204
Gabon,Female,1990,64.4124398091754
Gabon,Female,1991,64.30807733066905
Gabon,Female,1992,64.32502152736815
Gabon,Female,1993,64.39411733197504
Gabon,Female,1994,64.05990146133037
Gabon,Female,1995,63.66957316090817
Gabon,Female,1996,63.19518221093178
Gabon,Female,1997,63.124805106925095
Gabon,Female,1998,62.88485585374763
Gabon,Female,1999,62.77143441055277
Gabon,Female,2000,62.45715105123922
Gabon,Female,2001,62.26377195323355
Gabon,Female,2002,62.21945881404247
Gabon,Female,2003,62.34060051972275
Gabon,Female,2004,62.88931384360619
Gabon,Female,2005,63.838087438921995
Gabon,Female,2006,64.2397476158404
Gabon,Female,2007,64.34005752122171
Gabon,Female,2008,64.53365740064734
Gabon,Female,2009,65.04054627490366
Gabon,Female,2010,65.6088872913385
Gabon,Female,2011,65.94201193425639
Gabon,Female,2012,66.43934989555122
Gabon,Female,2013,66.85219250282358
Gabon,Female,2014,67.18338423681777
Gabon,Female,2015,67.09993154684597
Gabon,Female,2016,67.02562111422303
Gabon,Female,2017,67.01502738659782
Gabon,Female,2018,66.98207655074945
Gabon,Female,2019,67.07141146817442
Gabon,Female,2020,66.04084093634027
Gabon,Female,2021,65.6515163191192
Gabon,Female,2022,67.28376414820183
Gabon,Female,2023,67.77770902773983
Gabon,Male,1990,59.68018475786056
Gabon,Male,1991,59.5183451804857
Gabon,Male,1992,59.932209407584565
Gabon,Male,1993,60.03916458849607
Gabon,Male,1994,60.144042005442536
Gabon,Male,1995,60.1304129960048
Gabon,Male,1996,60.05635955921901
Gabon,Male,1997,60.24800414900903
Gabon,Male,1998,60.34572340273597
Gabon,Male,1999,60.55529992088173
Gabon,Male,2000,60.613794661286455
Gabon,Male,2001,60.75224904295036
Gabon,Male,2002,60.85737366467645
Gabon,Male,2003,61.164181717376216
Gabon,Male,2004,61.65485957893068
Gabon,Male,2005,62.307669644881926
Gabon,Male,2006,62.684747466000545
Gabon,Male,2007,62.88590306773656
Gabon,Male,2008,63.079138746856
Gabon,Male,2009,63.50003437294863
Gabon,Male,2010,63.89928770411879
Gabon,Male,2011,64.18110145057773
Gabon,Male,2012,64.4308000284333
Gabon,Male,2013,64.43918446144238
Gabon,Male,2014,64.7544450696434
Gabon,Male,2015,64.89448584233696
Gabon,Male,2016,64.98438900655528
Gabon,Male,2017,65.19618547441775
Gabon,Male,2018,65.36646076918014
Gabon,Male,2019,65.56483165440274
Gabon,Male,2020,64.79513263070545
Gabon,Male,2021,64.65417618902912
Gabon,Male,2022,66.02739335227321
Gabon,Male,2023,66.42956427208534
Gambia,Female,1990,63.18794524945232
Gambia,Female,1991,63.41185189146718
Gambia,Female,1992,63.22755812555614
Gambia,Female,1993,63.82331187568245
Gambia,Female,1994,64.3109004973627
Gambia,Female,1995,63.6602252884724
Gambia,Female,1996,64.50431116202091
Gambia,Female,1997,64.5105721804513
Gambia,Female,1998,64.55850856511975
Gambia,Female,1999,64.08361514470577
Gambia,Female,2000,64.98210013369949
Gambia,Female,2001,65.71153048297603
Gambia,Female,2002,65.89715241899101
Gambia,Female,2003,65.88648164117902
Gambia,Female,2004,65.39771789978657
Gambia,Female,2005,65.36417636101376
Gambia,Female,2006,65.82023790795803
Gambia,Female,2007,65.95241285562444
Gambia,Female,2008,66.68781619932264
Gambia,Female,2009,66.76018693983076
Gambia,Female,2010,67.47112995102768
Gambia,Female,2011,69.11044928855442
Gambia,Female,2012,69.43571967565275
Gambia,Female,2013,69.40351867172448
Gambia,Female,2014,68.61163139296913
Gambia,Female,2015,69.04668686221116
Gambia,Female,2016,68.67924698246004
Gambia,Female,2017,68.03331869070945
Gambia,Female,2018,68.43066022212435
Gambia,Female,2019,68.07823099960954
Gambia,Female,2020,66.38793213439888
Gambia,Female,2021,65.4731814842085
Gambia,Female,2022,67.75689004104385
Gambia,Female,2023,68.57213155068985
Gambia,Male,1990,58.97397705233767
Gambia,Male,1991,59.205790889442035
Gambia,Male,1992,58.855527549614415
Gambia,Male,1993,59.7277555444624
Gambia,Male,1994,60.068309909825544
Gambia,Male,1995,59.72080167700656
Gambia,Male,1996,60.35774550015768
Gambia,Male,1997,60.23190685153259
Gambia,Male,1998,60.509376192963856
Gambia,Male,1999,60.31805735462767
Gambia,Male,2000,60.99645347136264
Gambia,Male,2001,61.65214284764392
Gambia,Male,2002,61.88714618140587
Gambia,Male,2003,62.0463133101539
Gambia,Male,2004,61.89165381205757
Gambia,Male,2005,62.010387593148955
Gambia,Male,2006,62.527468823995505
Gambia,Male,2007,62.690378059619526
Gambia,Male,2008,63.41971889766687
Gambia,Male,2009,63.614892153762895
Gambia,Male,2010,64.27025492767504
Gambia,Male,2011,65.518755961532
Gambia,Male,2012,65.76933120920809
Gambia,Male,2013,65.72469159078207
Gambia,Male,2014,65.21936818256955
Gambia,Male,2015,65.58783601050729
Gambia,Male,2016,65.37841659703611
Gambia,Male,2017,64.94923688975183
Gambia,Male,2018,65.30885094714239
Gambia,Male,2019,65.21114833608284
Gambia,Male,2020,62.64590180970751
Gambia,Male,2021,62.07181644965151
Gambia,Male,2022,65.09705712197645
Gambia,Male,2023,66.08211959288174
Georgia,Female,1990,73.10759814956381
Georgia,Female,1991,73.24540848579136
Georgia,Female,1992,73.14903809537249
Georgia,Female,1993,73.26190504201513
Georgia,Female,1994,73.99272104903774
Georgia,Female,1995,74.24438356995539
Georgia,Female,1996,74.09460647188637
Georgia,Female,1997,73.87747899597187
Georgia,Female,1998,73.51539985867225
Georgia,Female,1999,73.15717587120747
Georgia,Female,2000,73.0693732607018
Georgia,Female,2001,73.0623885863645
Georgia,Female,2002,73.21729929819111
Georgia,Female,2003,73.84575412004733
Georgia,Female,2004,74.67514839580264
Georgia,Female,2005,75.69997703155938
Georgia,Female,2006,76.56279731619983
Georgia,Female,2007,76.80930275086988
Georgia,Female,2008,76.34424899087908
Georgia,Female,2009,76.4209267470428
Georgia,Female,2010,76.38599386740209
Georgia,Female,2011,76.64354653964581
Georgia,Female,2012,76.77489331109184
Georgia,Female,2013,76.99652274592884
Georgia,Female,2014,77.13815430126904
Georgia,Female,2015,77.35206846822207
Georgia,Female,2016,77.5965047189293
Georgia,Female,2017,77.90689995627515
Georgia,Female,2018,78.31914916469069
Georgia,Female,2019,78.71361415152829
Georgia,Female,2020,77.79404719086807
Georgia,Female,2021,75.54244357613959
Georgia,Female,2022,78.14103174753038
Georgia,Female,2023,79.3953585769284
Georgia,Male,1990,65.07639844542275
Georgia,Male,1991,65.07634122828297
Georgia,Male,1992,64.6619505483304
Georgia,Male,1993,64.24772572344895
Georgia,Male,1994,65.97650382836096
Georgia,Male,1995,66.11809012281648
Georgia,Male,1996,66.06782254261331
Georgia,Male,1997,65.96761707909444
Georgia,Male,1998,65.68756301431306
Georgia,Male,1999,65.66782685683903
Georgia,Male,2000,65.72180504491773
Georgia,Male,2001,65.88234992922712
Georgia,Male,2002,65.95753987012338
Georgia,Male,2003,66.40988763634907
Georgia,Male,2004,66.8118298419654
Georgia,Male,2005,67.1462419079064
Georgia,Male,2006,67.26216617771534
Georgia,Male,2007,66.98025003854109
Georgia,Male,2008,65.90511509604801
Georgia,Male,2009,66.76951949384761
Georgia,Male,2010,66.9709127498241
Georgia,Male,2011,67.32712434346709
Georgia,Male,2012,67.51501705588078
Georgia,Male,2013,67.87122007634942
Georgia,Male,2014,68.09544562304619
Georgia,Male,2015,68.20355830651037
Georgia,Male,2016,68.48452667142502
Georgia,Male,2017,68.77987908537568
Georgia,Male,2018,69.1490208805159
Georgia,Male,2019,69.6637484816833
Georgia,Male,2020,68.65187186592665
Georgia,Male,2021,67.18270073286342
Georgia,Male,2022,68.98347561181026
Georgia,Male,2023,70.07278850730641
Germany,Female,1990,78.61538373577672
Germany,Female,1991,78.83163249668556
Germany,Female,1992,79.18415745145144
Germany,Female,1993,79.28104506583796
Germany,Female,1994,79.55473675769488
Germany,Female,1995,79.81038631433688
Germany,Female,1996,80.00345223387667
Germany,Female,1997,80.32594536070216
Germany,Female,1998,80.5777669890856
Germany,Female,1999,80.7986238886945
Germany,Female,2000,81.12835740896136
Germany,Female,2001,81.41960252706525
Germany,Female,2002,81.51915282289852
Germany,Female,2003,81.63477267754455
Germany,Female,2004,81.95129304715903
Germany,Female,2005,82.06044973552918
Germany,Female,2006,82.29240319366653
Germany,Female,2007,82.50145892422486
Germany,Female,2008,82.59213859316763
Germany,Female,2009,82.68758819815379
Germany,Female,2010,82.80945946048283
Germany,Female,2011,83.00948156174917
Germany,Female,2012,83.11631443544333
Germany,Female,2013,83.10539341970932
Germany,Female,2014,83.3561762833196
Germany,Female,2015,83.18373705244575
Germany,Female,2016,83.3238457746201
Germany,Female,2017,83.4036935320607
Germany,Female,2018,83.41546663663735
Germany,Female,2019,83.59844887530792
Germany,Female,2020,83.41517771651668
Germany,Female,2021,83.11412980926674
Germany,Female,2022,82.90787024114643
Germany,Female,2023,83.3680878815518
Germany,Male,1990,72.14189266558279
Germany,Male,1991,72.30661386552829
Germany,Male,1992,72.67017255807868
Germany,Male,1993,72.80856643940078
Germany,Male,1994,73.13513521342131
Germany,Male,1995,73.37383095331272
Germany,Male,1996,73.68026710475071
Germany,Male,1997,74.14085542194323
Germany,Male,1998,74.53712026829386
Germany,Male,1999,74.8541261709252
Germany,Male,2000,75.20253109668593
Germany,Male,2001,75.61782927987258
Germany,Male,2002,75.80688228892244
Germany,Male,2003,75.96053400870225
Germany,Male,2004,76.42712820295907
Germany,Male,2005,76.66254151274987
Germany,Male,2006,77.0127682118619
Germany,Male,2007,77.26105489065927
Germany,Male,2008,77.46395892974995
Germany,Male,2009,77.58840263264422
Germany,Male,2010,77.76176822051868
Germany,Male,2011,78.11141614808655
Germany,Male,2012,78.27415308987896
Germany,Male,2013,78.28041483956463
Germany,Male,2014,78.56687144479082
Germany,Male,2015,78.34978432655005
Germany,Male,2016,78.52385569877829
Germany,Male,2017,78.67186163180945
Germany,Male,2018,78.68658140846496
Germany,Male,2019,78.90394378482378
Germany,Male,2020,78.62737163310987
Germany,Male,2021,78.19778801228594
Germany,Male,2022,78.19254806526149
Germany,Male,2023,78.50669841730256
Ghana,Female,1990,58.44721518823548
Ghana,Female,1991,58.84089399065037
Ghana,Female,1992,59.062982680653185
Ghana,Female,1993,59.29704528152981
Ghana,Female,1994,59.23920599014758
Ghana,Female,1995,59.69843332952264
Ghana,Female,1996,59.927951022800734
Ghana,Female,1997,59.99875290280108
Ghana,Female,1998,60.35140662046555
Ghana,Female,1999,60.72518869072154
Ghana,Female,2000,60.9781312462128
Ghana,Female,2001,61.35880795665192
Ghana,Female,2002,61.745582021538816
Ghana,Female,2003,62.43594898712336
Ghana,Female,2004,62.94118620035425
Ghana,Female,2005,63.30805408885338
Ghana,Female,2006,63.544615190524986
Ghana,Female,2007,64.07256229402901
Ghana,Female,2008,64.64563199294143
Ghana,Female,2009,65.16257235071375
Ghana,Female,2010,65.57633345041468
Ghana,Female,2011,65.95123079749926
Ghana,Female,2012,66.47044576067066
Ghana,Female,2013,66.85208412952794
Ghana,Female,2014,67.22240034425816
Ghana,Female,2015,67.16495882135115
Ghana,Female,2016,67.3755707043265
Ghana,Female,2017,67.56700330267739
Ghana,Female,2018,67.62069315346996
Ghana,Female,2019,67.72422964663959
Ghana,Female,2020,67.42630611969369
Ghana,Female,2021,66.87939092967018
Ghana,Female,2022,67.7688337793661
Ghana,Female,2023,68.03018372184808
Ghana,Male,1990,54.15762313829766
Ghana,Male,1991,54.51240297701975
Ghana,Male,1992,54.77190329406745
Ghana,Male,1993,55.02475187219969
Ghana,Male,1994,54.85482334421419
Ghana,Male,1995,55.472034873981286
Ghana,Male,1996,55.73811260958099
Ghana,Male,1997,55.76050353820781
Ghana,Male,1998,56.08671359407441
Ghana,Male,1999,56.364417716539464
Ghana,Male,2000,56.51192448820984
Ghana,Male,2001,56.77265013966393
Ghana,Male,2002,57.05845296038896
Ghana,Male,2003,57.53303311730251
Ghana,Male,2004,57.87887922518753
Ghana,Male,2005,58.122891321035866
Ghana,Male,2006,58.29300522589615
Ghana,Male,2007,58.708877592259896
Ghana,Male,2008,59.120719602453015
Ghana,Male,2009,59.48581851933636
Ghana,Male,2010,59.805862825689104
Ghana,Male,2011,60.066513653501694
Ghana,Male,2012,60.38339487032003
Ghana,Male,2013,60.62402578237227
Ghana,Male,2014,60.90221885954157
Ghana,Male,2015,60.890388004074794
Ghana,Male,2016,61.0065035728858
Ghana,Male,2017,61.176831737477414
Ghana,Male,2018,61.44637612826236
Ghana,Male,2019,61.73914640275558
Ghana,Male,2020,61.469178276032025
Ghana,Male,2021,60.91811694148326
Ghana,Male,2022,62.372909693636174
Ghana,Male,2023,62.93165884948278
Greece,Female,1990,79.40907424976164
Greece,Female,1991,79.44757676561564
Greece,Female,1992,79.52546007041055
Greece,Female,1993,79.72507627067903
Greece,Female,1994,79.87620773063816
Greece,Female,1995,79.97514299866695
Greece,Female,1996,80.14504803421367
Greece,Female,1997,80.31684707983283
Greece,Female,1998,80.41339759284861
Greece,Female,1999,80.55627035023016
Greece,Female,2000,80.77291929731042
Greece,Female,2001,81.0914019378479
Greece,Female,2002,81.26091419478804
Greece,Female,2003,81.37725409089495
Greece,Female,2004,81.67412455572584
Greece,Female,2005,81.95601415240041
Greece,Female,2006,82.14490504785338
Greece,Female,2007,82.11235731075708
Greece,Female,2008,82.4597045939933
Greece,Female,2009,82.62614273087438
Greece,Female,2010,82.80622718779134
Greece,Female,2011,82.88275650861397
Greece,Female,2012,82.88305685585954
Greece,Female,2013,83.26819382171611
Greece,Female,2014,83.49921958015192
Greece,Female,2015,83.32626143059782
Greece,Female,2016,83.57095943747697
Greece,Female,2017,83.61706358362358
Greece,Female,2018,83.97983138825398
Greece,Female,2019,84.10116540491923
Greece,Female,2020,83.74401042555678
Greece,Female,2021,82.83872447584054
Greece,Female,2022,83.09259688594553
Greece,Female,2023,83.75724925813496
Greece,Male,1990,74.71957721630014
Greece,Male,1991,74.72862947203963
Greece,Male,1992,74.80542065274638
Greece,Male,1993,74.99934595644311
Greece,Male,1994,75.14951329390608
Greece,Male,1995,75.17043673075379
Greece,Male,1996,75.28509541301395
Greece,Male,1997,75.52816707797233
Greece,Male,1998,75.68521328544382
Greece,Male,1999,75.71600041007714
Greece,Male,2000,75.89394200044396
Greece,Male,2001,76.33027039858766
Greece,Male,2002,76.5305877720476
Greece,Male,2003,76.649951249017107
Greece,Male,2004,76.78904411908351
Greece,Male,2005,76.946153287073
Greece,Male,2006,77.12252931437075
Greece,Male,2007,77.00498274957107
Greece,Male,2008,77.33161397640083
Greece,Male,2009,77.48466647484776
Greece,Male,2010,77.76000405729499
Greece,Male,2011,77.7729114927505
Greece,Male,2012,77.8186795025159
Greece,Male,2013,78.24026904920972
Greece,Male,2014,78.392790932349655
Greece,Male,2015,78.21836560563094
Greece,Male,2016,78.55568938280307
Greece,Male,2017,78.6130531221305
Greece,Male,2018,78.91333342339055
Greece,Male,2019,79.058818705505
Greece,Male,2020,78.67025152404678
Greece,Male,2021,77.56233860532625
Greece,Male,2022,77.6096103299423
Greece,Male,2023,78.25672554343267
Greenland,Female,1990,66.60615839225143
Greenland,Female,1991,66.62674139136692
Greenland,Female,1992,66.6255585724691
Greenland,Female,1993,66.67424341036686
Greenland,Female,1994,66.80112759324211
Greenland,Female,1995,66.7882403432908
Greenland,Female,1996,66.83537987437846
Greenland,Female,1997,66.93692035917307
Greenland,Female,1998,67.13701097964201
Greenland,Female,1999,67.3282335419441
Greenland,Female,2000,67.5937172838896
Greenland,Female,2001,67.78704069735242
Greenland,Female,2002,68.01362797801022
Greenland,Female,2003,68.32369155306809
Greenland,Female,2004,68.78909942049974
Greenland,Female,2005,69.10218061216142
Greenland,Female,2006,69.34502997128743
Greenland,Female,2007,69.63739713838532
Greenland,Female,2008,69.93532362615326
Greenland,Female,2009,70.30552623181119
Greenland,Female,2010,70.62088328255255
Greenland,Female,2011,70.85105488768366
Greenland,Female,2012,71.09294581105979
Greenland,Female,2013,71.36264210980846
Greenland,Female,2014,71.61849504162872
Greenland,Female,2015,71.84885721130027
Greenland,Female,2016,71.96255830183264
Greenland,Female,2017,72.11789270951232
Greenland,Female,2018,72.24981254985303
Greenland,Female,2019,72.49929767822343
Greenland,Female,2020,71.72050487419165
Greenland,Female,2021,71.54768782940393
Greenland,Female,2022,72.58670526539042
Greenland,Female,2023,73.44708258425877
Greenland,Male,1990,60.019898873286806
Greenland,Male,1991,60.17288831468416
Greenland,Male,1992,60.3576113120368
Greenland,Male,1993,60.601147269367296
Greenland,Male,1994,60.877495524827786
Greenland,Male,1995,61.10342147949848
Greenland,Male,1996,61.36980713005229
Greenland,Male,1997,61.60541561890403
Greenland,Male,1998,61.92590434690021
Greenland,Male,1999,62.25277189008983
Greenland,Male,2000,62.60205469137705
Greenland,Male,2001,62.85963056909414
Greenland,Male,2002,63.272596102318566
Greenland,Male,2003,63.67201057391484
Greenland,Male,2004,64.03993397853715
Greenland,Male,2005,64.43055309037929
Greenland,Male,2006,64.77936511890461
Greenland,Male,2007,65.20661504481217
Greenland,Male,2008,65.60934801548296
Greenland,Male,2009,65.95682401638804
Greenland,Male,2010,66.36515663886789
Greenland,Male,2011,66.69334877455793
Greenland,Male,2012,67.04968643352196
Greenland,Male,2013,67.37751468473814
Greenland,Male,2014,67.69780677938903
Greenland,Male,2015,67.93664414424305
Greenland,Male,2016,68.17240919758873
Greenland,Male,2017,68.39775874395772
Greenland,Male,2018,68.6533232103945
Greenland,Male,2019,68.97912391747845
Greenland,Male,2020,68.08982200709049
Greenland,Male,2021,67.7172251881333
Greenland,Male,2022,69.14145464282394
Greenland,Male,2023,70.00351088737291
Grenada,Female,1990,73.05639107519383
Grenada,Female,1991,73.24303895013921
Grenada,Female,1992,73.67731831768269
Grenada,Female,1993,74.13087651935655
Grenada,Female,1994,74.24263739595756
Grenada,Female,1995,74.41375050536226
Grenada,Female,1996,74.59693605390474
Grenada,Female,1997,74.88181590363855
Grenada,Female,1998,75.14560292819444
Grenada,Female,1999,75.58764537256913
Grenada,Female,2000,75.82633752933835
Grenada,Female,2001,75.99972777165316
Grenada,Female,2002,76.20826797192674
Grenada,Female,2003,76.43643542221089
Grenada,Female,2004,76.04963191215498
Grenada,Female,2005,76.89205633659203
Grenada,Female,2006,77.13271860972053
Grenada,Female,2007,77.36624140762233
Grenada,Female,2008,77.38934035801152
Grenada,Female,2009,77.49059470555672
Grenada,Female,2010,77.56675199686391
Grenada,Female,2011,77.65048482823032
Grenada,Female,2012,77.85310551510882
Grenada,Female,2013,77.9647856569256
Grenada,Female,2014,78.1649262352228
Grenada,Female,2015,78.45268830574355
Grenada,Female,2016,78.2856579721651
Grenada,Female,2017,78.41212293799794
Grenada,Female,2018,78.36371306329391
Grenada,Female,2019,78.19830722164146
Grenada,Female,2020,77.58069209815217
Grenada,Female,2021,75.39640945692227
Grenada,Female,2022,76.53915533541308
Grenada,Female,2023,77.16240983188833
Grenada,Male,1990,68.08486129058734
Grenada,Male,1991,68.46322025360843
Grenada,Male,1992,68.47436971254028
Grenada,Male,1993,68.8525218948386
Grenada,Male,1994,69.24031659157465
Grenada,Male,1995,69.52566388104503
Grenada,Male,1996,69.80115936269162
Grenada,Male,1997,69.79084191397298
Grenada,Male,1998,69.85269524566539
Grenada,Male,1999,70.17499661943907
Grenada,Male,2000,70.40624383665218
Grenada,Male,2001,70.48426601438696
Grenada,Male,2002,70.78292428196858
Grenada,Male,2003,70.84521717679223
Grenada,Male,2004,70.730207600815
Grenada,Male,2005,71.28696266776628
Grenada,Male,2006,71.83745346246124
Grenada,Male,2007,72.33516015313502
Grenada,Male,2008,72.30623616860362
Grenada,Male,2009,72.68980181115532
Grenada,Male,2010,72.82391522559531
Grenada,Male,2011,73.0395465168702
Grenada,Male,2012,73.04982623605247
Grenada,Male,2013,73.01761943385279
Grenada,Male,2014,72.95246091215407
Grenada,Male,2015,72.9596621502572
Grenada,Male,2016,73.02526266264157
Grenada,Male,2017,73.06208672336095
Grenada,Male,2018,72.70812443645322
Grenada,Male,2019,72.71603058082736
Grenada,Male,2020,71.95398758087848
Grenada,Male,2021,69.44833730438181
Grenada,Male,2022,72.19776675812399
Grenada,Male,2023,73.36558682446396
Guam,Female,1990,77.24017465985602
Guam,Female,1991,77.15539729558365
Guam,Female,1992,77.12188261022085
Guam,Female,1993,77.2952925919693
Guam,Female,1994,77.5191748325227
Guam,Female,1995,77.6242100715187
Guam,Female,1996,77.77260119624592
Guam,Female,1997,76.28449796930576
Guam,Female,1998,78.09520492868876
Guam,Female,1999,78.30112536705512
Guam,Female,2000,78.558915554317565
Guam,Female,2001,78.8635763764183
Guam,Female,2002,79.11275025338341
Guam,Female,2003,79.40141096899369
Guam,Female,2004,79.64997140667874
Guam,Female,2005,79.88733412079179
Guam,Female,2006,80.01159627766451
Guam,Female,2007,80.07999331838742
Guam,Female,2008,80.29814756595168
Guam,Female,2009,80.33729989528412
Guam,Female,2010,80.38556610138279
Guam,Female,2011,80.46784769180505
Guam,Female,2012,80.28615917369109
Guam,Female,2013,80.01283229042158
Guam,Female,2014,79.80271453101591
Guam,Female,2015,79.87115650877021
Guam,Female,2016,79.95692438428307
Guam,Female,2017,80.07291742577414
Guam,Female,2018,79.98412029201157
Guam,Female,2019,80.06139367598196
Guam,Female,2020,79.11439934880023
Guam,Female,2021,78.20614039095508
Guam,Female,2022,79.08374353050851
Guam,Female,2023,79.48452141835133
Guam,Male,1990,71.25053047316321
Guam,Male,1991,71.24844872306463
Guam,Male,1992,71.37559903483202
Guam,Male,1993,71.51571892132368
Guam,Male,1994,71.55747531004333
Guam,Male,1995,71.77800803869934
Guam,Male,1996,71.9164791057465
Guam,Male,1997,66.4049884915205
Guam,Male,1998,72.25575635749422
Guam,Male,1999,72.46615566187214
Guam,Male,2000,72.69577730987959
Guam,Male,2001,72.9291020415547
Guam,Male,2002,73.05130232029617
Guam,Male,2003,73.24012423334273
Guam,Male,2004,73.35029028158797
Guam,Male,2005,73.43584954411865
Guam,Male,2006,73.41165007675995
Guam,Male,2007,73.27846201115888
Guam,Male,2008,73.19531396318133
Guam,Male,2009,73.17552361721438
Guam,Male,2010,73.0707863669608
Guam,Male,2011,73.07791487372127
Guam,Male,2012,73.02983972695009
Guam,Male,2013,72.83858756073528
Guam,Male,2014,72.89335908518571
Guam,Male,2015,72.90110943185464
Guam,Male,2016,72.88134481693582
Guam,Male,2017,72.9109887488616
Guam,Male,2018,72.88264711525557
Guam,Male,2019,72.82837005465194
Guam,Male,2020,72.18902435551323
Guam,Male,2021,70.86608680817356
Guam,Male,2022,71.3644179630712
Guam,Male,2023,71.90545057225722
Guatemala,Female,1990,64.7974622768733
Guatemala,Female,1991,64.52426877809194
Guatemala,Female,1992,64.78682281315677
Guatemala,Female,1993,65.45190059525176
Guatemala,Female,1994,66.54217415858818
Guatemala,Female,1995,68.0434862091853
Guatemala,Female,1996,69.10105199210003
Guatemala,Female,1997,69.65207282644602
Guatemala,Female,1998,69.91799401175518
Guatemala,Female,1999,70.43733595998987
Guatemala,Female,2000,70.86426997139517
Guatemala,Female,2001,71.12124244540911
Guatemala,Female,2002,71.80658417098077
Guatemala,Female,2003,72.17679207880911
Guatemala,Female,2004,72.51442962472245
Guatemala,Female,2005,72.6465842442718
Guatemala,Female,2006,73.09382889628849
Guatemala,Female,2007,73.48085756940401
Guatemala,Female,2008,73.80560223649911
Guatemala,Female,2009,74.02852624918754
Guatemala,Female,2010,74.19424990926552
Guatemala,Female,2011,74.41778765997014
Guatemala,Female,2012,74.61853429523404
Guatemala,Female,2013,74.75137102737284
Guatemala,Female,2014,74.73445562782098
Guatemala,Female,2015,74.82720312343645
Guatemala,Female,2016,74.93144295411794
Guatemala,Female,2017,75.04339222594527
Guatemala,Female,2018,75.2123631883492
Guatemala,Female,2019,75.42928642786578
Guatemala,Female,2020,74.3263294745207
Guatemala,Female,2021,71.93988535990603
Guatemala,Female,2022,74.34333782072015
Guatemala,Female,2023,75.50639437884514
Guatemala,Male,1990,59.73955337526524
Guatemala,Male,1991,59.45607410669862
Guatemala,Male,1992,59.429642365428634
Guatemala,Male,1993,59.77998379875496
Guatemala,Male,1994,60.646632596219206
Guatemala,Male,1995,61.99223749244325
Guatemala,Male,1996,62.82691096615875
Guatemala,Male,1997,63.276951134691245
Guatemala,Male,1998,63.405829158226425
Guatemala,Male,1999,63.90435455657095
Guatemala,Male,2000,64.5910756197131
Guatemala,Male,2001,64.79495381783573
Guatemala,Male,2002,65.44776307980464
Guatemala,Male,2003,65.88019385249278
Guatemala,Male,2004,66.08958995982171
Guatemala,Male,2005,65.98076674780405
Guatemala,Male,2006,66.62415470725404
Guatemala,Male,2007,67.18150358621237
Guatemala,Male,2008,67.59576791848694
Guatemala,Male,2009,67.69556933740863
Guatemala,Male,2010,68.38616274568965
Guatemala,Male,2011,68.76317395216668
Guatemala,Male,2012,69.15193324156122
Guatemala,Male,2013,69.40451613991375
Guatemala,Male,2014,69.48339582240385
Guatemala,Male,2015,69.54564640740784
Guatemala,Male,2016,69.69662841721124
Guatemala,Male,2017,69.97552076628745
Guatemala,Male,2018,70.26378745728061
Guatemala,Male,2019,70.63064231512573
Guatemala,Male,2020,68.081704468311
Guatemala,Male,2021,65.76718813664058
Guatemala,Male,2022,69.25345530345957
Guatemala,Male,2023,70.8139447109126
Guinea,Female,1990,49.31435613719368
Guinea,Female,1991,49.84681917010425
Guinea,Female,1992,50.332969416421534
Guinea,Female,1993,50.91649685101975
Guinea,Female,1994,51.34575440527952
Guinea,Female,1995,51.807695124794094
Guinea,Female,1996,52.55759463926604
Guinea,Female,1997,53.193572918307865
Guinea,Female,1998,53.67883385319613
Guinea,Female,1999,54.24299055965423
Guinea,Female,2000,54.72376606842557
Guinea,Female,2001,55.35532484536845
Guinea,Female,2002,55.95958646268256
Guinea,Female,2003,56.61300278647243
Guinea,Female,2004,57.253897334038584
Guinea,Female,2005,57.76891834665664
Guinea,Female,2006,58.09126488056406
Guinea,Female,2007,58.550997267849695
Guinea,Female,2008,58.94457944904597
Guinea,Female,2009,59.32885871362462
Guinea,Female,2010,59.732117616696215
Guinea,Female,2011,60.04450928523872
Guinea,Female,2012,60.31794479687849
Guinea,Female,2013,60.704443504241475
Guinea,Female,2014,60.04158486284444
Guinea,Female,2015,60.55651507397337
Guinea,Female,2016,61.29868887066578
Guinea,Female,2017,61.719243509302586
Guinea,Female,2018,62.13576358575698
Guinea,Female,2019,62.53103162208001
Guinea,Female,2020,62.35896577896737
Guinea,Female,2021,62.55178219830373
Guinea,Female,2022,63.00010723227716
Guinea,Female,2023,63.44663011830144
Guinea,Male,1990,47.867804467220026
Guinea,Male,1991,48.28125784702155
Guinea,Male,1992,48.428663337127055
Guinea,Male,1993,49.04720138961506
Guinea,Male,1994,49.35387090341356
Guinea,Male,1995,49.66661414485285
Guinea,Male,1996,50.38239927384607
Guinea,Male,1997,50.930854543934096
Guinea,Male,1998,51.34726923706284
Guinea,Male,1999,51.89775590900075
Guinea,Male,2000,52.33886679705856
Guinea,Male,2001,52.88449471023103
Guinea,Male,2002,53.64276038125004
Guinea,Male,2003,54.316762402758194
Guinea,Male,2004,54.94108942583113
Guinea,Male,2005,55.51503361221057
Guinea,Male,2006,55.890725204002464
Guinea,Male,2007,56.3423587146139
Guinea,Male,2008,56.7899184018022
Guinea,Male,2009,57.13700563517752
Guinea,Male,2010,57.59440274571825
Guinea,Male,2011,57.92126362010755
Guinea,Male,2012,58.1776096418919
Guinea,Male,2013,58.46024895051807
Guinea,Male,2014,57.9673848510066
Guinea,Male,2015,58.544945487323474
Guinea,Male,2016,59.25108943016923
Guinea,Male,2017,59.79083398677275
Guinea,Male,2018,60.26146724812715
Guinea,Male,2019,60.594563595132904
Guinea,Male,2020,60.143046114862535
Guinea,Male,2021,60.18397942508108
Guinea,Male,2022,61.13635509799267
Guinea,Male,2023,61.76021159912513
Guinea-Bissau,Female,1990,52.8269683515015
Guinea-Bissau,Female,1991,53.23207295487473
Guinea-Bissau,Female,1992,53.55098688555299
Guinea-Bissau,Female,1993,53.82795192419125
Guinea-Bissau,Female,1994,53.64678897161714
Guinea-Bissau,Female,1995,54.381291715208434
Guinea-Bissau,Female,1996,52.26148011729408
Guinea-Bissau,Female,1997,52.98756079143606
Guinea-Bissau,Female,1998,54.46734534123216
Guinea-Bissau,Female,1999,54.21328014474843
Guinea-Bissau,Female,2000,55.61613962186118
Guinea-Bissau,Female,2001,55.776729681518994
Guinea-Bissau,Female,2002,55.880974808270025
Guinea-Bissau,Female,2003,56.01208593389741
Guinea-Bissau,Female,2004,56.09710635831904
Guinea-Bissau,Female,2005,55.345748514337245
Guinea-Bissau,Female,2006,56.53973131918883
Guinea-Bissau,Female,2007,57.20927976513028
Guinea-Bissau,Female,2008,57.36513814925145
Guinea-Bissau,Female,2009,58.216562232071496
Guinea-Bissau,Female,2010,58.55781103884453
Guinea-Bissau,Female,2011,58.99668488202469
Guinea-Bissau,Female,2012,59.36941618111301
Guinea-Bissau,Female,2013,59.87957959591819
Guinea-Bissau,Female,2014,60.12669431837331
Guinea-Bissau,Female,2015,60.21055194506114
Guinea-Bissau,Female,2016,60.47026687647613
Guinea-Bissau,Female,2017,60.621531136864945
Guinea-Bissau,Female,2018,60.883614153275865
Guinea-Bissau,Female,2019,61.14023149208027
Guinea-Bissau,Female,2020,60.58204572192604
Guinea-Bissau,Female,2021,60.90825109118877
Guinea-Bissau,Female,2022,61.365827752983314
Guinea-Bissau,Female,2023,61.888065964926135
Guinea-Bissau,Male,1990,48.75214579138792
Guinea-Bissau,Male,1991,49.123813345815485
Guinea-Bissau,Male,1992,49.45818588424075
Guinea-Bissau,Male,1993,49.75921890834498
Guinea-Bissau,Male,1994,49.68246627118106
Guinea-Bissau,Male,1995,50.312854345707215
Guinea-Bissau,Male,1996,48.65441643923571
Guinea-Bissau,Male,1997,49.34522681470209
Guinea-Bissau,Male,1998,49.2115730818164
Guinea-Bissau,Male,1999,49.83327047962476
Guinea-Bissau,Male,2000,51.82043912109377
Guinea-Bissau,Male,2001,52.081849480809545
Guinea-Bissau,Male,2002,52.373010555260805
Guinea-Bissau,Male,2003,52.699410753357206
Guinea-Bissau,Male,2004,53.04696189880613
Guinea-Bissau,Male,2005,52.65898695724173
Guinea-Bissau,Male,2006,53.91772336509769
Guinea-Bissau,Male,2007,54.80349222827457
Guinea-Bissau,Male,2008,55.23129150528624
Guinea-Bissau,Male,2009,56.06157720086912
Guinea-Bissau,Male,2010,56.67557571754527
Guinea-Bissau,Male,2011,57.25883380018122
Guinea-Bissau,Male,2012,57.4537607990862
Guinea-Bissau,Male,2013,57.765833417719705
Guinea-Bissau,Male,2014,57.96216512892134
Guinea-Bissau,Male,2015,58.31375791215631
Guinea-Bissau,Male,2016,58.71781622508135
Guinea-Bissau,Male,2017,58.97635144633582
Guinea-Bissau,Male,2018,59.11209916221119
Guinea-Bissau,Male,2019,59.44528294701431
Guinea-Bissau,Male,2020,58.16132706198051
Guinea-Bissau,Male,2021,58.82927030950643
Guinea-Bissau,Male,2022,59.84677070996087
Guinea-Bissau,Male,2023,60.54566770696352
Guyana,Female,1990,68.16197831045253
Guyana,Female,1991,68.52013436912425
Guyana,Female,1992,68.67420370160802
Guyana,Female,1993,68.40348006082475
Guyana,Female,1994,68.45787265731114
Guyana,Female,1995,68.58022391953203
Guyana,Female,1996,68.4403611441725
Guyana,Female,1997,68.76989768696637
Guyana,Female,1998,69.25437110471053
Guyana,Female,1999,69.59855527484406
Guyana,Female,2000,69.65227517289352
Guyana,Female,2001,69.4004075476164
Guyana,Female,2002,69.33937813145245
Guyana,Female,2003,69.59557604726835
Guyana,Female,2004,69.69846254486178
Guyana,Female,2005,69.8086797175364
Guyana,Female,2006,70.26411790767148
Guyana,Female,2007,70.55220600171008
Guyana,Female,2008,70.64751031919619
Guyana,Female,2009,70.9717179248261
Guyana,Female,2010,71.11194162462893
Guyana,Female,2011,71.16225508761845
Guyana,Female,2012,71.36199912763718
Guyana,Female,2013,71.8129523856837
Guyana,Female,2014,71.92012592325487
Guyana,Female,2015,72.24594999149791
Guyana,Female,2016,72.61941510399181
Guyana,Female,2017,73.00655743490007
Guyana,Female,2018,73.31173197743543
Guyana,Female,2019,73.3834092254652
Guyana,Female,2020,72.83341448559551
Guyana,Female,2021,70.19734224270218
Guyana,Female,2022,71.70443879430078
Guyana,Female,2023,72.46199114033021
Guyana,Male,1990,61.87030681433157
Guyana,Male,1991,62.477024369896405
Guyana,Male,1992,62.67695363976272
Guyana,Male,1993,62.578208243276514
Guyana,Male,1994,62.626423124708936
Guyana,Male,1995,62.62173576041098
Guyana,Male,1996,62.529671845730626
Guyana,Male,1997,62.67169681190072
Guyana,Male,1998,63.01099782634053
Guyana,Male,1999,63.37919692906658
Guyana,Male,2000,63.51785312829707
Guyana,Male,2001,63.38969391174291
Guyana,Male,2002,63.38960450302427
Guyana,Male,2003,63.50523391294953
Guyana,Male,2004,63.58497072748946
Guyana,Male,2005,63.82769811212507
Guyana,Male,2006,64.19263393561647
Guyana,Male,2007,64.40892942437775
Guyana,Male,2008,64.46444155586023
Guyana,Male,2009,64.59817283377444
Guyana,Male,2010,64.745930399379
Guyana,Male,2011,64.70787502306926
Guyana,Male,2012,64.66420022466612
Guyana,Male,2013,64.8495399354377
Guyana,Male,2014,64.92993849785218
Guyana,Male,2015,65.28060380608666
Guyana,Male,2016,65.73884539136968
Guyana,Male,2017,66.282926776336
Guyana,Male,2018,66.77108312418633
Guyana,Male,2019,67.22282746219548
Guyana,Male,2020,66.59181739254204
Guyana,Male,2021,63.64143308323686
Guyana,Male,2022,65.21267367972551
Guyana,Male,2023,65.76900477451423
Haiti,Female,1990,52.22190197212611
Haiti,Female,1991,52.6767652711208
Haiti,Female,1992,52.80314873551122
Haiti,Female,1993,52.88212008251833
Haiti,Female,1994,53.26367244943351
Haiti,Female,1995,53.96202055170454
Haiti,Female,1996,54.52343552802173
Haiti,Female,1997,54.8713661883403
Haiti,Female,1998,55.81114415662475
Haiti,Female,1999,56.25645294585176
Haiti,Female,2000,56.84272224551473
Haiti,Female,2001,57.28353420808786
Haiti,Female,2002,57.845175024946734
Haiti,Female,2003,58.263442651131456
Haiti,Female,2004,57.23112203766013
Haiti,Female,2005,59.14717843226238
Haiti,Female,2006,59.73258959227955
Haiti,Female,2007,60.172100869452635
Haiti,Female,2008,60.467600956267376
Haiti,Female,2009,61.04279161876084
Haiti,Female,2010,27.946722902157298
Haiti,Female,2011,60.36160432086041
Haiti,Female,2012,61.61633449325683
Haiti,Female,2013,61.68590776829814
Haiti,Female,2014,61.98274215672306
Haiti,Female,2015,62.14033549129085
Haiti,Female,2016,61.97759541521141
Haiti,Female,2017,62.46311688203759
Haiti,Female,2018,62.633255181505696
Haiti,Female,2019,62.651471178796854
Haiti,Female,2020,62.672688143721224
Haiti,Female,2021,61.89644549820584
Haiti,Female,2022,62.304162870249385
Haiti,Female,2023,62.160373874050926
Haiti,Male,1990,50.53254054738583
Haiti,Male,1991,50.86349373546751
Haiti,Male,1992,51.067098754511555
Haiti,Male,1993,50.47429171583949
Haiti,Male,1994,51.75942616073673
Haiti,Male,1995,52.37059023256978
Haiti,Male,1996,52.95541436160369
Haiti,Male,1997,53.233276893833306
Haiti,Male,1998,54.39208835319974
Haiti,Male,1999,54.93462124524107
Haiti,Male,2000,55.50924093116564
Haiti,Male,2001,55.918356314642296
Haiti,Male,2002,56.4193144842836
Haiti,Male,2003,56.76724939305558
Haiti,Male,2004,56.157938197475175
Haiti,Male,2005,57.50810981768391
Haiti,Male,2006,57.94626310452973
Haiti,Male,2007,58.28824809013242
Haiti,Male,2008,58.49939000149555
Haiti,Male,2009,58.9625433568582
Haiti,Male,2010,34.81013476431213
Haiti,Male,2011,58.02418786422573
Haiti,Male,2012,59.33237972514157
Haiti,Male,2013,59.34364420819921
Haiti,Male,2014,59.59541856164644
Haiti,Male,2015,59.77887652374249
Haiti,Male,2016,59.73570309147537
Haiti,Male,2017,60.19613076910608
Haiti,Male,2018,60.3808460498747
Haiti,Male,2019,60.51591034927901
Haiti,Male,2020,60.43599472146311
Haiti,Male,2021,59.87699314210365
Haiti,Male,2022,60.45612205846288
Haiti,Male,2023,59.91223330078455
Honduras,Female,1990,73.01248652916401
Honduras,Female,1991,73.33719680454192
Honduras,Female,1992,73.37084152629978
Honduras,Female,1993,73.27958852996801
Honduras,Female,1994,73.65082866227587
Honduras,Female,1995,73.55115986897316
Honduras,Female,1996,73.30557090913352
Honduras,Female,1997,73.53574210004466
Honduras,Female,1998,66.11498390875929
Honduras,Female,1999,73.88802838021627
Honduras,Female,2000,74.09654665538507
Honduras,Female,2001,74.26308202713814
Honduras,Female,2002,74.43666178508788
Honduras,Female,2003,74.56863878235137
Honduras,Female,2004,74.73844934969003
Honduras,Female,2005,74.98378540427282
Honduras,Female,2006,75.23731905668302
Honduras,Female,2007,75.45437702816663
Honduras,Female,2008,75.56851224940118
Honduras,Female,2009,75.71712045915801
Honduras,Female,2010,75.67438728868365
Honduras,Female,2011,75.67048171802134
Honduras,Female,2012,75.24123148268181
Honduras,Female,2013,75.49995498861368
Honduras,Female,2014,75.66708831316973
Honduras,Female,2015,75.77195624976974
Honduras,Female,2016,76.40489491988907
Honduras,Female,2017,76.60604491363794
Honduras,Female,2018,76.71760159247991
Honduras,Female,2019,76.8707351652482
Honduras,Female,2020,74.63287304507602
Honduras,Female,2021,72.88103643028997
Honduras,Female,2022,77.0634941856315
Honduras,Female,2023,77.63010602464969
Honduras,Male,1990,68.09104786954809
Honduras,Male,1991,68.36132653413527
Honduras,Male,1992,68.58784456617322
Honduras,Male,1993,68.58806079924094
Honduras,Male,1994,68.87922606936128
Honduras,Male,1995,69.16727608731966
Honduras,Male,1996,69.44616322946537
Honduras,Male,1997,69.62228279860636
Honduras,Male,1998,65.19753069150337
Honduras,Male,1999,70.03916820083396
Honduras,Male,2000,70.28905506587503
Honduras,Male,2001,70.54911122944702
Honduras,Male,2002,70.77695957718592
Honduras,Male,2003,70.92705005539374
Honduras,Male,2004,71.14210639005645
Honduras,Male,2005,71.47582329118474
Honduras,Male,2006,71.77938680880823
Honduras,Male,2007,72.06111851433973
Honduras,Male,2008,72.24228913664912
Honduras,Male,2009,72.46919216363399
Honduras,Male,2010,72.49634125165656
Honduras,Male,2011,72.53264604872463
Honduras,Male,2012,69.42110039995853
Honduras,Male,2013,69.96434587216083
Honduras,Male,2014,70.16772953296241
Honduras,Male,2015,70.02925157792205
Honduras,Male,2016,73.05706494551876
Honduras,Male,2017,73.3002366011561
Honduras,Male,2018,73.13557197456359
Honduras,Male,2019,73.51506070803282
Honduras,Male,2020,70.43235268047464
Honduras,Male,2021,68.6716379949205
Honduras,Male,2022,73.80935338562469
Honduras,Male,2023,74.44431799735985
Hungary,Female,1990,73.80139594840115
Hungary,Female,1991,73.86041828997747
Hungary,Female,1992,73.9309716441829
Hungary,Female,1993,74.04225294904728
Hungary,Female,1994,74.3714073416276
Hungary,Female,1995,74.63623876594234
Hungary,Female,1996,74.93417747367405
Hungary,Female,1997,75.28170169259339
Hungary,Female,1998,75.44683469120636
Hungary,Female,1999,75.58941548695721
Hungary,Female,2000,76.05207163838939
Hungary,Female,2001,76.4795556643106
Hungary,Female,2002,76.68370348442818
Hungary,Female,2003,76.83560737472355
Hungary,Female,2004,77.09090149614599
Hungary,Female,2005,77.10175268948464
Hungary,Female,2006,77.46317118905516
Hungary,Female,2007,77.72855623503017
Hungary,Female,2008,77.99876780228604
Hungary,Female,2009,78.24154461439308
Hungary,Female,2010,78.36786359986476
Hungary,Female,2011,78.61740774345789
Hungary,Female,2012,78.80895632377191
Hungary,Female,2013,79.04630021448786
Hungary,Female,2014,79.19898786257977
Hungary,Female,2015,79.17604820558427
Hungary,Female,2016,79.43160998157202
Hungary,Female,2017,79.44983804726202
Hungary,Female,2018,79.57883573653181
Hungary,Female,2019,79.71409714427122
Hungary,Female,2020,79.00275723200711
Hungary,Female,2021,77.77759319560164
Hungary,Female,2022,79.32975263194784
Hungary,Female,2023,80.06724473277988
Hungary,Male,1990,65.18120469638825
Hungary,Male,1991,65.00059210684944
Hungary,Male,1992,64.72487151217709
Hungary,Male,1993,64.62812638791137
Hungary,Male,1994,64.94355388358852
Hungary,Male,1995,65.43807675205704
Hungary,Male,1996,66.03420159460453
Hungary,Male,1997,66.4254124563715
Hungary,Male,1998,66.54650677621319
Hungary,Male,1999,66.82776214972458
Hungary,Male,2000,67.4668341855359
Hungary,Male,2001,68.0421688219441
Hungary,Male,2002,68.30342163461218
Hungary,Male,2003,68.4321320978091
Hungary,Male,2004,68.69946700352781
Hungary,Male,2005,68.76732641026452
Hungary,Male,2006,69.13037316380957
Hungary,Male,2007,69.46574446273009
Hungary,Male,2008,69.91945806448737
Hungary,Male,2009,70.29352443725088
Hungary,Male,2010,70.70982744596579
Hungary,Male,2011,71.18523249847743
Hungary,Male,2012,71.62888683037093
Hungary,Male,2013,72.06081523081906
Hungary,Male,2014,72.3125299172398
Hungary,Male,2015,72.39765353344225
Hungary,Male,2016,72.5170440564585
Hungary,Male,2017,72.59094593519673
Hungary,Male,2018,72.75745821921679
Hungary,Male,2019,72.99535809820452
Hungary,Male,2020,72.27333657345916
Hungary,Male,2021,70.78473552877495
Hungary,Male,2022,72.51789988285735
Hungary,Male,2023,73.42692087237941
Iceland,Female,1990,80.39007127864318
Iceland,Female,1991,80.48028878257956
Iceland,Female,1992,80.61174024765441
Iceland,Female,1993,80.73702195568481
Iceland,Female,1994,80.64278420322655
Iceland,Female,1995,80.65945724476232
Iceland,Female,1996,80.98725673793116
Iceland,Female,1997,81.13829230166718
Iceland,Female,1998,81.2577789782372
Iceland,Female,1999,81.37221555765939
Iceland,Female,2000,81.73512648788584
Iceland,Female,2001,82.04063368401819
Iceland,Female,2002,82.32975048067927
Iceland,Female,2003,82.52425315563337
Iceland,Female,2004,82.65863753004372
Iceland,Female,2005,82.74892789619783
Iceland,Female,2006,82.74606230795982
Iceland,Female,2007,82.92348281188767
Iceland,Female,2008,83.09867418040207
Iceland,Female,2009,83.25655254135958
Iceland,Female,2010,83.51196024313316
Iceland,Female,2011,83.616062093064
Iceland,Female,2012,83.62412726792375
Iceland,Female,2013,83.63940860844767
Iceland,Female,2014,83.74285737692716
Iceland,Female,2015,83.73508091715419
Iceland,Female,2016,83.85182949136164
Iceland,Female,2017,84.00615374374495
Iceland,Female,2018,84.16063247303727
Iceland,Female,2019,84.40851241778432
Iceland,Female,2020,84.26926418067818
Iceland,Female,2021,84.25013740538876
Iceland,Female,2022,83.77767345887736
Iceland,Female,2023,84.25152283434957
Iceland,Male,1990,75.46225284134664
Iceland,Male,1991,75.69130193986402
Iceland,Male,1992,75.9383984656071
Iceland,Male,1993,76.2714918031442
Iceland,Male,1994,76.35292184452965
Iceland,Male,1995,76.19537975090905
Iceland,Male,1996,76.50930352189161
Iceland,Male,1997,76.69380906030734
Iceland,Male,1998,76.98605280200368
Iceland,Male,1999,77.4005089035144
Iceland,Male,2000,77.88501448231617
Iceland,Male,2001,78.18142910054448
Iceland,Male,2002,78.36411948780358
Iceland,Male,2003,78.56423311335729
Iceland,Male,2004,78.81858088963887
Iceland,Male,2005,79.16179122516496
Iceland,Male,2006,79.26654428640683
Iceland,Male,2007,79.34977747205748
Iceland,Male,2008,79.53685752067199
Iceland,Male,2009,79.72343805118997
Iceland,Male,2010,79.923403913929
Iceland,Male,2011,80.1886012078491
Iceland,Male,2012,80.41449189480507
Iceland,Male,2013,80.50889891781745
Iceland,Male,2014,80.56432989165006
Iceland,Male,2015,80.58985588989196
Iceland,Male,2016,80.66428519649
Iceland,Male,2017,80.812393180507
Iceland,Male,2018,81.00851914527725
Iceland,Male,2019,81.32979152591514
Iceland,Male,2020,81.19814264512507
Iceland,Male,2021,81.41084918011575
Iceland,Male,2022,80.72484762178098
Iceland,Male,2023,80.79723755207063
India,Female,1990,58.91406791278441
India,Female,1991,59.51307469149465
India,Female,1992,60.254009808002685
India,Female,1993,61.30208963789075
India,Female,1994,62.044481069295784
India,Female,1995,62.18286151454526
India,Female,1996,62.31460619474657
India,Female,1997,62.65403539269225
India,Female,1998,63.093012267374945
India,Female,1999,63.97607540507202
India,Female,2000,64.88951739423715
India,Female,2001,65.49513464759525
India,Female,2002,66.04433349506388
India,Female,2003,66.58830003031368
India,Female,2004,67.17741398869262
India,Female,2005,67.68523774084983
India,Female,2006,67.86601647923335
India,Female,2007,67.99287510438211
India,Female,2008,68.42723575696489
India,Female,2009,69.00790029673087
India,Female,2010,69.55721625094098
India,Female,2011,70.05785817359812
India,Female,2012,70.34035817570188
India,Female,2013,70.54562124904317
India,Female,2014,70.68338523290873
India,Female,2015,70.89698057531382
India,Female,2016,71.05544873495866
India,Female,2017,71.34014107293962
India,Female,2018,71.69251569131394
India,Female,2019,72.28381396961987
India,Female,2020,72.12921039752567
India,Female,2021,71.26634462278976
India,Female,2022,72.66904893853247
India,Female,2023,72.95562715035774
India,Male,1990,58.1207899408234
India,Male,1991,58.73017620974108
India,Male,1992,59.32855890117628
India,Male,1993,59.903669381916046
India,Male,1994,60.313109715087805
India,Male,1995,60.66329666958375
India,Male,1996,60.896358723584186
India,Male,1997,61.03091474964058
India,Male,1998,61.28640828222326
India,Male,1999,61.8795668437399
India,Male,2000,62.51031914898251
India,Male,2001,62.97558156583803
India,Male,2002,63.37824870264697
India,Male,2003,63.80178142002435
India,Male,2004,64.37913635695757
India,Male,2005,64.78092692734666
India,Male,2006,64.81518956548506
India,Male,2007,64.77921727184932
India,Male,2008,65.00700235434904
India,Male,2009,65.43127032358893
India,Male,2010,65.75820885102245
India,Male,2011,66.04685851537447
India,Male,2012,66.43501929010516
India,Male,2013,67.0014790782221
India,Male,2014,67.61276103057598
India,Male,2015,68.05943105972658
India,Male,2016,68.22844822920081
India,Male,2017,68.45127353550605
India,Male,2018,68.84903498153051
India,Male,2019,69.5875620667583
India,Male,2020,68.64867991066542
India,Male,2021,66.58976253070361
India,Male,2022,69.88016152728828
India,Male,2023,70.24195080564584
Indonesia,Female,1990,67.90014584313174
Indonesia,Female,1991,68.4589066554188
Indonesia,Female,1992,68.92789437958243
Indonesia,Female,1993,69.45358044660668
Indonesia,Female,1994,69.92257664487512
Indonesia,Female,1995,70.37326057554746
Indonesia,Female,1996,70.75052401003397
Indonesia,Female,1997,71.05953335597287
Indonesia,Female,1998,71.39517201645951
Indonesia,Female,1999,71.72236739095747
Indonesia,Female,2000,72.04397809908568
Indonesia,Female,2001,72.37987830768667
Indonesia,Female,2002,72.62846430182857
Indonesia,Female,2003,72.7992842469702
Indonesia,Female,2004,69.30835269396685
Indonesia,Female,2005,72.97011033626805
Indonesia,Female,2006,72.92829875772428
Indonesia,Female,2007,73.12534880233697
Indonesia,Female,2008,73.18197969381171
Indonesia,Female,2009,73.25920926498297
Indonesia,Female,2010,73.40982308129793
Indonesia,Female,2011,73.6791890350815
Indonesia,Female,2012,73.89455464152606
Indonesia,Female,2013,74.12523457941982
Indonesia,Female,2014,74.35893577676615
Indonesia,Female,2015,74.52782020451212
Indonesia,Female,2016,74.73400604362449
Indonesia,Female,2017,74.98311005923756
Indonesia,Female,2018,75.08980663319463
Indonesia,Female,2019,75.36165841482098
Indonesia,Female,2020,74.53344628497261
Indonesia,Female,2021,71.94820221741927
Indonesia,Female,2022,75.12644326517959
Indonesia,Female,2023,75.17681859891631
Indonesia,Male,1990,62.47533901182854
Indonesia,Male,1991,63.02693166678093
Indonesia,Male,1992,63.54043407382799
Indonesia,Male,1993,64.08647739658946
Indonesia,Male,1994,64.59764459970961
Indonesia,Male,1995,65.07401042765744
Indonesia,Male,1996,65.4654882431242
Indonesia,Male,1997,65.75403908412495
Indonesia,Male,1998,66.02678680639292
Indonesia,Male,1999,66.18152015628435
Indonesia,Male,2000,66.36314303220234
Indonesia,Male,2001,66.52682239669161
Indonesia,Male,2002,66.65657152181485
Indonesia,Male,2003,66.71948379717938
Indonesia,Male,2004,64.8498881966656
Indonesia,Male,2005,66.79487555678016
Indonesia,Male,2006,66.7569718770584
Indonesia,Male,2007,66.87500126323008
Indonesia,Male,2008,66.98339717258139
Indonesia,Male,2009,67.09113529754406
Indonesia,Male,2010,67.28870991236772
Indonesia,Male,2011,67.52173130220056
Indonesia,Male,2012,67.7996602857309
Indonesia,Male,2013,68.11524001711608
Indonesia,Male,2014,68.41854577687006
Indonesia,Male,2015,68.69887060478582
Indonesia,Male,2016,68.99619252194829
Indonesia,Male,2017,69.30025031577648
Indonesia,Male,2018,69.52970242193365
Indonesia,Male,2019,69.84929081711225
Indonesia,Male,2020,68.61994741852257
Indonesia,Male,2021,65.79437915866481
Indonesia,Male,2022,69.88151359057564
Indonesia,Male,2023,70.00604056961792
Iran (Islamic Republic of),Female,1990,67.81363235170096
Iran (Islamic Republic of),Female,1991,70.88041479846551
Iran (Islamic Republic of),Female,1992,71.39872184288424
Iran (Islamic Republic of),Female,1993,71.8167519188882
Iran (Islamic Republic of),Female,1994,72.31275805812783
Iran (Islamic Republic of),Female,1995,72.7438896726273
Iran (Islamic Republic of),Female,1996,73.14630624941793
Iran (Islamic Republic of),Female,1997,73.38146720458214
Iran (Islamic Republic of),Female,1998,73.86672709697343
Iran (Islamic Republic of),Female,1999,74.22168475905671
Iran (Islamic Republic of),Female,2000,74.55981972055453
Iran (Islamic Republic of),Female,2001,74.89597641999961
Iran (Islamic Republic of),Female,2002,75.29930058847931
Iran (Islamic Republic of),Female,2003,73.80257181368553
Iran (Islamic Republic of),Female,2004,76.20837758272016
Iran (Islamic Republic of),Female,2005,76.65498778531108
Iran (Islamic Republic of),Female,2006,77.10232686407018
Iran (Islamic Republic of),Female,2007,77.4670382397453
Iran (Islamic Republic of),Female,2008,77.78993593462184
Iran (Islamic Republic of),Female,2009,78.04582791396345
Iran (Islamic Republic of),Female,2010,78.33467737106321
Iran (Islamic Republic of),Female,2011,78.5693002971631
Iran (Islamic Republic of),Female,2012,78.80812051775979
Iran (Islamic Republic of),Female,2013,78.94198388534664
Iran (Islamic Republic of),Female,2014,79.03862949845902
Iran (Islamic Republic of),Female,2015,79.03631365821991
Iran (Islamic Republic of),Female,2016,79.11740814823312
Iran (Islamic Republic of),Female,2017,79.24060135485298
Iran (Islamic Republic of),Female,2018,79.55158380946177
Iran (Islamic Republic of),Female,2019,79.7434415605912
Iran (Islamic Republic of),Female,2020,76.24056694026736
Iran (Islamic Republic of),Female,2021,76.58607838836943
Iran (Islamic Republic of),Female,2022,79.81771773276793
Iran (Islamic Republic of),Female,2023,80.59354744554734
Iran (Islamic Republic of),Male,1990,65.19397090462934
Iran (Islamic Republic of),Male,1991,67.26741943012613
Iran (Islamic Republic of),Male,1992,67.84852997973317
Iran (Islamic Republic of),Male,1993,68.28513759051961
Iran (Islamic Republic of),Male,1994,68.75204136813106
Iran (Islamic Republic of),Male,1995,69.2052497704116
Iran (Islamic Republic of),Male,1996,69.6220903588466
Iran (Islamic Republic of),Male,1997,69.91124672913016
Iran (Islamic Republic of),Male,1998,70.3454582196939
Iran (Islamic Republic of),Male,1999,70.69711320741831
Iran (Islamic Republic of),Male,2000,71.06230632458362
Iran (Islamic Republic of),Male,2001,71.39585107380495
Iran (Islamic Republic of),Male,2002,71.76658691355969
Iran (Islamic Republic of),Male,2003,70.92587317510137
Iran (Islamic Republic of),Male,2004,72.52097679592099
Iran (Islamic Republic of),Male,2005,72.95247930985335
Iran (Islamic Republic of),Male,2006,73.3288849428001
Iran (Islamic Republic of),Male,2007,73.65711928649829
Iran (Islamic Republic of),Male,2008,73.94330824121862
Iran (Islamic Republic of),Male,2009,74.20695688663895
Iran (Islamic Republic of),Male,2010,74.5329880513445
Iran (Islamic Republic of),Male,2011,74.82316133006553
Iran (Islamic Republic of),Male,2012,75.08649942919467
Iran (Islamic Republic of),Male,2013,75.26596842766888
Iran (Islamic Republic of),Male,2014,75.37922929292777
Iran (Islamic Republic of),Male,2015,75.39830187206844
Iran (Islamic Republic of),Male,2016,75.57489270188616
Iran (Islamic Republic of),Male,2017,75.75897907208092
Iran (Islamic Republic of),Male,2018,76.0313135504677
Iran (Islamic Republic of),Male,2019,76.25396662069214
Iran (Islamic Republic of),Male,2020,72.40240301006845
Iran (Islamic Republic of),Male,2021,73.20830745706337
Iran (Islamic Republic of),Male,2022,76.41741989718163
Iran (Islamic Republic of),Male,2023,77.1969814899382
Iraq,Female,1990,70.25735467891731
Iraq,Female,1991,70.3335682046223
Iraq,Female,1992,70.21701093325352
Iraq,Female,1993,70.22742665762655
Iraq,Female,1994,70.26393116117434
Iraq,Female,1995,70.28242553721763
Iraq,Female,1996,70.35289594686205
Iraq,Female,1997,70.38803908691591
Iraq,Female,1998,70.5362266852396
Iraq,Female,1999,70.70678633023158
Iraq,Female,2000,70.87213568868964
Iraq,Female,2001,71.06140727129592
Iraq,Female,2002,71.17173378449411
Iraq,Female,2003,70.42870999003995
Iraq,Female,2004,70.70895247282839
Iraq,Female,2005,70.66824152307844
Iraq,Female,2006,70.22006983848571
Iraq,Female,2007,70.38604701896419
Iraq,Female,2008,71.09771062532019
Iraq,Female,2009,71.55239329849904
Iraq,Female,2010,71.82024744907811
Iraq,Female,2011,72.11131364878214
Iraq,Female,2012,72.40181340101174
Iraq,Female,2013,72.54674795191356
Iraq,Female,2014,72.1612016379646
Iraq,Female,2015,72.54272707802656
Iraq,Female,2016,72.9466645734054
Iraq,Female,2017,73.42709779756926
Iraq,Female,2018,73.99760498649854
Iraq,Female,2019,73.98451385492409
Iraq,Female,2020,71.29697487967329
Iraq,Female,2021,72.11623086607297
Iraq,Female,2022,73.9043482771019
Iraq,Female,2023,74.17062680915613
Iraq,Male,1990,63.55452073045668
Iraq,Male,1991,63.73112090817978
Iraq,Male,1992,63.69641170518397
Iraq,Male,1993,63.73569192705442
Iraq,Male,1994,63.64186540534215
Iraq,Male,1995,63.72775142458888
Iraq,Male,1996,63.87791050377793
Iraq,Male,1997,63.963914015661985
Iraq,Male,1998,64.1724787328301
Iraq,Male,1999,64.37604261214702
Iraq,Male,2000,64.57773903630228
Iraq,Male,2001,64.83158388232017
Iraq,Male,2002,64.99903310163228
Iraq,Male,2003,62.297119049499
Iraq,Male,2004,63.00758798736045
Iraq,Male,2005,62.51743453907304
Iraq,Male,2006,60.93154392979335
Iraq,Male,2007,61.57326313099072
Iraq,Male,2008,63.93563446112218
Iraq,Male,2009,65.05609126602498
Iraq,Male,2010,65.45258977586481
Iraq,Male,2011,65.80327467430531
Iraq,Male,2012,66.08417341352533
Iraq,Male,2013,65.58683851270786
Iraq,Male,2014,63.59832784046961
Iraq,Male,2015,64.55879158148376
Iraq,Male,2016,65.1990295069584
Iraq,Male,2017,66.27197775386435
Iraq,Male,2018,68.14819570357832
Iraq,Male,2019,68.23464561617246
Iraq,Male,2020,64.44503791611281
Iraq,Male,2021,65.84108892854486
Iraq,Male,2022,68.03165568397019
Iraq,Male,2023,68.34303509936034
Ireland,Female,1990,77.72604314503836
Ireland,Female,1991,78.00099116186195
Ireland,Female,1992,78.16636306428336
Ireland,Female,1993,78.23978238250727
Ireland,Female,1994,78.43403468295591
Ireland,Female,1995,78.54946863242358
Ireland,Female,1996,78.65893158254157
Ireland,Female,1997,78.87888288451397
Ireland,Female,1998,78.97325938775964
Ireland,Female,1999,79.04870677777792
Ireland,Female,2000,79.40671823412414
Ireland,Female,2001,79.91544141141279
Ireland,Female,2002,80.28560034278233
Ireland,Female,2003,80.65686726465519
Ireland,Female,2004,81.01412021256544
Ireland,Female,2005,81.3612260752101
Ireland,Female,2006,81.54349234988085
Ireland,Female,2007,81.83020179780078
Ireland,Female,2008,82.09314573338679
Ireland,Female,2009,82.40276953663475
Ireland,Female,2010,82.73234507064709
Ireland,Female,2011,82.85965682333467
Ireland,Female,2012,82.95874928853709
Ireland,Female,2013,83.11847230749683
Ireland,Female,2014,83.33161294016436
Ireland,Female,2015,83.4214874513557
Ireland,Female,2016,83.58847754487674
Ireland,Female,2017,83.83237828605503
Ireland,Female,2018,84.03554752258549
Ireland,Female,2019,84.31661193307046
Ireland,Female,2020,83.9926245682096
Ireland,Female,2021,84.1243142225374
Ireland,Female,2022,83.9052877383422
Ireland,Female,2023,84.25437874765468
Ireland,Male,1990,72.28023665897149
Ireland,Male,1991,72.51699084458313
Ireland,Male,1992,72.68792346812948
Ireland,Male,1993,72.74158629570867
Ireland,Male,1994,72.94465938154907
Ireland,Male,1995,73.01926913058846
Ireland,Male,1996,73.19518949671182
Ireland,Male,1997,73.44003037664099
Ireland,Male,1998,73.52031866625683
Ireland,Male,1999,73.6943363563816
Ireland,Male,2000,74.11465500474442
Ireland,Male,2001,74.69251568137595
Ireland,Male,2002,75.20556385882098
Ireland,Male,2003,75.73899758355208
Ireland,Male,2004,76.21393150683616
Ireland,Male,2005,76.67863895975741
Ireland,Male,2006,76.98391881616536
Ireland,Male,2007,77.27486201930357
Ireland,Male,2008,77.48696228233129
Ireland,Male,2009,77.79952522235075
Ireland,Male,2010,78.34378687069947
Ireland,Male,2011,78.61225067789593
Ireland,Male,2012,78.7488164488711
Ireland,Male,2013,79.00509218752032
Ireland,Male,2014,79.4480246493257
Ireland,Male,2015,79.63348356762562
Ireland,Male,2016,79.83682824593474
Ireland,Male,2017,80.09214658726918
Ireland,Male,2018,80.25784472819595
Ireland,Male,2019,80.52156377523126
Ireland,Male,2020,80.32226947654458
Ireland,Male,2021,80.5565433219238
Ireland,Male,2022,80.44454859999931
Ireland,Male,2023,80.79380945416837
Israel,Female,1990,79.0656956031514
Israel,Female,1991,79.05520232323467
Israel,Female,1992,79.05784113964283
Israel,Female,1993,79.2863380677141
Israel,Female,1994,79.5264236192578
Israel,Female,1995,79.85346054858378
Israel,Female,1996,80.2709202855116
Israel,Female,1997,80.43204349124933
Israel,Female,1998,80.5254645169134
Israel,Female,1999,80.89490535982468
Israel,Female,2000,81.11132031308131
Israel,Female,2001,81.37488425465148
Israel,Female,2002,81.568751073771793
Israel,Female,2003,81.8397465079563
Israel,Female,2004,82.14110076939748
Israel,Female,2005,82.39607026348462
Israel,Female,2006,82.62879918712477
Israel,Female,2007,82.87172949779297
Israel,Female,2008,83.19215399039483
Israel,Female,2009,83.48062313225464
Israel,Female,2010,83.71218666892588
Israel,Female,2011,83.83310722370258
Israel,Female,2012,84.0032070184603
Israel,Female,2013,84.18655690453228
Israel,Female,2014,84.37868677633298
Israel,Female,2015,84.4883782690854
Israel,Female,2016,84.68214962786612
Israel,Female,2017,84.90375437500194
Israel,Female,2018,85.0550252176288
Israel,Female,2019,85.2095898871812
Israel,Female,2020,84.92492331434113
Israel,Female,2021,84.75770707416967
Israel,Female,2022,84.99110696038828
Israel,Female,2023,85.34359475299344
Israel,Male,1990,75.55417200063145
Israel,Male,1991,75.4285924703697
Israel,Male,1992,75.35226017174541
Israel,Male,1993,75.59172412528403
Israel,Male,1994,75.79889195653568
Israel,Male,1995,75.9690837816747
Israel,Male,1996,76.34207953479854
Israel,Male,1997,76.47249698937661
Israel,Male,1998,76.4806038550545
Israel,Male,1999,76.77547130354336
Israel,Male,2000,76.946618376601
Israel,Male,2001,77.1442740518932
Israel,Male,2002,77.22045878551732
Israel,Male,2003,77.70168368665526
Israel,Male,2004,78.12147308415759
Israel,Male,2005,78.51274011965705
Israel,Male,2006,78.70713020985394
Israel,Male,2007,79.04643176303466
Israel,Male,2008,79.5487523205555
Israel,Male,2009,79.8946394119508
Israel,Male,2010,80.08288419575318
Israel,Male,2011,80.22365934666044
Israel,Male,2012,80.4076898048389
Israel,Male,2013,80.61923772875636
Israel,Male,2014,80.79132618296164
Israel,Male,2015,80.82670477389735
Israel,Male,2016,81.03341091496598
Israel,Male,2017,81.21904714131581
Israel,Male,2018,81.43843795950971
Israel,Male,2019,81.60479796159345
Israel,Male,2020,80.95084555880197
Israel,Male,2021,80.84158781799063
Israel,Male,2022,81.14224216101789
Israel,Male,2023,81.15820227672305
Italy,Female,1990,80.27333466484468
Italy,Female,1991,80.39052191269356
Italy,Female,1992,80.68960041286817
Italy,Female,1993,80.85161661225177
Italy,Female,1994,81.0436686637716
Italy,Female,1995,81.29966786642463
Italy,Female,1996,81.5573706016096
Italy,Female,1997,81.7195321941158
Italy,Female,1998,81.79279391566803
Italy,Female,1999,82.13096615422658
Italy,Female,2000,82.46091307825374
Italy,Female,2001,82.73602187087944
Italy,Female,2002,82.84995937980938
Italy,Female,2003,82.70026638627323
Italy,Female,2004,83.40081380431496
Italy,Female,2005,83.45128628738352
Italy,Female,2006,83.70731785550934
Italy,Female,2007,83.75174706789461
Italy,Female,2008,83.85654346506817
Italy,Female,2009,83.98353495532885
Italy,Female,2010,84.28898509642852
Italy,Female,2011,84.3462535504261
Italy,Female,2012,84.34422711897663
Italy,Female,2013,84.66926849136927
Italy,Female,2014,84.84447464206983
Italy,Female,2015,84.58908109373976
Italy,Female,2016,84.96657618327231
Italy,Female,2017,84.87056492695284
Italy,Female,2018,85.16087555681243
Italy,Female,2019,85.25120080560194
Italy,Female,2020,84.3389750273058
Italy,Female,2021,84.56736717336075
Italy,Female,2022,84.4456626445141
Italy,Female,2023,85.10518368088354
Italy,Male,1990,73.66947016252205
Italy,Male,1991,73.67859371687602
Italy,Male,1992,74.0380599763573
Italy,Male,1993,74.31908779442806
Italy,Male,1994,74.53365595430758
Italy,Male,1995,74.80709129845205
Italy,Male,1996,75.18058556875083
Italy,Male,1997,75.48793957173353
Italy,Male,1998,75.64144224082683
Italy,Male,1999,76.05815074802554
Italy,Male,2000,76.49339405740788
Italy,Male,2001,76.80602298279446
Italy,Male,2002,77.03747133734937
Italy,Male,2003,77.04688563036501
Italy,Male,2004,77.70415857287604
Italy,Male,2005,77.8609103539252
Italy,Male,2006,78.19452184621545
Italy,Male,2007,78.39336834598762
Italy,Male,2008,78.61458484936429
Italy,Male,2009,78.87053251734602
Italy,Male,2010,79.23584896565937
Italy,Male,2011,79.42146482006501
Italy,Male,2012,79.52458244126298
Italy,Male,2013,79.91363937846202
Italy,Male,2014,80.16540806233198
Italy,Male,2015,80.04976481092775
Italy,Male,2016,80.43397257478644
Italy,Male,2017,80.43311438102862
Italy,Male,2018,80.76386718362102
Italy,Male,2019,80.91370691204021
Italy,Male,2020,79.65957233593812
Italy,Male,2021,80.07688010427923
Italy,Male,2022,79.80909633745715
Italy,Male,2023,80.7223859348176
Jamaica,Female,1990,76.3735605225582
Jamaica,Female,1991,76.79175723091119
Jamaica,Female,1992,76.88918473309002
Jamaica,Female,1993,76.83028468938907
Jamaica,Female,1994,76.81325827461092
Jamaica,Female,1995,76.90754415077994
Jamaica,Female,1996,77.11113047104173
Jamaica,Female,1997,77.0845564388504
Jamaica,Female,1998,76.98767085667008
Jamaica,Female,1999,76.76753512927061
Jamaica,Female,2000,76.50183542799891
Jamaica,Female,2001,76.62236720279255
Jamaica,Female,2002,77.1245104062516
Jamaica,Female,2003,77.61332047089995
Jamaica,Female,2004,77.99868365601024
Jamaica,Female,2005,78.5413464784446
Jamaica,Female,2006,78.84403113440402
Jamaica,Female,2007,79.02196496949819
Jamaica,Female,2008,79.32620370520134
Jamaica,Female,2009,79.36893942875118
Jamaica,Female,2010,79.18658343886949
Jamaica,Female,2011,78.92030951975988
Jamaica,Female,2012,78.75959531008185
Jamaica,Female,2013,78.5077510059801
Jamaica,Female,2014,78.1624162176754
Jamaica,Female,2015,77.99295203878458
Jamaica,Female,2016,78.01474522494043
Jamaica,Female,2017,78.10589719075297
Jamaica,Female,2018,78.24837849669807
Jamaica,Female,2019,78.29716839149813
Jamaica,Female,2020,77.8265387777863
Jamaica,Female,2021,76.08768200492763
Jamaica,Female,2022,77.92639034338482
Jamaica,Female,2023,78.88995786561686
Jamaica,Male,1990,73.42528667202443
Jamaica,Male,1991,73.85435254428026
Jamaica,Male,1992,73.76761120093315
Jamaica,Male,1993,73.4618832847108
Jamaica,Male,1994,73.13327352086822
Jamaica,Male,1995,72.95024872152084
Jamaica,Male,1996,73.31781565576999
Jamaica,Male,1997,73.16323027821973
Jamaica,Male,1998,72.71823625474435
Jamaica,Male,1999,72.4370351938458
Jamaica,Male,2000,72.35477200745184
Jamaica,Male,2001,72.61066331725566
Jamaica,Male,2002,73.33447143373232
Jamaica,Male,2003,73.91604124736183
Jamaica,Male,2004,74.476992931918
Jamaica,Male,2005,75.18093659910802
Jamaica,Male,2006,75.53643922397409
Jamaica,Male,2007,75.69926516088496
Jamaica,Male,2008,76.04508814659376
Jamaica,Male,2009,75.64270067546296
Jamaica,Male,2010,75.4670241901287
Jamaica,Male,2011,75.11724700050803
Jamaica,Male,2012,74.99290824443116
Jamaica,Male,2013,74.46958872962179
Jamaica,Male,2014,73.65227751084949
Jamaica,Male,2015,72.94020361041427
Jamaica,Male,2016,72.37243484505092
Jamaica,Male,2017,72.0907660132264
Jamaica,Male,2018,72.00631401889964
Jamaica,Male,2019,72.10050243359943
Jamaica,Male,2020,71.49429842273943
Jamaica,Male,2021,70.04520872402313
Jamaica,Male,2022,72.02059413857658
Jamaica,Male,2023,73.52464964896325
Japan,Female,1990,82.125337347766
Japan,Female,1991,82.40470517929239
Japan,Female,1992,82.54190039441258
Japan,Female,1993,82.71180404424051
Japan,Female,1994,83.12870875825523
Japan,Female,1995,83.04853029438398
Japan,Female,1996,83.66450525398444
Japan,Female,1997,83.91937108864323
Japan,Female,1998,84.10362626763333
Japan,Female,1999,84.13387031906163
Japan,Female,2000,84.63428331451891
Japan,Female,2001,84.93790769007249
Japan,Female,2002,85.20131856861397
Japan,Female,2003,85.33286970524627
Japan,Female,2004,85.5218307842029
Japan,Female,2005,85.56316904320641
Japan,Female,2006,85.83421919637858
Japan,Female,2007,86.00622351072668
Japan,Female,2008,86.12549339766704
Japan,Female,2009,86.43310380918594
Japan,Female,2010,86.38619937030641
Japan,Female,2011,86.04775112761095
Japan,Female,2012,86.57667096393995
Japan,Female,2013,86.7558591506584
Japan,Female,2014,86.9549717857403
Japan,Female,2015,87.14416765014218
Japan,Female,2016,87.30205283645006
Japan,Female,2017,87.36309784768679
Japan,Female,2018,87.41668779809672
Japan,Female,2019,87.53887643025469
Japan,Female,2020,87.76574256122534
Japan,Female,2021,87.55544762454498
Japan,Female,2022,87.17028530294321
Japan,Female,2023,87.18214818999411
Japan,Male,1990,76.01404347732618
Japan,Male,1991,76.17574930132113
Japan,Male,1992,76.21782412038341
Japan,Male,1993,76.33670046599505
Japan,Male,1994,76.66993450065814
Japan,Male,1995,76.54644691055184
Japan,Male,1996,77.10560269043171
Japan,Male,1997,77.29847878770447
Japan,Male,1998,77.33408159631873
Japan,Male,1999,77.31111880153676
Japan,Male,2000,77.77545310007451
Japan,Male,2001,78.11078826111823
Japan,Male,2002,78.34560372838278
Japan,Male,2003,78.43546261378505
Japan,Male,2004,78.6832070158957
Japan,Male,2005,78.71041040422256
Japan,Male,2006,79.08855931532766
Japan,Male,2007,79.2754376616451
Japan,Male,2008,79.41081169770041
Japan,Male,2009,79.69524763156218
Japan,Male,2010,79.71919564306437
Japan,Male,2011,79.65545939369618
Japan,Male,2012,80.11002574677639
Japan,Male,2013,80.37081849633486
Japan,Male,2014,80.65007701587398
Japan,Male,2015,80.90425037522687
Japan,Male,2016,81.11463767633789
Japan,Male,2017,81.19851612288747
Japan,Male,2018,81.33919104148393
Japan,Male,2019,81.47822408363446
Japan,Male,2020,81.70460592455069
Japan,Male,2021,81.57254677472949
Japan,Male,2022,81.18941125310643
Japan,Male,2023,81.03607363106191
Jordan,Female,1990,74.12950317846344
Jordan,Female,1991,74.0348366950166
Jordan,Female,1992,74.00844214189121
Jordan,Female,1993,73.91750937086044
Jordan,Female,1994,73.90348876317684
Jordan,Female,1995,73.89984783119482
Jordan,Female,1996,73.89572865358964
Jordan,Female,1997,73.94881322134505
Jordan,Female,1998,73.99279453080558
Jordan,Female,1999,74.05749759977367
Jordan,Female,2000,73.96802338962726
Jordan,Female,2001,73.88575892938465
Jordan,Female,2002,73.99369929135987
Jordan,Female,2003,74.4667187656903
Jordan,Female,2004,74.49548120958998
Jordan,Female,2005,74.34609413870756
Jordan,Female,2006,74.47759744536718
Jordan,Female,2007,75.26206162344164
Jordan,Female,2008,75.89388996527143
Jordan,Female,2009,76.29925100496096
Jordan,Female,2010,76.64589827853399
Jordan,Female,2011,76.92686083768875
Jordan,Female,2012,77.24790210920499
Jordan,Female,2013,77.5770143848011
Jordan,Female,2014,77.89436860331
Jordan,Female,2015,78.33678230830667
Jordan,Female,2016,78.6507921311294
Jordan,Female,2017,78.94018442175376
Jordan,Female,2018,79.29157390221563
Jordan,Female,2019,79.54594166198264
Jordan,Female,2020,76.88165039287678
Jordan,Female,2021,75.03837908003781
Jordan,Female,2022,79.27199774743345
Jordan,Female,2023,80.39731812468104
Jordan,Male,1990,68.037618984077
Jordan,Male,1991,68.15256503610293
Jordan,Male,1992,68.20808968937052
Jordan,Male,1993,68.31724246101211
Jordan,Male,1994,68.38501761370621
Jordan,Male,1995,68.58274743495818
Jordan,Male,1996,68.79633604332872
Jordan,Male,1997,69.01528965940008
Jordan,Male,1998,69.24195512228624
Jordan,Male,1999,69.49393068325638
Jordan,Male,2000,69.77201645059293
Jordan,Male,2001,70.0322387344102
Jordan,Male,2002,70.38392408909213
Jordan,Male,2003,70.69426042620734
Jordan,Male,2004,71.04779647392743
Jordan,Male,2005,71.34884795541181
Jordan,Male,2006,71.73991707950778
Jordan,Male,2007,72.14111059127723
Jordan,Male,2008,72.53624630911469
Jordan,Male,2009,72.90978126286004
Jordan,Male,2010,73.29776118799327
Jordan,Male,2011,73.68601719082646
Jordan,Male,2012,74.05150191204416
Jordan,Male,2013,74.41234410617197
Jordan,Male,2014,74.74750358664922
Jordan,Male,2015,75.06386898901387
Jordan,Male,2016,75.33411906831657
Jordan,Male,2017,75.5918887075748
Jordan,Male,2018,75.82218365696552
Jordan,Male,2019,76.02789292720158
Jordan,Male,2020,73.90462833711864
Jordan,Male,2021,72.71143082130607
Jordan,Male,2022,75.99328265088039
Jordan,Male,2023,76.9055402552961
Kazakhstan,Female,1990,72.19176386041458
Kazakhstan,Female,1991,71.84492915496907
Kazakhstan,Female,1992,71.36871779889809
Kazakhstan,Female,1993,70.4827074857725
Kazakhstan,Female,1994,69.82618686864791
Kazakhstan,Female,1995,69.60140212242221
Kazakhstan,Female,1996,69.74865796489362
Kazakhstan,Female,1997,70.14854295363972
Kazakhstan,Female,1998,70.5727735402184
Kazakhstan,Female,1999,70.8792928339845
Kazakhstan,Female,2000,71.20411391367058
Kazakhstan,Female,2001,71.34055035413357
Kazakhstan,Female,2002,71.28255647791242
Kazakhstan,Female,2003,71.14395726657061
Kazakhstan,Female,2004,71.38389655195243
Kazakhstan,Female,2005,71.49312060423523
Kazakhstan,Female,2006,71.66906832320404
Kazakhstan,Female,2007,71.91522141907024
Kazakhstan,Female,2008,72.37194176295979
Kazakhstan,Female,2009,73.14789539371202
Kazakhstan,Female,2010,73.55120803495728
Kazakhstan,Female,2011,73.88505357571619
Kazakhstan,Female,2012,74.4412153874165
Kazakhstan,Female,2013,75.0087437428224
Kazakhstan,Female,2014,75.67107857760837
Kazakhstan,Female,2015,76.21734140910422
Kazakhstan,Female,2016,76.61617829673185
Kazakhstan,Female,2017,76.98779460580016
Kazakhstan,Female,2018,77.30204931064722
Kazakhstan,Female,2019,77.4394529564069
Kazakhstan,Female,2020,75.77120370240269
Kazakhstan,Female,2021,74.32326077164556
Kazakhstan,Female,2022,78.01688416451498
Kazakhstan,Female,2023,78.68824399770627
Kazakhstan,Male,1990,62.9380335060015
Kazakhstan,Male,1991,62.450702787533665
Kazakhstan,Male,1992,61.79723013407518
Kazakhstan,Male,1993,60.76482672554567
Kazakhstan,Male,1994,59.88469349295595
Kazakhstan,Male,1995,59.17947196240026
Kazakhstan,Male,1996,59.1030545965286
Kazakhstan,Male,1997,59.551818123461786
Kazakhstan,Male,1998,60.15971484108753
Kazakhstan,Male,1999,60.60334677442927
Kazakhstan,Male,2000,60.66263382082521
Kazakhstan,Male,2001,60.69671609013667
Kazakhstan,Male,2002,60.59772271366145
Kazakhstan,Male,2003,60.331936283418464
Kazakhstan,Male,2004,60.37500479103792
Kazakhstan,Male,2005,60.27165247382106
Kazakhstan,Male,2006,60.34859871679694
Kazakhstan,Male,2007,60.86090547346383
Kazakhstan,Male,2008,61.98974925183372
Kazakhstan,Male,2009,63.20932786327003
Kazakhstan,Male,2010,63.829010456147905
Kazakhstan,Male,2011,64.25372568389763
Kazakhstan,Male,2012,64.87269683919824
Kazakhstan,Male,2013,65.7431904726811
Kazakhstan,Male,2014,66.68980265903947
Kazakhstan,Male,2015,67.45105220313522
Kazakhstan,Male,2016,68.0755909243522
Kazakhstan,Male,2017,68.70182332741047
Kazakhstan,Male,2018,69.0878718515864
Kazakhstan,Male,2019,69.39181730850699
Kazakhstan,Male,2020,67.54835387962125
Kazakhstan,Male,2021,66.91123002440386
Kazakhstan,Male,2022,69.99799651322843
Kazakhstan,Male,2023,70.79105619123445
Kenya,Female,1990,63.93836209505198
Kenya,Female,1991,63.55438151208636
Kenya,Female,1992,62.981425059252295
Kenya,Female,1993,62.32233087379676
Kenya,Female,1994,61.58509005216155
Kenya,Female,1995,61.023802932033554
Kenya,Female,1996,60.41913759136014
Kenya,Female,1997,59.75392392954448
Kenya,Female,1998,59.27911586564509
Kenya,Female,1999,59.04855752101225
Kenya,Female,2000,58.9201411066108
Kenya,Female,2001,59.13304954436192
Kenya,Female,2002,59.2361008927767
Kenya,Female,2003,59.65815822478088
Kenya,Female,2004,60.10452163441395
Kenya,Female,2005,61.43943498557749
Kenya,Female,2006,63.10779415080775
Kenya,Female,2007,64.18444467411217
Kenya,Female,2008,64.87411499067242
Kenya,Female,2009,65.62911392250761
Kenya,Female,2010,66.31349450264528
Kenya,Female,2011,67.1056058055476
Kenya,Female,2012,67.86652068797292
Kenya,Female,2013,68.39228182311736
Kenya,Female,2014,68.9084803677902
Kenya,Female,2015,69.36285386632225
Kenya,Female,2016,69.89047369084876
Kenya,Female,2017,70.28735053516746
Kenya,Female,2018,70.57178471661143
Kenya,Female,2019,70.81860547116305
Kenya,Female,2020,69.53431896103766
Kenya,Female,2021,68.22335250784417
Kenya,Female,2022,71.24649662210376
Kenya,Female,2023,71.71510057115192
Kenya,Male,1990,60.17880183356174
Kenya,Male,1991,59.765571983101445
Kenya,Male,1992,59.19078934333519
Kenya,Male,1993,58.57146266833403
Kenya,Male,1994,57.92638037929157
Kenya,Male,1995,57.47868093312716
Kenya,Male,1996,56.92683763514861
Kenya,Male,1997,56.34176632443572
Kenya,Male,1998,55.93949108326001
Kenya,Male,1999,55.77241893741968
Kenya,Male,2000,55.743289088335615
Kenya,Male,2001,55.944617340921155
Kenya,Male,2002,56.134649149841216
Kenya,Male,2003,56.483650149044685
Kenya,Male,2004,56.887400322566656
Kenya,Male,2005,58.03941115049666
Kenya,Male,2006,59.56964892575703
Kenya,Male,2007,60.64987897214154
Kenya,Male,2008,61.294757636020805
Kenya,Male,2009,62.0320973244867
Kenya,Male,2010,62.625193336924795
Kenya,Male,2011,62.92879537529497
Kenya,Male,2012,63.21680764227946
Kenya,Male,2013,63.59075238661103
Kenya,Male,2014,64.15487215014
Kenya,Male,2015,64.7974812820465
Kenya,Male,2016,65.44114581211834
Kenya,Male,2017,65.94617473978458
Kenya,Male,2018,66.36396254689296
Kenya,Male,2019,66.74741549564433
Kenya,Male,2020,64.05028900925328
Kenya,Male,2021,62.695358873690566
Kenya,Male,2022,67.48719236344392
Kenya,Male,2023,68.19376236704136
Kiribati,Female,1990,69.28111064305286
Kiribati,Female,1991,69.31953111315116
Kiribati,Female,1992,69.56749439298109
Kiribati,Female,1993,69.69003161036846
Kiribati,Female,1994,69.86552241257392
Kiribati,Female,1995,69.97098690559709
Kiribati,Female,1996,70.19624353242091
Kiribati,Female,1997,70.3501333496407
Kiribati,Female,1998,70.52092042629934
Kiribati,Female,1999,70.65855841680124
Kiribati,Female,2000,70.8225478162855
Kiribati,Female,2001,71.06177765630967
Kiribati,Female,2002,71.24372523204599
Kiribati,Female,2003,71.43641156474779
Kiribati,Female,2004,71.59015960962282
Kiribati,Female,2005,71.76348416142913
Kiribati,Female,2006,71.94232856191383
Kiribati,Female,2007,72.13935421828911
Kiribati,Female,2008,72.28239913635471
Kiribati,Female,2009,72.42654281901571
Kiribati,Female,2010,72.55906391759373
Kiribati,Female,2011,72.69529962769653
Kiribati,Female,2012,72.87131591360131
Kiribati,Female,2013,73.07324539591549
Kiribati,Female,2014,73.29455900813359
Kiribati,Female,2015,73.52537978346533
Kiribati,Female,2016,73.73839501165989
Kiribati,Female,2017,73.94456662412341
Kiribati,Female,2018,73.07663849909225
Kiribati,Female,2019,74.31092478423811
Kiribati,Female,2020,73.88047985648369
Kiribati,Female,2021,72.57652588434438
Kiribati,Female,2022,74.09379482507094
Kiribati,Female,2023,74.46394587381391
Kiribati,Male,1990,60.95172845932677
Kiribati,Male,1991,60.99158640508381
Kiribati,Male,1992,61.1947276598023
Kiribati,Male,1993,61.36942648478401
Kiribati,Male,1994,61.436755284004235
Kiribati,Male,1995,61.50534729625255
Kiribati,Male,1996,62.00424492849571
Kiribati,Male,1997,62.22808854487709
Kiribati,Male,1998,62.453473878960885
Kiribati,Male,1999,62.690386388838995
Kiribati,Male,2000,62.91072133258894
Kiribati,Male,2001,63.16420089340976
Kiribati,Male,2002,63.37353670632943
Kiribati,Male,2003,63.61217020620023
Kiribati,Male,2004,63.83883893203523
Kiribati,Male,2005,64.07885562784399
Kiribati,Male,2006,64.30086354529479
Kiribati,Male,2007,64.56224547511643
Kiribati,Male,2008,64.7509205160897
Kiribati,Male,2009,64.9304563218922
Kiribati,Male,2010,65.13410963237392
Kiribati,Male,2011,65.33120262073147
Kiribati,Male,2012,65.52619980936228
Kiribati,Male,2013,65.76872641522533
Kiribati,Male,2014,66.03506708942984
Kiribati,Male,2015,66.29378307413464
Kiribati,Male,2016,66.58789121111667
Kiribati,Male,2017,66.86246659415244
Kiribati,Male,2018,63.96783658030904
Kiribati,Male,2019,67.33617737636058
Kiribati,Male,2020,66.85966982161383
Kiribati,Male,2021,65.32563546827095
Kiribati,Male,2022,67.15560938425163
Kiribati,Male,2023,67.55311996549177
Kuwait,Female,1990,74.10207431713857
Kuwait,Female,1991,73.33872739844742
Kuwait,Female,1992,75.51529731897953
Kuwait,Female,1993,75.70665717914251
Kuwait,Female,1994,75.64703426335936
Kuwait,Female,1995,75.61109582133454
Kuwait,Female,1996,75.62884015359595
Kuwait,Female,1997,75.64251136534597
Kuwait,Female,1998,75.77058247356887
Kuwait,Female,1999,76.27545899020404
Kuwait,Female,2000,76.45050765289665
Kuwait,Female,2001,76.41720278502456
Kuwait,Female,2002,76.53798610748757
Kuwait,Female,2003,76.68119943424979
Kuwait,Female,2004,77.08708125265518
Kuwait,Female,2005,77.5261404545759
Kuwait,Female,2006,77.48117033178826
Kuwait,Female,2007,77.68428108036392
Kuwait,Female,2008,77.98935311138803
Kuwait,Female,2009,78.3618182738009
Kuwait,Female,2010,78.76300484930644
Kuwait,Female,2011,78.98744125653329
Kuwait,Female,2012,79.48821858219571
Kuwait,Female,2013,80.05055178192306
Kuwait,Female,2014,80.41012192937008
Kuwait,Female,2015,80.63281893260377
Kuwait,Female,2016,80.62024810235346
Kuwait,Female,2017,80.78709379907168
Kuwait,Female,2018,81.00691163108807
Kuwait,Female,2019,81.16040125664915
Kuwait,Female,2020,79.4573476553724
Kuwait,Female,2021,79.29040657351135
Kuwait,Female,2022,81.22614968421473
Kuwait,Female,2023,81.74556493571085
Kuwait,Male,1990,69.94164623739485
Kuwait,Male,1991,67.082902477015665
Kuwait,Male,1992,73.76847929182635
Kuwait,Male,1993,73.35519174828045
Kuwait,Male,1994,73.56954776898948
Kuwait,Male,1995,73.31852521066835
Kuwait,Male,1996,73.25419361473925
Kuwait,Male,1997,73.53176556039956
Kuwait,Male,1998,73.79329626460286
Kuwait,Male,1999,74.18709414411467
Kuwait,Male,2000,74.59064495276724
Kuwait,Male,2001,74.63747696513877
Kuwait,Male,2002,74.7147654876029
Kuwait,Male,2003,75.00652736195335
Kuwait,Male,2004,75.41849549161873
Kuwait,Male,2005,75.779189242356
Kuwait,Male,2006,75.73492645825273
Kuwait,Male,2007,76.11947495394467
Kuwait,Male,2008,76.34388493499327
Kuwait,Male,2009,76.97490770628303
Kuwait,Male,2010,77.41197833477504
Kuwait,Male,2011,77.51644735409256
Kuwait,Male,2012,77.90608341713656
Kuwait,Male,2013,78.3076301557865
Kuwait,Male,2014,78.79374504033093
Kuwait,Male,2015,78.96670958327657
Kuwait,Male,2016,78.9825475233738
Kuwait,Male,2017,79.13186501438233
Kuwait,Male,2018,79.33161331747792
Kuwait,Male,2019,79.7407292571843
Kuwait,Male,2020,78.35672663140531
Kuwait,Male,2021,78.44182390583774
Kuwait,Male,2022,80.1739740194712
Kuwait,Male,2023,80.87989888592345
Kyrgyzstan,Female,1990,70.79970076960792
Kyrgyzstan,Female,1991,70.88427950536706
Kyrgyzstan,Female,1992,70.55372818212328
Kyrgyzstan,Female,1993,69.9115755261077
Kyrgyzstan,Female,1994,69.45129936052948
Kyrgyzstan,Female,1995,69.69403811035757
Kyrgyzstan,Female,1996,70.07497269474136
Kyrgyzstan,Female,1997,70.47002181390982
Kyrgyzstan,Female,1998,70.73983035817477
Kyrgyzstan,Female,1999,71.01723517812171
Kyrgyzstan,Female,2000,71.23817934901196
Kyrgyzstan,Female,2001,71.46278560445931
Kyrgyzstan,Female,2002,71.35983185120455
Kyrgyzstan,Female,2003,71.36262628797203
Kyrgyzstan,Female,2004,71.50050814788419
Kyrgyzstan,Female,2005,71.58519076248758
Kyrgyzstan,Female,2006,71.69312046651716
Kyrgyzstan,Female,2007,71.9738795766887
Kyrgyzstan,Female,2008,72.33277917525115
Kyrgyzstan,Female,2009,72.9964979775118
Kyrgyzstan,Female,2010,73.47557880092668
Kyrgyzstan,Female,2011,73.81471773946625
Kyrgyzstan,Female,2012,74.1060030685211
Kyrgyzstan,Female,2013,74.652825050835375
Kyrgyzstan,Female,2014,75.01876526928746
Kyrgyzstan,Female,2015,75.36720323812578
Kyrgyzstan,Female,2016,75.73837588683514
Kyrgyzstan,Female,2017,76.18547628455265
Kyrgyzstan,Female,2018,76.9214298653495
Kyrgyzstan,Female,2019,77.80827332072583
Kyrgyzstan,Female,2020,74.91415307023861
Kyrgyzstan,Female,2021,74.92514916333923
Kyrgyzstan,Female,2022,77.29554690285319
Kyrgyzstan,Female,2023,77.84583230227604
Kyrgyzstan,Male,1990,62.656126650962506
Kyrgyzstan,Male,1991,62.62654637904323
Kyrgyzstan,Male,1992,62.19270022528333
Kyrgyzstan,Male,1993,61.43514727078921
Kyrgyzstan,Male,1994,60.767924142933666
Kyrgyzstan,Male,1995,60.808825607206
Kyrgyzstan,Male,1996,61.31524737201045
Kyrgyzstan,Male,1997,61.928909249711886
Kyrgyzstan,Male,1998,62.44556398182936
Kyrgyzstan,Male,1999,62.89860888850484
Kyrgyzstan,Male,2000,62.89834560048256
Kyrgyzstan,Male,2001,63.14800098282499
Kyrgyzstan,Male,2002,63.15507022221654
Kyrgyzstan,Male,2003,63.16572791339176
Kyrgyzstan,Male,2004,63.382654324890694
Kyrgyzstan,Male,2005,63.43776427697529
Kyrgyzstan,Male,2006,63.421712035928145
Kyrgyzstan,Male,2007,63.737847284027566
Kyrgyzstan,Male,2008,64.32601739878768
Kyrgyzstan,Male,2009,65.09043194767091
Kyrgyzstan,Male,2010,65.37813692852961
Kyrgyzstan,Male,2011,66.0400618044305
Kyrgyzstan,Male,2012,66.4307352246535
Kyrgyzstan,Male,2013,66.99181724722342
Kyrgyzstan,Male,2014,67.5975001240379
Kyrgyzstan,Male,2015,68.26592134462364
Kyrgyzstan,Male,2016,68.89397693992343
Kyrgyzstan,Male,2017,69.40826294347029
Kyrgyzstan,Male,2018,70.10357400008861
Kyrgyzstan,Male,2019,71.01260341701249
Kyrgyzstan,Male,2020,68.26456977674536
Kyrgyzstan,Male,2021,69.58296656971922
Kyrgyzstan,Male,2022,71.9562425343366
Kyrgyzstan,Male,2023,72.48699808404434
Lao People's Democratic Republic,Female,1990,52.72349943538675
Lao People's Democratic Republic,Female,1991,53.10596308792598
Lao People's Democratic Republic,Female,1992,53.408364288496664
Lao People's Democratic Republic,Female,1993,53.71594203956312
Lao People's Democratic Republic,Female,1994,54.08277521890624
Lao People's Democratic Republic,Female,1995,54.9347892936096
Lao People's Democratic Republic,Female,1996,55.63652880892559
Lao People's Democratic Republic,Female,1997,56.458926794846874
Lao People's Democratic Republic,Female,1998,57.22681542467603
Lao People's Democratic Republic,Female,1999,58.118407994105226
Lao People's Democratic Republic,Female,2000,59.02945112694844
Lao People's Democratic Republic,Female,2001,59.96848594249939
Lao People's Democratic Republic,Female,2002,60.93213993870346
Lao People's Democratic Republic,Female,2003,61.81776785453008
Lao People's Democratic Republic,Female,2004,62.62676731199874
Lao People's Democratic Republic,Female,2005,63.29158818612094
Lao People's Democratic Republic,Female,2006,63.93225734272708
Lao People's Democratic Republic,Female,2007,64.48675432440702
Lao People's Democratic Republic,Female,2008,65.0300052094399
Lao People's Democratic Republic,Female,2009,65.42706634578576
Lao People's Democratic Republic,Female,2010,65.75481716044298
Lao People's Democratic Republic,Female,2011,66.06504631820872
Lao People's Democratic Republic,Female,2012,66.41903639302066
Lao People's Democratic Republic,Female,2013,66.49113457048249
Lao People's Democratic Republic,Female,2014,66.7198884017184
Lao People's Democratic Republic,Female,2015,66.79584671598516
Lao People's Democratic Republic,Female,2016,66.90756101678615
Lao People's Democratic Republic,Female,2017,67.10052908982956
Lao People's Democratic Republic,Female,2018,67.16740783643375
Lao People's Democratic Republic,Female,2019,67.28599597229686
Lao People's Democratic Republic,Female,2020,67.31525424637033
Lao People's Democratic Republic,Female,2021,67.32635756134646
Lao People's Democratic Republic,Female,2022,67.06493874060362
Lao People's Democratic Republic,Female,2023,67.18206610819011
Lao People's Democratic Republic,Male,1990,48.93429614806688
Lao People's Democratic Republic,Male,1991,49.520070157968306
Lao People's Democratic Republic,Male,1992,49.87589404187738
Lao People's Democratic Republic,Male,1993,50.26305791608394
Lao People's Democratic Republic,Male,1994,50.65116210563799
Lao People's Democratic Republic,Male,1995,51.465993292043656
Lao People's Democratic Republic,Male,1996,52.097138423639706
Lao People's Democratic Republic,Male,1997,52.78759207345817
Lao People's Democratic Republic,Male,1998,53.37269577576801
Lao People's Democratic Republic,Male,1999,54.154201981524515
Lao People's Democratic Republic,Male,2000,54.922419050195096
Lao People's Democratic Republic,Male,2001,55.786461363367906
Lao People's Democratic Republic,Male,2002,56.67755928492648
Lao People's Democratic Republic,Male,2003,57.539291047646586
Lao People's Democratic Republic,Male,2004,58.38658444646928
Lao People's Democratic Republic,Male,2005,59.12528388416999
Lao People's Democratic Republic,Male,2006,59.78490374249805
Lao People's Democratic Republic,Male,2007,60.46866480748202
Lao People's Democratic Republic,Male,2008,61.131879192818154
Lao People's Democratic Republic,Male,2009,61.68426136729993
Lao People's Democratic Republic,Male,2010,62.19695102794333
Lao People's Democratic Republic,Male,2011,62.64982178428876
Lao People's Democratic Republic,Male,2012,63.090697452696574
Lao People's Democratic Republic,Male,2013,63.34854420704258
Lao People's Democratic Republic,Male,2014,63.77011100152833
Lao People's Democratic Republic,Male,2015,64.01968444620624
Lao People's Democratic Republic,Male,2016,64.3180557144587
Lao People's Democratic Republic,Male,2017,64.5880006698416
Lao People's Democratic Republic,Male,2018,64.79880390088134
Lao People's Democratic Republic,Male,2019,64.9827979998327
Lao People's Democratic Republic,Male,2020,65.14776362422111
Lao People's Democratic Republic,Male,2021,65.15170862034648
Lao People's Democratic Republic,Male,2022,64.96425476238511
Lao People's Democratic Republic,Male,2023,65.16684380028546
Latvia,Female,1990,74.82213692105887
Latvia,Female,1991,74.63752107190015
Latvia,Female,1992,74.33726699354064
Latvia,Female,1993,73.88336183190134
Latvia,Female,1994,73.62863370269713
Latvia,Female,1995,73.93292733783044
Latvia,Female,1996,74.50397330073768
Latvia,Female,1997,74.90848511683433
Latvia,Female,1998,75.15759989247285
Latvia,Female,1999,75.4634407423334
Latvia,Female,2000,75.6858959361541
Latvia,Female,2001,75.77151978596005
Latvia,Female,2002,75.89177551513924
Latvia,Female,2003,76.01799300686352
Latvia,Female,2004,76.17034452375242
Latvia,Female,2005,76.2781386835195
Latvia,Female,2006,76.37420040286356
Latvia,Female,2007,76.71631782576088
Latvia,Female,2008,77.20931717745985
Latvia,Female,2009,77.74927597931597
Latvia,Female,2010,78.13644631831154
Latvia,Female,2011,78.46457229057762
Latvia,Female,2012,78.74702013360894
Latvia,Female,2013,79.02909154386818
Latvia,Female,2014,79.38837627683928
Latvia,Female,2015,79.63342589041127
Latvia,Female,2016,79.83901713938994
Latvia,Female,2017,80.04603901569162
Latvia,Female,2018,80.25650192085344
Latvia,Female,2019,80.51495611839641
Latvia,Female,2020,80.14159876092577
Latvia,Female,2021,78.45878418645835
Latvia,Female,2022,79.65010387485124
Latvia,Female,2023,80.63882149254263
Latvia,Male,1990,64.71831290123485
Latvia,Male,1991,63.9543407093845
Latvia,Male,1992,62.78714272661037
Latvia,Male,1993,61.48236438626454
Latvia,Male,1994,60.87257058706626
Latvia,Male,1995,61.4965572040789
Latvia,Male,1996,62.71476169065062
Latvia,Male,1997,63.73002737259243
Latvia,Male,1998,64.27684256274942
Latvia,Male,1999,64.64625045428885
Latvia,Male,2000,64.81137628563839
Latvia,Male,2001,64.9408264778584
Latvia,Male,2002,65.15876078044673
Latvia,Male,2003,65.35466527819291
Latvia,Male,2004,65.4028489903689
Latvia,Male,2005,65.35121274532622
Latvia,Male,2006,65.36321362773846
Latvia,Male,2007,65.8698011799808
Latvia,Male,2008,66.69331862867026
Latvia,Male,2009,67.45980915478872
Latvia,Male,2010,68.10427113253509
Latvia,Male,2011,68.59137175231189
Latvia,Male,2012,69.08169312285605
Latvia,Male,2013,69.4539533974661
Latvia,Male,2014,69.83619483076144
Latvia,Male,2015,70.1106121723024
Latvia,Male,2016,70.37781409875606
Latvia,Male,2017,70.6538995097582
Latvia,Male,2018,71.03190806936242
Latvia,Male,2019,71.39889221647593
Latvia,Male,2020,71.03656550923361
Latvia,Male,2021,68.88482584355235
Latvia,Male,2022,69.8558465193786
Latvia,Male,2023,70.72885969294596
Lebanon,Female,1990,77.23629382265288
Lebanon,Female,1991,78.37970706321893
Lebanon,Female,1992,78.45290863700512
Lebanon,Female,1993,78.61748391356889
Lebanon,Female,1994,78.89845989183755
Lebanon,Female,1995,79.09182109942994
Lebanon,Female,1996,79.33282188839645
Lebanon,Female,1997,79.62519970606124
Lebanon,Female,1998,79.92628595447943
Lebanon,Female,1999,80.32012164785249
Lebanon,Female,2000,80.62068422143791
Lebanon,Female,2001,81.02113267291149
Lebanon,Female,2002,81.46709878806152
Lebanon,Female,2003,81.7526623721468
Lebanon,Female,2004,82.02048723327717
Lebanon,Female,2005,82.10550476585817
Lebanon,Female,2006,81.8545603336663
Lebanon,Female,2007,82.08198279732191
Lebanon,Female,2008,82.03815498466096
Lebanon,Female,2009,82.05000402807013
Lebanon,Female,2010,82.04805295905949
Lebanon,Female,2011,81.60360020837823
Lebanon,Female,2012,81.14491186702236
Lebanon,Female,2013,80.64071476707792
Lebanon,Female,2014,80.44061352748994
Lebanon,Female,2015,80.74345593606846
Lebanon,Female,2016,81.54885016377386
Lebanon,Female,2017,81.91992176461792
Lebanon,Female,2018,81.52443101865563
Lebanon,Female,2019,79.83473351552774
Lebanon,Female,2020,76.1735723119378
Lebanon,Female,2021,79.99361427846537
Lebanon,Female,2022,80.21531814085611
Lebanon,Female,2023,80.9458753262129
Lebanon,Male,1990,72.30255060739964
Lebanon,Male,1991,75.54236570790036
Lebanon,Male,1992,75.62299116163862
Lebanon,Male,1993,75.77679377303747
Lebanon,Male,1994,76.13001212700749
Lebanon,Male,1995,76.42256820950895
Lebanon,Male,1996,76.57673600220343
Lebanon,Male,1997,76.97847002245278
Lebanon,Male,1998,77.30171378681123
Lebanon,Male,1999,77.64036799098893
Lebanon,Male,2000,77.9613663899731
Lebanon,Male,2001,78.3951086929291
Lebanon,Male,2002,78.82068357153517
Lebanon,Male,2003,79.04669539184844
Lebanon,Male,2004,79.22025658108075
Lebanon,Male,2005,79.1698712783422
Lebanon,Male,2006,78.07393674083657
Lebanon,Male,2007,78.87157343995001
Lebanon,Male,2008,78.70259117443231
Lebanon,Male,2009,78.69408722543874
Lebanon,Male,2010,78.67033696550868
Lebanon,Male,2011,78.26094916793899
Lebanon,Male,2012,77.64955237220985
Lebanon,Male,2013,76.99954192391972
Lebanon,Male,2014,76.78715868906731
Lebanon,Male,2015,77.23567132195883
Lebanon,Male,2016,78.275151433682
Lebanon,Male,2017,78.49523756229321
Lebanon,Male,2018,77.82661648933026
Lebanon,Male,2019,75.2781290859278
Lebanon,Male,2020,69.70813483664226
Lebanon,Male,2021,73.94151637638409
Lebanon,Male,2022,75.91518556477455
Lebanon,Male,2023,76.81142211646272
Lesotho,Female,1990,62.03177324810341
Lesotho,Female,1991,62.059928366785385
Lesotho,Female,1992,61.91305747183496
Lesotho,Female,1993,61.50708362425493
Lesotho,Female,1994,60.8477437533914
Lesotho,Female,1995,59.94622341402169
Lesotho,Female,1996,58.63497090010079
Lesotho,Female,1997,56.99107395386436
Lesotho,Female,1998,54.99889489098389
Lesotho,Female,1999,52.739275610130306
Lesotho,Female,2000,50.42831960536597
Lesotho,Female,2001,48.067691722411226
Lesotho,Female,2002,45.8834756802811
Lesotho,Female,2003,44.16553739226581
Lesotho,Female,2004,42.94540591483746
Lesotho,Female,2005,44.31097277666257
Lesotho,Female,2006,47.191305001649674
Lesotho,Female,2007,51.144606626986565
Lesotho,Female,2008,54.32526730561609
Lesotho,Female,2009,55.3316340928484
Lesotho,Female,2010,56.23287998303367
Lesotho,Female,2011,56.35726045283064
Lesotho,Female,2012,55.974063055974
Lesotho,Female,2013,55.78289403920484
Lesotho,Female,2014,55.280109472475594
Lesotho,Female,2015,55.02327710508162
Lesotho,Female,2016,55.98781594997951
Lesotho,Female,2017,57.30724032345915
Lesotho,Female,2018,58.40706352164729
Lesotho,Female,2019,58.95292602586586
Lesotho,Female,2020,58.43113312519073
Lesotho,Female,2021,56.66733003241696
Lesotho,Female,2022,59.62815370283013
Lesotho,Female,2023,60.41527249108909
Lesotho,Male,1990,55.1436045548301
Lesotho,Male,1991,55.25779205476409
Lesotho,Male,1992,55.22689107504556
Lesotho,Male,1993,54.92819956230731
Lesotho,Male,1994,54.36931382938008
Lesotho,Male,1995,53.46872088833958
Lesotho,Male,1996,52.21413743592947
Lesotho,Male,1997,50.69862204909423
Lesotho,Male,1998,48.90211044711709
Lesotho,Male,1999,47.10475473692969
Lesotho,Male,2000,45.28563447409955
Lesotho,Male,2001,43.46622140210419
Lesotho,Male,2002,41.81380609961332
Lesotho,Male,2003,40.62066861537818
Lesotho,Male,2004,39.88832069966272
Lesotho,Male,2005,41.00543556628805
Lesotho,Male,2006,43.84051348296318
Lesotho,Male,2007,47.26403874039067
Lesotho,Male,2008,49.86718121562434
Lesotho,Male,2009,50.29327379519941
Lesotho,Male,2010,50.13597239856306
Lesotho,Male,2011,50.14892923371398
Lesotho,Male,2012,49.75834240313003
Lesotho,Male,2013,49.093045356685494
Lesotho,Male,2014,48.32599215370259
Lesotho,Male,2015,48.46337212208578
Lesotho,Male,2016,50.26791130757585
Lesotho,Male,2017,52.16127236438989
Lesotho,Male,2018,53.20868327267391
Lesotho,Male,2019,53.806190607131626
Lesotho,Male,2020,54.01618877965816
Lesotho,Male,2021,53.08255433274946
Lesotho,Male,2022,54.731547016625555
Lesotho,Male,2023,55.30817641330465
Liberia,Female,1990,51.01727392487248
Liberia,Female,1991,51.530461569560046
Liberia,Female,1992,51.946369561241205
Liberia,Female,1993,51.545194079846986
Liberia,Female,1994,51.01084879172665
Liberia,Female,1995,51.517619745386256
Liberia,Female,1996,50.49488633194292
Liberia,Female,1997,52.12999858137427
Liberia,Female,1998,52.421707703570696
Liberia,Female,1999,53.1505828711222
Liberia,Female,2000,53.95968078447075
Liberia,Female,2001,55.114358722426424
Liberia,Female,2002,55.488737627994226
Liberia,Female,2003,55.94489045440402
Liberia,Female,2004,57.15349636854353
Liberia,Female,2005,57.74924835333643
Liberia,Female,2006,57.99523967663379
Liberia,Female,2007,58.74501303230402
Liberia,Female,2008,58.93891366955523
Liberia,Female,2009,59.02441858264901
Liberia,Female,2010,59.1747349985149
Liberia,Female,2011,59.43111576202941
Liberia,Female,2012,59.38401700508236
Liberia,Female,2013,59.56392697436606
Liberia,Female,2014,56.15396028056313
Liberia,Female,2015,58.66956088091149
Liberia,Female,2016,60.92369098471142
Liberia,Female,2017,61.70053284989272
Liberia,Female,2018,62.22384110093794
Liberia,Female,2019,62.360707652332174
Liberia,Female,2020,60.56882145465555
Liberia,Female,2021,58.260509420802784
Liberia,Female,2022,62.21630410115131
Liberia,Female,2023,62.73371832832329
Liberia,Male,1990,43.41022095437266
Liberia,Male,1991,45.7708568584376
Liberia,Male,1992,46.281223936297714
Liberia,Male,1993,44.0227791653406
Liberia,Male,1994,42.49560641271329
Liberia,Male,1995,44.54201618064049
Liberia,Male,1996,42.64621675182613
Liberia,Male,1997,47.498760492359395
Liberia,Male,1998,47.93432583946119
Liberia,Male,1999,48.70823816337912
Liberia,Male,2000,49.7434379816886
Liberia,Male,2001,50.68205038897194
Liberia,Male,2002,50.1031376773898
Liberia,Male,2003,50.001054583167885
Liberia,Male,2004,53.69597996767733
Liberia,Male,2005,54.55532120537601
Liberia,Male,2006,55.16021314978111
Liberia,Male,2007,55.89158028907527
Liberia,Male,2008,56.32105399120087
Liberia,Male,2009,56.54152541047627
Liberia,Male,2010,56.774080821889235
Liberia,Male,2011,57.05740071859392
Liberia,Male,2012,57.102901635082794
Liberia,Male,2013,57.22760544806897
Liberia,Male,2014,54.85223761560772
Liberia,Male,2015,56.826479950542335
Liberia,Male,2016,58.43458521291222
Liberia,Male,2017,58.935563044849175
Liberia,Male,2018,59.40797219400772
Liberia,Male,2019,59.64767147364061
Liberia,Male,2020,56.407277952183335
Liberia,Male,2021,54.51498549629961
Liberia,Male,2022,59.67007201727558
Liberia,Male,2023,60.39471148348003
Libya,Female,1990,73.0788414289677
Libya,Female,1991,73.41766463754709
Libya,Female,1992,73.78412710787126
Libya,Female,1993,74.11776160790781
Libya,Female,1994,74.42683399550162
Libya,Female,1995,74.71165260310376
Libya,Female,1996,74.41087031874126
Libya,Female,1997,75.03128814659308
Libya,Female,1998,74.91227827486922
Libya,Female,1999,74.88801048965554
Libya,Female,2000,74.98409856879911
Libya,Female,2001,75.03245183298311
Libya,Female,2002,75.02356628959927
Libya,Female,2003,75.1010476549547
Libya,Female,2004,75.01987707999076
Libya,Female,2005,74.96950336910079
Libya,Female,2006,75.112323625343
Libya,Female,2007,75.21534789041483
Libya,Female,2008,75.31842915416715
Libya,Female,2009,75.31832047767723
Libya,Female,2010,75.4375204914493
Libya,Female,2011,74.33999350840922
Libya,Female,2012,75.56116950053206
Libya,Female,2013,75.81092260896355
Libya,Female,2014,75.16903904565315
Libya,Female,2015,75.34742646934188
Libya,Female,2016,75.65530059991836
Libya,Female,2017,76.02338266598615
Libya,Female,2018,76.14334805250758
Libya,Female,2019,76.11825398254838
Libya,Female,2020,73.78950452946486
Libya,Female,2021,71.04455921252261
Libya,Female,2022,75.64350680143531
Libya,Female,2023,69.98862927221671
Libya,Male,1990,68.4088714507952
Libya,Male,1991,68.90570002180363
Libya,Male,1992,69.18109574705531
Libya,Male,1993,69.7860121807361
Libya,Male,1994,70.16325237852034
Libya,Male,1995,70.5150229880753
Libya,Male,1996,69.835311588075
Libya,Male,1997,71.00688863568251
Libya,Male,1998,71.0739488258294
Libya,Male,1999,71.16284492636046
Libya,Male,2000,71.29387235091339
Libya,Male,2001,71.40158355384882
Libya,Male,2002,71.40682913146577
Libya,Male,2003,71.5484985476335
Libya,Male,2004,71.71377646058254
Libya,Male,2005,71.89138886204645
Libya,Male,2006,72.05978785594777
Libya,Male,2007,72.21585018465316
Libya,Male,2008,72.40186752362946
Libya,Male,2009,72.57747610482234
Libya,Male,2010,72.80728816188123
Libya,Male,2011,69.35491282760421
Libya,Male,2012,72.51360863906096
Libya,Male,2013,73.0166324084854
Libya,Male,2014,70.53570899918388
Libya,Male,2015,70.6466978497615
Libya,Male,2016,71.10854885820673
Libya,Male,2017,72.19854720294933
Libya,Male,2018,72.68489885371537
Libya,Male,2019,72.39652164635197
Libya,Male,2020,70.8313134858164
Libya,Male,2021,69.58274895563434
Libya,Male,2022,73.45544432321836
Libya,Male,2023,70.3032167724108
Lithuania,Female,1990,75.76039347556052
Lithuania,Female,1991,75.60341632184999
Lithuania,Female,1992,75.48384692873354
Lithuania,Female,1993,75.12779997271738
Lithuania,Female,1994,74.98897891732096
Lithuania,Female,1995,75.17057539283215
Lithuania,Female,1996,75.60995697355199
Lithuania,Female,1997,76.01043005426014
Lithuania,Female,1998,76.4324239435046
Lithuania,Female,1999,76.85193761167073
Lithuania,Female,2000,77.19636291153058
Lithuania,Female,2001,77.21842204314763
Lithuania,Female,2002,77.30409253603378
Lithuania,Female,2003,77.3782401216674
Lithuania,Female,2004,77.31522621481145
Lithuania,Female,2005,77.18076939537347
Lithuania,Female,2006,77.11729993654107
Lithuania,Female,2007,77.30633100701053
Lithuania,Female,2008,77.64838665077832
Lithuania,Female,2009,78.05559443280907
Lithuania,Female,2010,78.40115191542672
Lithuania,Female,2011,78.82731568478553
Lithuania,Female,2012,79.15409999205232
Lithuania,Female,2013,79.430426515376
Lithuania,Female,2014,79.67472785756176
Lithuania,Female,2015,79.82573356445474
Lithuania,Female,2016,80.0662747291234
Lithuania,Female,2017,80.34135066210489
Lithuania,Female,2018,80.59105772227629
Lithuania,Female,2019,80.70168592274094
Lithuania,Female,2020,80.06294684376155
Lithuania,Female,2021,78.92684282992904
Lithuania,Female,2022,80.00443003702664
Lithuania,Female,2023,81.2077979547695
Lithuania,Male,1990,65.87437162628099
Lithuania,Male,1991,65.20652916441331
Lithuania,Male,1992,64.43339602688918
Lithuania,Male,1993,63.50789828355933
Lithuania,Male,1994,63.062367408990205
Lithuania,Male,1995,63.414713133471146
Lithuania,Male,1996,64.18371225020725
Lithuania,Male,1997,65.12292016730632
Lithuania,Male,1998,65.78691073205823
Lithuania,Male,1999,66.15285614164482
Lithuania,Male,2000,66.3840153396824
Lithuania,Male,2001,66.21148413360707
Lithuania,Male,2002,66.09885031226958
Lithuania,Male,2003,65.9549816417442
Lithuania,Male,2004,65.71803693533893
Lithuania,Male,2005,65.23679197493327
Lithuania,Male,2006,64.90271456502688
Lithuania,Male,2007,65.02036592678806
Lithuania,Male,2008,65.70016675565981
Lithuania,Male,2009,66.59516312125254
Lithuania,Male,2010,67.23270358384495
Lithuania,Male,2011,67.756951503948045
Lithuania,Male,2012,68.20037521546197
Lithuania,Male,2013,68.62020496979845
Lithuania,Male,2014,69.01784457151676
Lithuania,Male,2015,69.31223264306527
Lithuania,Male,2016,69.82785281145907
Lithuania,Male,2017,70.45237538689744
Lithuania,Male,2018,70.91856343782645
Lithuania,Male,2019,71.08786622270316
Lithuania,Male,2020,70.19159164630771
Lithuania,Male,2021,69.59644891823017
Lithuania,Male,2022,70.85345220202584
Lithuania,Male,2023,71.86485073953982
Luxembourg,Female,1990,78.56830208822012
Luxembourg,Female,1991,78.82482009894092
Luxembourg,Female,1992,79.09355414932064
Luxembourg,Female,1993,79.34536587767779
Luxembourg,Female,1994,79.68478770629422
Luxembourg,Female,1995,79.93089676757762
Luxembourg,Female,1996,80.08309631589663
Luxembourg,Female,1997,80.31999809679459
Luxembourg,Female,1998,80.59104590761703
Luxembourg,Female,1999,80.87262065805004
Luxembourg,Female,2000,81.07424972494314
Luxembourg,Female,2001,81.25900887207091
Luxembourg,Female,2002,81.4141823587165
Luxembourg,Female,2003,81.5967917917999
Luxembourg,Female,2004,81.91965605189921
Luxembourg,Female,2005,82.16375779924292
Luxembourg,Female,2006,82.30239174041895
Luxembourg,Female,2007,82.51589056049872
Luxembourg,Female,2008,82.7989665721875
Luxembourg,Female,2009,83.07616464755739
Luxembourg,Female,2010,83.26406533571671
Luxembourg,Female,2011,83.40244955340457
Luxembourg,Female,2012,83.64435654927357
Luxembourg,Female,2013,83.79984018092291
Luxembourg,Female,2014,84.08730022214604
Luxembourg,Female,2015,84.23730806741246
Luxembourg,Female,2016,84.37979326598818
Luxembourg,Female,2017,84.59732521419197
Luxembourg,Female,2018,84.82815805827448
Luxembourg,Female,2019,85.06809762271813
Luxembourg,Female,2020,84.59910532287272
Luxembourg,Female,2021,84.87571002985513
Luxembourg,Female,2022,84.97788416937699
Luxembourg,Female,2023,85.12567336575381
Luxembourg,Male,1990,71.72347698655983
Luxembourg,Male,1991,72.03378564992462
Luxembourg,Male,1992,72.34864329296572
Luxembourg,Male,1993,72.60611492150053
Luxembourg,Male,1994,72.92914812202687
Luxembourg,Male,1995,73.18450002016276
Luxembourg,Male,1996,73.4030372718541
Luxembourg,Male,1997,73.79594280666963
Luxembourg,Male,1998,74.19763969100292
Luxembourg,Male,1999,74.61378003216869
Luxembourg,Male,2000,75.0518388353859
Luxembourg,Male,2001,75.46908952064959
Luxembourg,Male,2002,75.63057767878168
Luxembourg,Male,2003,75.92485118102715
Luxembourg,Male,2004,76.3485679720781
Luxembourg,Male,2005,76.79031739712313
Luxembourg,Male,2006,77.0716465541783
Luxembourg,Male,2007,77.48616120939174
Luxembourg,Male,2008,77.80471328245274
Luxembourg,Male,2009,78.07666465166096
Luxembourg,Male,2010,78.37484767547065
Luxembourg,Male,2011,78.71984671613787
Luxembourg,Male,2012,79.02849654603814
Luxembourg,Male,2013,79.37667824772788
Luxembourg,Male,2014,79.64229289426119
Luxembourg,Male,2015,79.8811728291207
Luxembourg,Male,2016,80.09234850185473
Luxembourg,Male,2017,80.38999276066555
Luxembourg,Male,2018,80.63708299373289
Luxembourg,Male,2019,80.93822033805165
Luxembourg,Male,2020,80.31148424135533
Luxembourg,Male,2021,80.61368221336558
Luxembourg,Male,2022,80.95658365774253
Luxembourg,Male,2023,81.2029649054008
Madagascar,Female,1990,53.20938346795269
Madagascar,Female,1991,53.32295709868844
Madagascar,Female,1992,53.4871757356333
Madagascar,Female,1993,53.82280794929117
Madagascar,Female,1994,54.3315223305658
Madagascar,Female,1995,55.04007903440379
Madagascar,Female,1996,55.76095105875982
Madagascar,Female,1997,56.47545160430532
Madagascar,Female,1998,57.23785203217287
Madagascar,Female,1999,57.799634632027555
Madagascar,Female,2000,58.48462703626453
Madagascar,Female,2001,59.12582198105388
Madagascar,Female,2002,59.59589464162431
Madagascar,Female,2003,60.17668775831586
Madagascar,Female,2004,60.61828545428407
Madagascar,Female,2005,61.13871212743409
Madagascar,Female,2006,61.48098069901596
Madagascar,Female,2007,61.7131940818075
Madagascar,Female,2008,61.8239313033082
Madagascar,Female,2009,62.003711873022496
Madagascar,Female,2010,62.18079125682867
Madagascar,Female,2011,62.35430404050653
Madagascar,Female,2012,62.51959276547191
Madagascar,Female,2013,62.70978744544332
Madagascar,Female,2014,62.993395447089085
Madagascar,Female,2015,63.1313909147408
Madagascar,Female,2016,63.34769653873528
Madagascar,Female,2017,63.56062295358274
Madagascar,Female,2018,63.663606945020405
Madagascar,Female,2019,63.897119954036654
Madagascar,Female,2020,63.5959871334935
Madagascar,Female,2021,63.225880601248235
Madagascar,Female,2022,63.47967282855283
Madagascar,Female,2023,63.88412808012193
Madagascar,Male,1990,50.543816341206806
Madagascar,Male,1991,50.72356704705538
Madagascar,Male,1992,50.97481366522443
Madagascar,Male,1993,51.362481128032385
Madagascar,Male,1994,51.88863449975592
Madagascar,Male,1995,52.53685122920268
Madagascar,Male,1996,53.23259060973458
Madagascar,Male,1997,53.91839320598668
Madagascar,Male,1998,54.6213282552719
Madagascar,Male,1999,55.164788094115465
Madagascar,Male,2000,55.84119396724679
Madagascar,Male,2001,56.410697945126735
Madagascar,Male,2002,56.83132140727908
Madagascar,Male,2003,57.41071549700071
Madagascar,Male,2004,57.851910655545936
Madagascar,Male,2005,58.368189766131714
Madagascar,Male,2006,58.70664344942184
Madagascar,Male,2007,58.952236392723094
Madagascar,Male,2008,59.04326966555298
Madagascar,Male,2009,59.14985973540973
Madagascar,Male,2010,59.27507163679267
Madagascar,Male,2011,59.375252008727365
Madagascar,Male,2012,59.46268994217456
Madagascar,Male,2013,59.55098961807021
Madagascar,Male,2014,59.6788696396684
Madagascar,Male,2015,59.8074947343859
Madagascar,Male,2016,60.003494454623606
Madagascar,Male,2017,60.25397848540481
Madagascar,Male,2018,60.44023599315574
Madagascar,Male,2019,60.745877420534775
Madagascar,Male,2020,59.753243243313754
Madagascar,Male,2021,58.63770436574159
Madagascar,Male,2022,60.27261834706797
Madagascar,Male,2023,61.16752168500605
Malawi,Female,1990,47.61273741522717
Malawi,Female,1991,47.46232991032588
Malawi,Female,1992,47.310234647830256
Malawi,Female,1993,47.01802212804392
Malawi,Female,1994,46.67648192924891
Malawi,Female,1995,45.96269081242155
Malawi,Female,1996,45.59315605628712
Malawi,Female,1997,45.46884577638475
Malawi,Female,1998,45.420618299350984
Malawi,Female,1999,45.64233111156635
Malawi,Female,2000,45.86099642750187
Malawi,Female,2001,46.21467304015017
Malawi,Female,2002,46.59826881403856
Malawi,Female,2003,47.482721353965154
Malawi,Female,2004,48.44033667986896
Malawi,Female,2005,50.5040360396173
Malawi,Female,2006,53.17032553396569
Malawi,Female,2007,55.71281663402237
Malawi,Female,2008,57.71387553875109
Malawi,Female,2009,59.05329816105112
Malawi,Female,2010,59.78916205041942
Malawi,Female,2011,60.71965678295627
Malawi,Female,2012,61.76890733402876
Malawi,Female,2013,62.74001027419008
Malawi,Female,2014,63.36346314693765
Malawi,Female,2015,63.630614968995495
Malawi,Female,2016,63.932163796976006
Malawi,Female,2017,64.0872488592568
Malawi,Female,2018,64.23923750537647
Malawi,Female,2019,64.4384231541325
Malawi,Female,2020,64.2640225128805
Malawi,Female,2021,59.77323090207833
Malawi,Female,2022,64.02486631449091
Malawi,Female,2023,64.29591989820321
Malawi,Male,1990,43.857332633057865
Malawi,Male,1991,44.010703991923144
Malawi,Male,1992,44.18978488988424
Malawi,Male,1993,44.28067125229827
Malawi,Male,1994,44.255227281868954
Malawi,Male,1995,43.87691265662068
Malawi,Male,1996,43.70980644036455
Malawi,Male,1997,43.68965413530591
Malawi,Male,1998,43.700045143064926
Malawi,Male,1999,43.894118764393745
Malawi,Male,2000,44.168711840841496
Malawi,Male,2001,44.60330140900681
Malawi,Male,2002,45.054668463848266
Malawi,Male,2003,45.902026197171075
Malawi,Male,2004,46.62296014776067
Malawi,Male,2005,48.03180396911075
Malawi,Male,2006,49.88319237632336
Malawi,Male,2007,51.68901364068077
Malawi,Male,2008,53.288905985516685
Malawi,Male,2009,54.430438283104294
Malawi,Male,2010,55.04368021086419
Malawi,Male,2011,55.76650930725922
Malawi,Male,2012,56.51656642534698
Malawi,Male,2013,57.22555075307819
Malawi,Male,2014,57.71648186527009
Malawi,Male,2015,57.98275109037599
Malawi,Male,2016,58.29628684959602
Malawi,Male,2017,58.58404572396662
Malawi,Male,2018,58.933624614611475
Malawi,Male,2019,59.26611713943844
Malawi,Male,2020,58.42239350539507
Malawi,Male,2021,52.631660600024986
Malawi,Male,2022,58.56406774990774
Malawi,Male,2023,59.658391370124974
Malaysia,Female,1990,73.68708472501278
Malaysia,Female,1991,73.8757928411288
Malaysia,Female,1992,74.17586803778703
Malaysia,Female,1993,74.35096962680515
Malaysia,Female,1994,74.49949228593388
Malaysia,Female,1995,74.57567864914093
Malaysia,Female,1996,74.728166371136
Malaysia,Female,1997,74.99864059634422
Malaysia,Female,1998,75.00696607577261
Malaysia,Female,1999,74.83228415302493
Malaysia,Female,2000,75.17920129316153
Malaysia,Female,2001,75.40747616861873
Malaysia,Female,2002,75.6089319023255
Malaysia,Female,2003,75.82805276686598
Malaysia,Female,2004,76.13256062507033
Malaysia,Female,2005,76.43053131944474
Malaysia,Female,2006,76.70980550871451
Malaysia,Female,2007,76.95404108628439
Malaysia,Female,2008,77.07158237617175
Malaysia,Female,2009,77.13603680482669
Malaysia,Female,2010,77.19057748896186
Malaysia,Female,2011,77.30645091354056
Malaysia,Female,2012,77.48997842963772
Malaysia,Female,2013,77.50358299357299
Malaysia,Female,2014,77.53154005878154
Malaysia,Female,2015,77.48833347508383
Malaysia,Female,2016,77.46583975448182
Malaysia,Female,2017,77.46004189740466
Malaysia,Female,2018,77.697520231943
Malaysia,Female,2019,78.20646410615215
Malaysia,Female,2020,78.82430898917626
Malaysia,Female,2021,75.56397340829366
Malaysia,Female,2022,77.29439036895572
Malaysia,Female,2023,78.48735903182616
Malaysia,Male,1990,69.31387841939923
Malaysia,Male,1991,69.41471490310003
Malaysia,Male,1992,69.69596946435111
Malaysia,Male,1993,69.84551446218029
Malaysia,Male,1994,69.88943793935229
Malaysia,Male,1995,69.8663840704064
Malaysia,Male,1996,69.99015501375271
Malaysia,Male,1997,70.26553369117335
Malaysia,Male,1998,70.2755447537307
Malaysia,Male,1999,70.11498376654517
Malaysia,Male,2000,70.52904194392883
Malaysia,Male,2001,71.04106799274105
Malaysia,Male,2002,71.3331816695694
Malaysia,Male,2003,71.48008027956232
Malaysia,Male,2004,71.76840750471086
Malaysia,Male,2005,72.19219043806486
Malaysia,Male,2006,72.52232350500786
Malaysia,Male,2007,72.68999166889691
Malaysia,Male,2008,72.69501038293012
Malaysia,Male,2009,72.73270987012812
Malaysia,Male,2010,72.81653902051728
Malaysia,Male,2011,72.92240013892753
Malaysia,Male,2012,73.12614233394393
Malaysia,Male,2013,73.19498618076737
Malaysia,Male,2014,73.20785778808717
Malaysia,Male,2015,73.20171968056617
Malaysia,Male,2016,73.10683228435008
Malaysia,Male,2017,73.15090087527649
Malaysia,Male,2018,73.37169646807689
Malaysia,Male,2019,73.95594330658209
Malaysia,Male,2020,74.57207915084572
Malaysia,Male,2021,71.31114714524912
Malaysia,Male,2022,72.99656999804773
Malaysia,Male,2023,74.60252885146947
Maldives,Female,1990,64.8729762704147
Maldives,Female,1991,65.33834491508772
Maldives,Female,1992,65.89198228212315
Maldives,Female,1993,66.6853631009799
Maldives,Female,1994,67.66967197699059
Maldives,Female,1995,68.23490661900551
Maldives,Female,1996,68.70039982896733
Maldives,Female,1997,69.28117510234941
Maldives,Female,1998,70.24884967893824
Maldives,Female,1999,70.9567653113436
Maldives,Female,2000,71.52428048802273
Maldives,Female,2001,71.97024467431878
Maldives,Female,2002,72.63504193056953
Maldives,Female,2003,73.12905071050037
Maldives,Female,2004,72.21848604159119
Maldives,Female,2005,73.91914653464349
Maldives,Female,2006,74.2895859162229
Maldives,Female,2007,74.64741075417467
Maldives,Female,2008,75.02072560180692
Maldives,Female,2009,75.31043214427352
Maldives,Female,2010,75.5562281012066
Maldives,Female,2011,75.76753410889744
Maldives,Female,2012,76.0367615699884
Maldives,Female,2013,76.25968344816731
Maldives,Female,2014,76.49846634023831
Maldives,Female,2015,76.6549610551656
Maldives,Female,2016,76.74361306777206
Maldives,Female,2017,76.8347249329554
Maldives,Female,2018,76.94512750150106
Maldives,Female,2019,77.05316312348492
Maldives,Female,2020,77.00460763837934
Maldives,Female,2021,75.99579676139943
Maldives,Female,2022,76.61944918405881
Maldives,Female,2023,77.09435400583989
Maldives,Male,1990,64.9985072939687
Maldives,Male,1991,65.4449064947912
Maldives,Male,1992,65.97987428810296
Maldives,Male,1993,66.53515426946778
Maldives,Male,1994,67.1255733667889
Maldives,Male,1995,67.74621729406591
Maldives,Male,1996,68.35274594142975
Maldives,Male,1997,68.90765188070107
Maldives,Male,1998,69.50482268075378
Maldives,Male,1999,70.0319266230433
Maldives,Male,2000,70.72446956962638
Maldives,Male,2001,71.10675852035516
Maldives,Male,2002,71.4865369716928
Maldives,Male,2003,71.8871892674364
Maldives,Male,2004,70.89150935652357
Maldives,Male,2005,72.52252644164427
Maldives,Male,2006,72.8189507073453
Maldives,Male,2007,73.11644257126255
Maldives,Male,2008,73.41848730864703
Maldives,Male,2009,73.65185479097966
Maldives,Male,2010,73.87919415832211
Maldives,Male,2011,74.07211479205681
Maldives,Male,2012,74.35665159605692
Maldives,Male,2013,74.53659929736028
Maldives,Male,2014,74.74781095232389
Maldives,Male,2015,74.96075847458437
Maldives,Male,2016,75.08839533184882
Maldives,Male,2017,75.16341915239708
Maldives,Male,2018,75.29932645968847
Maldives,Male,2019,75.38152444199453
Maldives,Male,2020,75.25607925361581
Maldives,Male,2021,74.35152490202931
Maldives,Male,2022,74.86482406005294
Maldives,Male,2023,75.22663659392153
Mali,Female,1990,48.93886154303616
Mali,Female,1991,49.640612127941736
Mali,Female,1992,50.19112623410955
Mali,Female,1993,50.63882384206862
Mali,Female,1994,51.04995598378416
Mali,Female,1995,51.378089382518915
Mali,Female,1996,51.63095148652351
Mali,Female,1997,51.74924021209995
Mali,Female,1998,52.22594535657999
Mali,Female,1999,53.68143519840073
Mali,Female,2000,54.46344235175905
Mali,Female,2001,55.57133400819918
Mali,Female,2002,56.62954916259734
Mali,Female,2003,57.8040828927421
Mali,Female,2004,58.901948639261285
Mali,Female,2005,59.829848254460515
Mali,Female,2006,60.54732765514294
Mali,Female,2007,61.29035946188625
Mali,Female,2008,61.905505622623735
Mali,Female,2009,62.350964314603466
Mali,Female,2010,62.69210789711749
Mali,Female,2011,63.095413350211
Mali,Female,2012,63.47321002320029
Mali,Female,2013,63.52663165361203
Mali,Female,2014,63.66540037673037
Mali,Female,2015,63.39376251629563
Mali,Female,2016,63.67469343090798
Mali,Female,2017,63.71497591808355
Mali,Female,2018,63.924949990744544
Mali,Female,2019,64.24867261051129
Mali,Female,2020,63.36533094059752
Mali,Female,2021,63.07763388321858
Mali,Female,2022,64.42626564433176
Mali,Female,2023,64.94948503346279
Mali,Male,1990,47.71422318927765
Mali,Male,1991,48.24383280395635
Mali,Male,1992,48.65676920406765
Mali,Male,1993,48.95824284600044
Mali,Male,1994,49.05037509632984
Mali,Male,1995,49.513526456090005
Mali,Male,1996,49.79871572686952
Mali,Male,1997,48.71034203078606
Mali,Male,1998,48.18738727219274
Mali,Male,1999,51.272933212500845
Mali,Male,2000,51.97693487566381
Mali,Male,2001,52.930854265760594
Mali,Male,2002,53.819871933105
Mali,Male,2003,54.87360662055753
Mali,Male,2004,56.04112612721043
Mali,Male,2005,56.76622743793124
Mali,Male,2006,57.25950010552041
Mali,Male,2007,57.88295501304124
Mali,Male,2008,58.37936869440394
Mali,Male,2009,58.76479499175296
Mali,Male,2010,59.11419201036986
Mali,Male,2011,59.46611219784051
Mali,Male,2012,59.82568837450507
Mali,Male,2013,59.83578792488628
Mali,Male,2014,60.22036948789926
Mali,Male,2015,60.200468667823145
Mali,Male,2016,60.702392996287486
Mali,Male,2017,60.82324521543172
Mali,Male,2018,60.99080740158861
Mali,Male,2019,61.30683453824196
Mali,Male,2020,59.74454654129136
Mali,Male,2021,59.33373467548471
Mali,Male,2022,61.42584144847668
Mali,Male,2023,62.40038616714353
Malta,Female,1990,78.36589685925935
Malta,Female,1991,78.5111918089763
Malta,Female,1992,78.84038755837052
Malta,Female,1993,79.37190977543797
Malta,Female,1994,79.7660284341457
Malta,Female,1995,79.832091193436
Malta,Female,1996,80.07305025801472
Malta,Female,1997,80.22375869636615
Malta,Female,1998,80.31478574297651
Malta,Female,1999,80.20199797268486
Malta,Female,2000,80.49780693826773
Malta,Female,2001,80.82712759396121
Malta,Female,2002,81.03956971011979
Malta,Female,2003,81.28141596768141
Malta,Female,2004,81.45109537376227
Malta,Female,2005,81.5885608913227
Malta,Female,2006,81.84849926336429
Malta,Female,2007,82.17280758102683
Malta,Female,2008,82.47693413065177
Malta,Female,2009,82.7645551801559
Malta,Female,2010,82.93542449152031
Malta,Female,2011,83.07395788057455
Malta,Female,2012,83.2193530499496
Malta,Female,2013,83.54107948669122
Malta,Female,2014,83.7457783252985
Malta,Female,2015,83.91315463710248
Malta,Female,2016,84.10755475356724
Malta,Female,2017,84.32946367040483
Malta,Female,2018,84.49817715407002
Malta,Female,2019,84.61977687902481
Malta,Female,2020,84.2768685755563
Malta,Female,2021,84.04077450076407
Malta,Female,2022,84.10651529181423
Malta,Female,2023,84.68872995630423
Malta,Male,1990,74.08294869009305
Malta,Male,1991,74.2553852793052
Malta,Male,1992,74.48991370618934
Malta,Male,1993,74.86684014847326
Malta,Male,1994,75.26001531514066
Malta,Male,1995,75.44030328548844
Malta,Male,1996,75.41218234951337
Malta,Male,1997,75.44694477748521
Malta,Male,1998,75.6087749421869
Malta,Male,1999,75.67424377425165
Malta,Male,2000,75.96227134726378
Malta,Male,2001,76.38884521824139
Malta,Male,2002,76.62538819388266
Malta,Male,2003,76.84302738044435
Malta,Male,2004,77.13813234534608
Malta,Male,2005,77.21255526133571
Malta,Male,2006,77.37461676124373
Malta,Male,2007,77.69289903490474
Malta,Male,2008,77.99534317097536
Malta,Male,2009,78.34547757181112
Malta,Male,2010,78.71525486823776
Malta,Male,2011,78.77930066008197
Malta,Male,2012,79.0131912717106
Malta,Male,2013,79.49734170247852
Malta,Male,2014,79.85934831286325
Malta,Male,2015,80.0912271898469
Malta,Male,2016,80.39186351459959
Malta,Male,2017,80.47552473934401
Malta,Male,2018,80.4777704656978
Malta,Male,2019,80.48089544295281
Malta,Male,2020,80.08393406016627
Malta,Male,2021,80.6195300388071
Malta,Male,2022,80.49722813623578
Malta,Male,2023,81.38666608952026
Marshall Islands,Female,1990,65.17387022545793
Marshall Islands,Female,1991,65.19077402074147
Marshall Islands,Female,1992,65.22223629713355
Marshall Islands,Female,1993,65.24999553200698
Marshall Islands,Female,1994,65.29950677590129
Marshall Islands,Female,1995,65.32422551428766
Marshall Islands,Female,1996,65.31105203784229
Marshall Islands,Female,1997,65.26796534978699
Marshall Islands,Female,1998,65.18722605071132
Marshall Islands,Female,1999,65.1775118720334
Marshall Islands,Female,2000,64.71266024685389
Marshall Islands,Female,2001,65.11407730513952
Marshall Islands,Female,2002,65.0881379700512
Marshall Islands,Female,2003,65.04972016162002
Marshall Islands,Female,2004,65.03451315824181
Marshall Islands,Female,2005,65.01639534990095
Marshall Islands,Female,2006,65.00282116953065
Marshall Islands,Female,2007,65.00147393822647
Marshall Islands,Female,2008,64.98701155551721
Marshall Islands,Female,2009,64.97952212724067
Marshall Islands,Female,2010,64.98254796772112
Marshall Islands,Female,2011,64.98390696500243
Marshall Islands,Female,2012,64.97855911224966
Marshall Islands,Female,2013,64.98413112443156
Marshall Islands,Female,2014,65.02341449703489
Marshall Islands,Female,2015,65.07054288618214
Marshall Islands,Female,2016,65.10858670894135
Marshall Islands,Female,2017,65.17567640129629
Marshall Islands,Female,2018,65.27556940699635
Marshall Islands,Female,2019,65.4063199295232
Marshall Islands,Female,2020,64.981053929426
Marshall Islands,Female,2021,63.62293823763423
Marshall Islands,Female,2022,64.98988789087647
Marshall Islands,Female,2023,65.17071980143344
Marshall Islands,Male,1990,58.728041190302754
Marshall Islands,Male,1991,58.90005827200314
Marshall Islands,Male,1992,59.06456364216943
Marshall Islands,Male,1993,59.247796892846814
Marshall Islands,Male,1994,59.49463971804086
Marshall Islands,Male,1995,59.66144971272654
Marshall Islands,Male,1996,59.79927899841246
Marshall Islands,Male,1997,59.90342369010565
Marshall Islands,Male,1998,59.974690966801106
Marshall Islands,Male,1999,60.092625400209045
Marshall Islands,Male,2000,59.819893933905014
Marshall Islands,Male,2001,60.33118553241664
Marshall Islands,Male,2002,60.46007815911132
Marshall Islands,Male,2003,60.56771620219007
Marshall Islands,Male,2004,60.697447688035155
Marshall Islands,Male,2005,60.83866418200145
Marshall Islands,Male,2006,60.947950517548286
Marshall Islands,Male,2007,61.06648405399871
Marshall Islands,Male,2008,61.156135328040115
Marshall Islands,Male,2009,61.26003063251967
Marshall Islands,Male,2010,61.389087810267306
Marshall Islands,Male,2011,61.516550843314675
Marshall Islands,Male,2012,61.6380149128645
Marshall Islands,Male,2013,61.770970513560066
Marshall Islands,Male,2014,61.92691047053289
Marshall Islands,Male,2015,62.10578433385724
Marshall Islands,Male,2016,62.26096572939872
Marshall Islands,Male,2017,62.44389500853063
Marshall Islands,Male,2018,62.65937898601986
Marshall Islands,Male,2019,62.902150158205586
Marshall Islands,Male,2020,62.49761534502265
Marshall Islands,Male,2021,61.0673025845157
Marshall Islands,Male,2022,62.75114105552183
Marshall Islands,Male,2023,63.09129478822222
Mauritania,Female,1990,61.86049706800016
Mauritania,Female,1991,62.28878035878168
Mauritania,Female,1992,62.56143720070504
Mauritania,Female,1993,62.74650348308382
Mauritania,Female,1994,63.52104940981219
Mauritania,Female,1995,64.00897528579576
Mauritania,Female,1996,64.22466371011582
Mauritania,Female,1997,64.54838560157016
Mauritania,Female,1998,64.58558420230067
Mauritania,Female,1999,65.12956502517757
Mauritania,Female,2000,65.22181683013042
Mauritania,Female,2001,65.36522795496626
Mauritania,Female,2002,65.46442946331364
Mauritania,Female,2003,65.83817131715362
Mauritania,Female,2004,65.88370542938166
Mauritania,Female,2005,66.06399848269994
Mauritania,Female,2006,66.15258174279094
Mauritania,Female,2007,66.67139690153668
Mauritania,Female,2008,67.04233775996009
Mauritania,Female,2009,66.93974944642267
Mauritania,Female,2010,67.22433323558994
Mauritania,Female,2011,67.45431951452184
Mauritania,Female,2012,67.44515345520041
Mauritania,Female,2013,67.72693491822963
Mauritania,Female,2014,68.30443777644194
Mauritania,Female,2015,68.48153226984925
Mauritania,Female,2016,68.98067073039779
Mauritania,Female,2017,68.77053535614256
Mauritania,Female,2018,69.0900655489577
Mauritania,Female,2019,68.86538467693961
Mauritania,Female,2020,67.34344925131943
Mauritania,Female,2021,66.4858995903013
Mauritania,Female,2022,67.80552944550534
Mauritania,Female,2023,68.75360607263185
Mauritania,Male,1990,59.51063961333547
Mauritania,Male,1991,59.94511951073865
Mauritania,Male,1992,60.16933501309208
Mauritania,Male,1993,60.29006903622356
Mauritania,Male,1994,60.77658195866809
Mauritania,Male,1995,61.312633820620626
Mauritania,Male,1996,61.514099645114435
Mauritania,Male,1997,61.77626663002309
Mauritania,Male,1998,61.71734835767053
Mauritania,Male,1999,62.28023890405488
Mauritania,Male,2000,62.39278533041905
Mauritania,Male,2001,62.5565816000423
Mauritania,Male,2002,62.712840462749234
Mauritania,Male,2003,62.989432354119565
Mauritania,Male,2004,63.132036189440925
Mauritania,Male,2005,63.32651314407267
Mauritania,Male,2006,63.64097139451417
Mauritania,Male,2007,64.14027604545618
Mauritania,Male,2008,64.59516253135406
Mauritania,Male,2009,64.66514678940835
Mauritania,Male,2010,64.97510036781655
Mauritania,Male,2011,65.30148713954563
Mauritania,Male,2012,65.51015600091856
Mauritania,Male,2013,65.73556859232099
Mauritania,Male,2014,66.26952955890512
Mauritania,Male,2015,66.53941758673206
Mauritania,Male,2016,67.0145403332272
Mauritania,Male,2017,66.96864672694642
Mauritania,Male,2018,67.28431229385163
Mauritania,Male,2019,67.25057139439396
Mauritania,Male,2020,65.0026258163797
Mauritania,Male,2021,64.5945910397979
Mauritania,Male,2022,66.18356755395389
Mauritania,Male,2023,67.54366369061448
Mauritius,Female,1990,73.93149544479806
Mauritius,Female,1991,74.02133497551291
Mauritius,Female,1992,74.22750755555731
Mauritius,Female,1993,74.2550458109775
Mauritius,Female,1994,74.6746690653553
Mauritius,Female,1995,74.93330241238338
Mauritius,Female,1996,74.81688747174229
Mauritius,Female,1997,74.93600641448508
Mauritius,Female,1998,75.25418587808704
Mauritius,Female,1999,75.46290867323341
Mauritius,Female,2000,75.52254003574211
Mauritius,Female,2001,75.72635300978244
Mauritius,Female,2002,75.83991487966952
Mauritius,Female,2003,76.04138963571009
Mauritius,Female,2004,76.24070228268448
Mauritius,Female,2005,76.12299141569002
Mauritius,Female,2006,76.36490417484687
Mauritius,Female,2007,76.67581633369893
Mauritius,Female,2008,77.0526736884351
Mauritius,Female,2009,77.38232186673419
Mauritius,Female,2010,77.54352116993972
Mauritius,Female,2011,77.71319634634074
Mauritius,Female,2012,77.81360269218715
Mauritius,Female,2013,77.96106732131948
Mauritius,Female,2014,78.13594717034618
Mauritius,Female,2015,78.16399848686636
Mauritius,Female,2016,78.15185540189924
Mauritius,Female,2017,78.21860034912409
Mauritius,Female,2018,78.23627623154088
Mauritius,Female,2019,78.31454543475253
Mauritius,Female,2020,78.12068380260962
Mauritius,Female,2021,76.46634374979176
Mauritius,Female,2022,76.92012920911424
Mauritius,Female,2023,77.56504769020593
Mauritius,Male,1990,66.07859064456848
Mauritius,Male,1991,66.45395276322752
Mauritius,Male,1992,66.7807862605673
Mauritius,Male,1993,66.86894265719049
Mauritius,Male,1994,67.17130735943432
Mauritius,Male,1995,67.2285400368396
Mauritius,Male,1996,67.32910802315817
Mauritius,Male,1997,67.46874071058167
Mauritius,Male,1998,67.870689178844
Mauritius,Male,1999,68.25043304186177
Mauritius,Male,2000,68.53864613724092
Mauritius,Male,2001,68.84228481231489
Mauritius,Male,2002,69.10163018895173
Mauritius,Male,2003,69.26380396932579
Mauritius,Male,2004,69.47026116144941
Mauritius,Male,2005,69.50434322468601
Mauritius,Male,2006,69.72722906774173
Mauritius,Male,2007,69.97117373823012
Mauritius,Male,2008,70.08362022500843
Mauritius,Male,2009,70.30309827731568
Mauritius,Male,2010,70.62669944934765
Mauritius,Male,2011,70.87859602979617
Mauritius,Male,2012,71.10718913266881
Mauritius,Male,2013,71.28490437673007
Mauritius,Male,2014,71.50635399535182
Mauritius,Male,2015,71.54983263053143
Mauritius,Male,2016,71.47001668706798
Mauritius,Male,2017,71.55601033706944
Mauritius,Male,2018,71.44505340648662
Mauritius,Male,2019,71.56397828072912
Mauritius,Male,2020,71.20903809843281
Mauritius,Male,2021,69.4379868441587
Mauritius,Male,2022,70.03793852276493
Mauritius,Male,2023,70.33308195643924
Mexico,Female,1990,73.99912245949977
Mexico,Female,1991,74.42813876640156
Mexico,Female,1992,74.72064286417965
Mexico,Female,1993,74.88547333562833
Mexico,Female,1994,75.04195984075699
Mexico,Female,1995,75.09808227544629
Mexico,Female,1996,75.2481986270427
Mexico,Female,1997,75.51869547623046
Mexico,Female,1998,75.90297127941652
Mexico,Female,1999,76.30293145074022
Mexico,Female,2000,76.86729871344684
Mexico,Female,2001,77.211235236837
Mexico,Female,2002,77.32041741875557
Mexico,Female,2003,77.38039797564446
Mexico,Female,2004,77.55870468197088
Mexico,Female,2005,77.62271041773879
Mexico,Female,2006,77.90925129764813
Mexico,Female,2007,78.02475060792283
Mexico,Female,2008,78.01560998244082
Mexico,Female,2009,78.2891491227021
Mexico,Female,2010,78.1243126085426
Mexico,Female,2011,78.40700388916062
Mexico,Female,2012,78.63012000089047
Mexico,Female,2013,78.74087120196795
Mexico,Female,2014,78.7241392658761
Mexico,Female,2015,78.71774885523848
Mexico,Female,2016,78.67620183910921
Mexico,Female,2017,78.72768304280986
Mexico,Female,2018,78.87084633877798
Mexico,Female,2019,78.98798657854825
Mexico,Female,2020,75.45172899031716
Mexico,Female,2021,74.88002166992614
Mexico,Female,2022,78.3965436360543
Mexico,Female,2023,79.23864767290137
Mexico,Male,1990,68.36608291787772
Mexico,Male,1991,68.7855224612055
Mexico,Male,1992,69.13962959905146
Mexico,Male,1993,69.41077392879365
Mexico,Male,1994,69.73162494051871
Mexico,Male,1995,69.9439484982149
Mexico,Male,1996,70.22574544914976
Mexico,Male,1997,70.51364795296566
Mexico,Male,1998,70.88853719108786
Mexico,Male,1999,71.38459624086177
Mexico,Male,2000,72.04888520870041
Mexico,Male,2001,72.4383698350792
Mexico,Male,2002,72.49592330695495
Mexico,Male,2003,72.59253754144878
Mexico,Male,2004,72.81330386251992
Mexico,Male,2005,72.86915677210112
Mexico,Male,2006,73.10154115953343
Mexico,Male,2007,73.17923002645789
Mexico,Male,2008,72.94691533798563
Mexico,Male,2009,73.0483282843678
Mexico,Male,2010,72.75861877937052
Mexico,Male,2011,72.98206535674127
Mexico,Male,2012,73.27914657945358
Mexico,Male,2013,73.54031199980025
Mexico,Male,2014,73.64340216702277
Mexico,Male,2015,73.58066040471046
Mexico,Male,2016,73.27163224594953
Mexico,Male,2017,73.04026191203963
Mexico,Male,2018,72.9696564521407
Mexico,Male,2019,72.9983986210117
Mexico,Male,2020,67.58138610943315
Mexico,Male,2021,67.55380400947065
Mexico,Male,2022,72.22590597922671
Mexico,Male,2023,73.41910807899512
Micronesia (Federated States of),Female,1990,68.02256043981464
Micronesia (Federated States of),Female,1991,68.22500298110471
Micronesia (Federated States of),Female,1992,68.3856833834124
Micronesia (Federated States of),Female,1993,68.54895829803489
Micronesia (Federated States of),Female,1994,68.67687804309965
Micronesia (Federated States of),Female,1995,68.83492320953297
Micronesia (Federated States of),Female,1996,68.9125257508633
Micronesia (Federated States of),Female,1997,68.96586323537089
Micronesia (Federated States of),Female,1998,68.9922802066351
Micronesia (Federated States of),Female,1999,69.0458385033625
Micronesia (Federated States of),Female,2000,68.26358066069983
Micronesia (Federated States of),Female,2001,69.13106560795953
Micronesia (Federated States of),Female,2002,67.8240432521175
Micronesia (Federated States of),Female,2003,69.19890579067582
Micronesia (Federated States of),Female,2004,69.23053678562225
Micronesia (Federated States of),Female,2005,69.38987049634369
Micronesia (Federated States of),Female,2006,69.51524620332427
Micronesia (Federated States of),Female,2007,69.66188540953702
Micronesia (Federated States of),Female,2008,69.8151131875823
Micronesia (Federated States of),Female,2009,69.94647975854991
Micronesia (Federated States of),Female,2010,70.10319986754924
Micronesia (Federated States of),Female,2011,70.20413899379325
Micronesia (Federated States of),Female,2012,70.28769204911453
Micronesia (Federated States of),Female,2013,70.34968170749886
Micronesia (Federated States of),Female,2014,70.4304666100081
Micronesia (Federated States of),Female,2015,70.38003462829111
Micronesia (Federated States of),Female,2016,70.60964740196653
Micronesia (Federated States of),Female,2017,70.70407815057096
Micronesia (Federated States of),Female,2018,70.81519728206864
Micronesia (Federated States of),Female,2019,70.93337777047974
Micronesia (Federated States of),Female,2020,70.54897170534642
Micronesia (Federated States of),Female,2021,69.27115243006656
Micronesia (Federated States of),Female,2022,70.60682514612556
Micronesia (Federated States of),Female,2023,70.92643074808315
Micronesia (Federated States of),Male,1990,57.91602548647436
Micronesia (Federated States of),Male,1991,58.19895047435257
Micronesia (Federated States of),Male,1992,58.45492520535383
Micronesia (Federated States of),Male,1993,58.710553827508996
Micronesia (Federated States of),Male,1994,58.9232351798953
Micronesia (Federated States of),Male,1995,59.16309151183406
Micronesia (Federated States of),Male,1996,59.3426363296456
Micronesia (Federated States of),Male,1997,59.502460543792665
Micronesia (Federated States of),Male,1998,59.64740376719053
Micronesia (Federated States of),Male,1999,59.82051972079422
Micronesia (Federated States of),Male,2000,59.36251148973337
Micronesia (Federated States of),Male,2001,60.18755632663077
Micronesia (Federated States of),Male,2002,59.72454853630448
Micronesia (Federated States of),Male,2003,60.519261889004426
Micronesia (Federated States of),Male,2004,60.68254590127742
Micronesia (Federated States of),Male,2005,60.89788102829947
Micronesia (Federated States of),Male,2006,61.08631176285305
Micronesia (Federated States of),Male,2007,61.26306767086503
Micronesia (Federated States of),Male,2008,61.44722394067399
Micronesia (Federated States of),Male,2009,61.610723207837275
Micronesia (Federated States of),Male,2010,61.8105306737196
Micronesia (Federated States of),Male,2011,61.975773548430105
Micronesia (Federated States of),Male,2012,62.13363429890472
Micronesia (Federated States of),Male,2013,62.27484085934135
Micronesia (Federated States of),Male,2014,62.43028848880866
Micronesia (Federated States of),Male,2015,62.56704181566582
Micronesia (Federated States of),Male,2016,62.779204242295975
Micronesia (Federated States of),Male,2017,62.94449227993299
Micronesia (Federated States of),Male,2018,63.130275211217
Micronesia (Federated States of),Male,2019,63.31884490110015
Micronesia (Federated States of),Male,2020,62.85332310882127
Micronesia (Federated States of),Male,2021,61.3154969133427
Micronesia (Federated States of),Male,2022,63.103019155138824
Micronesia (Federated States of),Male,2023,63.663415287442646
Monaco,Female,1990,79.72201971918776
Monaco,Female,1991,79.82486544145605
Monaco,Female,1992,79.96132270736308
Monaco,Female,1993,80.04652793105595
Monaco,Female,1994,80.1547918068023
Monaco,Female,1995,80.23203082827362
Monaco,Female,1996,80.28754205477284
Monaco,Female,1997,80.38371048583473
Monaco,Female,1998,80.4381583327539
Monaco,Female,1999,80.53298403279838
Monaco,Female,2000,80.68676618270187
Monaco,Female,2001,80.86270196567786
Monaco,Female,2002,80.98206590736545
Monaco,Female,2003,81.081107818788
Monaco,Female,2004,81.18136723387106
Monaco,Female,2005,81.28998304888202
Monaco,Female,2006,81.44724788637537
Monaco,Female,2007,81.5999723698991
Monaco,Female,2008,81.7173086852444
Monaco,Female,2009,81.8279929885488
Monaco,Female,2010,81.90299350171964
Monaco,Female,2011,82.05518202089056
Monaco,Female,2012,82.19598888621131
Monaco,Female,2013,82.36190406694716
Monaco,Female,2014,82.56601601926104
Monaco,Female,2015,82.75466146136068
Monaco,Female,2016,82.94647152004895
Monaco,Female,2017,83.17049725064518
Monaco,Female,2018,83.40725546013458
Monaco,Female,2019,83.59536710406141
Monaco,Female,2020,82.8747899134237
Monaco,Female,2021,82.3982871550866
Monaco,Female,2022,82.597014212475
Monaco,Female,2023,83.07306399612885
Monaco,Male,1990,72.76566943761047
Monaco,Male,1991,72.83924715426451
Monaco,Male,1992,72.95708360567474
Monaco,Male,1993,73.04015206502567
Monaco,Male,1994,73.12734700530085
Monaco,Male,1995,73.18672035081939
Monaco,Male,1996,73.21484071214428
Monaco,Male,1997,73.28885225393489
Monaco,Male,1998,73.31560427623815
Monaco,Male,1999,73.3791177835498
Monaco,Male,2000,73.49000901283358
Monaco,Male,2001,73.61291252117327
Monaco,Male,2002,73.69063071610479
Monaco,Male,2003,73.75196734671516
Monaco,Male,2004,73.84045195955005
Monaco,Male,2005,73.97082362279549
Monaco,Male,2006,74.17016069136147
Monaco,Male,2007,74.38493870800278
Monaco,Male,2008,74.59561441007452
Monaco,Male,2009,74.82062394438044
Monaco,Male,2010,75.05274416301559
Monaco,Male,2011,75.2989112364195
Monaco,Male,2012,75.47644660887919
Monaco,Male,2013,75.63749374877234
Monaco,Male,2014,75.87840718233532
Monaco,Male,2015,76.19349177990169
Monaco,Male,2016,76.56434835457048
Monaco,Male,2017,76.92317687809947
Monaco,Male,2018,77.2150775402371
Monaco,Male,2019,77.45651992925018
Monaco,Male,2020,76.72202278073783
Monaco,Male,2021,76.4579680439519
Monaco,Male,2022,77.30102557011419
Monaco,Male,2023,77.93702244071955
Mongolia,Female,1990,65.09906345659753
Mongolia,Female,1991,64.63428459725
Mongolia,Female,1992,64.42298810925236
Mongolia,Female,1993,64.65657431743726
Mongolia,Female,1994,65.19362220771934
Mongolia,Female,1995,65.00625730894586
Mongolia,Female,1996,64.75402533685502
Mongolia,Female,1997,64.97234863635566
Mongolia,Female,1998,65.5112093377505
Mongolia,Female,1999,66.2174200396273
Mongolia,Female,2000,66.91083252895278
Mongolia,Female,2001,67.57442672340295
Mongolia,Female,2002,68.44811353696058
Mongolia,Female,2003,69.20299713435205
Mongolia,Female,2004,69.89233966046051
Mongolia,Female,2005,70.34752858793136
Mongolia,Female,2006,70.68952458239144
Mongolia,Female,2007,71.12884146721456
Mongolia,Female,2008,71.3229570960157
Mongolia,Female,2009,71.3681526288223
Mongolia,Female,2010,71.56865807996267
Mongolia,Female,2011,71.85409852013818
Mongolia,Female,2012,72.32029814208053
Mongolia,Female,2013,72.82154972737233
Mongolia,Female,2014,73.46420635829058
Mongolia,Female,2015,73.92472070964878
Mongolia,Female,2016,74.59604771465665
Mongolia,Female,2017,75.33144338851102
Mongolia,Female,2018,75.93402201106716
Mongolia,Female,2019,76.75145298833296
Mongolia,Female,2020,77.02405023902404
Mongolia,Female,2021,74.86765018962413
Mongolia,Female,2022,77.25871467541398
Mongolia,Female,2023,78.22547669378527
Mongolia,Male,1990,58.059570589296115
Mongolia,Male,1991,57.8875334706541
Mongolia,Male,1992,57.93654987292702
Mongolia,Male,1993,58.18353819782812
Mongolia,Male,1994,58.47955790039741
Mongolia,Male,1995,58.75707618486482
Mongolia,Male,1996,58.96518343483202
Mongolia,Male,1997,59.64412420815999
Mongolia,Male,1998,60.17400701538111
Mongolia,Male,1999,60.754159778420586
Mongolia,Male,2000,61.084128356482594
Mongolia,Male,2001,61.09930737033292
Mongolia,Male,2002,61.20129732663715
Mongolia,Male,2003,61.17648239433811
Mongolia,Male,2004,61.323441303110634
Mongolia,Male,2005,61.53676059971382
Mongolia,Male,2006,61.99450374725238
Mongolia,Male,2007,62.63172214493263
Mongolia,Male,2008,63.03154702887037
Mongolia,Male,2009,62.926625921643215
Mongolia,Male,2010,62.686376375952136
Mongolia,Male,2011,62.73549591942813
Mongolia,Male,2012,63.15468551461172
Mongolia,Male,2013,63.76010555278602
Mongolia,Male,2014,64.66680243767368
Mongolia,Male,2015,65.35877911697153
Mongolia,Male,2016,66.06852327282779
Mongolia,Male,2017,66.61852662017593
Mongolia,Male,2018,67.06615225400125
Mongolia,Male,2019,67.87111261833701
Mongolia,Male,2020,68.15713832534558
Mongolia,Male,2021,66.32080532526828
Mongolia,Male,2022,67.19084219079036
Mongolia,Male,2023,68.01290454122004
Montenegro,Female,1990,75.9396227413602
Montenegro,Female,1991,76.12325192225512
Montenegro,Female,1992,76.17446331951885
Montenegro,Female,1993,76.10821196656137
Montenegro,Female,1994,75.93226291363466
Montenegro,Female,1995,75.83502636773801
Montenegro,Female,1996,75.8828356920781
Montenegro,Female,1997,75.8648260247634
Montenegro,Female,1998,75.78161401322662
Montenegro,Female,1999,75.86473475516789
Montenegro,Female,2000,75.88149342199135
Montenegro,Female,2001,75.93355508825529
Montenegro,Female,2002,76.00864997879845
Montenegro,Female,2003,76.13502906793373
Montenegro,Female,2004,76.33880379477398
Montenegro,Female,2005,76.60522632042473
Montenegro,Female,2006,76.81967592958786
Montenegro,Female,2007,77.08707117546145
Montenegro,Female,2008,77.33728291533461
Montenegro,Female,2009,77.42711242371895
Montenegro,Female,2010,77.5395816909542
Montenegro,Female,2011,77.71857729150125
Montenegro,Female,2012,77.90797808233
Montenegro,Female,2013,78.060177751853
Montenegro,Female,2014,78.20598545206173
Montenegro,Female,2015,78.32415851192982
Montenegro,Female,2016,78.55624406043877
Montenegro,Female,2017,78.73623987380401
Montenegro,Female,2018,78.9368273985437
Montenegro,Female,2019,79.12422189044757
Montenegro,Female,2020,77.97280177663849
Montenegro,Female,2021,76.29939213059656
Montenegro,Female,2022,78.98139696218999
Montenegro,Female,2023,79.50773319118905
Montenegro,Male,1990,70.23757382881467
Montenegro,Male,1991,70.41086123905892
Montenegro,Male,1992,70.43217280838083
Montenegro,Male,1993,70.33147912139995
Montenegro,Male,1994,70.24139458447817
Montenegro,Male,1995,70.14976247747207
Montenegro,Male,1996,70.14581666908757
Montenegro,Male,1997,70.12039618140358
Montenegro,Male,1998,70.23892171486365
Montenegro,Male,1999,70.51015941527021
Montenegro,Male,2000,70.6337635077325
Montenegro,Male,2001,70.71307590877052
Montenegro,Male,2002,70.75703914918404
Montenegro,Male,2003,70.8178893300862
Montenegro,Male,2004,70.94964185886177
Montenegro,Male,2005,71.15118294770072
Montenegro,Male,2006,71.44187939659996
Montenegro,Male,2007,71.77721622306318
Montenegro,Male,2008,72.09793181969208
Montenegro,Male,2009,72.38181604633503
Montenegro,Male,2010,72.65386026531667
Montenegro,Male,2011,72.89832005793693
Montenegro,Male,2012,73.17533244984463
Montenegro,Male,2013,73.32531700429041
Montenegro,Male,2014,73.59295639243217
Montenegro,Male,2015,73.76772203330779
Montenegro,Male,2016,73.97994126943617
Montenegro,Male,2017,74.2748215644137
Montenegro,Male,2018,74.50511459362359
Montenegro,Male,2019,74.7700024714473
Montenegro,Male,2020,72.69391069366769
Montenegro,Male,2021,70.47145905793613
Montenegro,Male,2022,73.62767366833182
Montenegro,Male,2023,74.7075365062041
Morocco,Female,1990,65.1410014063317
Morocco,Female,1991,65.46292576174024
Morocco,Female,1992,65.77675345798804
Morocco,Female,1993,66.0917677147319
Morocco,Female,1994,66.48257899642529
Morocco,Female,1995,66.82786331503294
Morocco,Female,1996,67.22345638892178
Morocco,Female,1997,67.53640790319731
Morocco,Female,1998,67.79212759677999
Morocco,Female,1999,68.0306517337695
Morocco,Female,2000,68.26348103369422
Morocco,Female,2001,68.52385996404841
Morocco,Female,2002,68.74564835109499
Morocco,Female,2003,68.96217236815393
Morocco,Female,2004,69.13579660669771
Morocco,Female,2005,69.4258805395941
Morocco,Female,2006,69.66343333109323
Morocco,Female,2007,69.8981203488459
Morocco,Female,2008,70.18226595989388
Morocco,Female,2009,70.47545439965303
Morocco,Female,2010,70.73318947877942
Morocco,Female,2011,70.95967061201664
Morocco,Female,2012,71.16923630142446
Morocco,Female,2013,71.39648378183624
Morocco,Female,2014,71.62578622211355
Morocco,Female,2015,71.80704226179303
Morocco,Female,2016,71.97335780192859
Morocco,Female,2017,72.11436116166291
Morocco,Female,2018,72.18753274952182
Morocco,Female,2019,72.311622059097
Morocco,Female,2020,71.3658540720819
Morocco,Female,2021,71.40181262822324
Morocco,Female,2022,72.53177060296798
Morocco,Female,2023,72.79779554089403
Morocco,Male,1990,64.95272136504198
Morocco,Male,1991,65.3203676200898
Morocco,Male,1992,65.69250015111851
Morocco,Male,1993,66.01282299438937
Morocco,Male,1994,66.39352448970403
Morocco,Male,1995,66.76299936118279
Morocco,Male,1996,67.16302740941153
Morocco,Male,1997,67.51502083553659
Morocco,Male,1998,67.78929582637082
Morocco,Male,1999,68.06336708607543
Morocco,Male,2000,68.33123185760266
Morocco,Male,2001,68.62533420026851
Morocco,Male,2002,68.89538094995184
Morocco,Male,2003,69.13414836031018
Morocco,Male,2004,69.35174135622123
Morocco,Male,2005,69.66627753597695
Morocco,Male,2006,69.94424469044354
Morocco,Male,2007,70.25155809121455
Morocco,Male,2008,70.56627855043396
Morocco,Male,2009,70.9128196731901
Morocco,Male,2010,71.21498645231159
Morocco,Male,2011,71.48161737028924
Morocco,Male,2012,71.7264923944605
Morocco,Male,2013,71.8993403233817
Morocco,Male,2014,72.13698792740196
Morocco,Male,2015,72.32519514995008
Morocco,Male,2016,72.5060414684348
Morocco,Male,2017,72.6524820264946
Morocco,Male,2018,72.71934183330539
Morocco,Male,2019,72.81683259984096
Morocco,Male,2020,71.84885346740246
Morocco,Male,2021,72.0487076274209
Morocco,Male,2022,72.97712815055827
Morocco,Male,2023,73.32221379408045
Mozambique,Female,1990,55.33459609518327
Mozambique,Female,1991,55.81495538176453
Mozambique,Female,1992,56.070382831782695
Mozambique,Female,1993,56.29662772471007
Mozambique,Female,1994,56.48718213123525
Mozambique,Female,1995,56.59023430639197
Mozambique,Female,1996,56.64167330959579
Mozambique,Female,1997,56.56917410072522
Mozambique,Female,1998,56.55374075587584
Mozambique,Female,1999,56.52738192879387
Mozambique,Female,2000,56.48478518406533
Mozambique,Female,2001,56.90587499575359
Mozambique,Female,2002,56.9977625990542
Mozambique,Female,2003,57.32099872138467
Mozambique,Female,2004,57.598936793436046
Mozambique,Female,2005,58.26210765408841
Mozambique,Female,2006,59.29702370889705
Mozambique,Female,2007,60.5826091382907
Mozambique,Female,2008,61.641785718956456
Mozambique,Female,2009,62.590635529639314
Mozambique,Female,2010,63.21802800910212
Mozambique,Female,2011,63.363227582926186
Mozambique,Female,2012,63.07671451846001
Mozambique,Female,2013,63.40092765597001
Mozambique,Female,2014,64.64743356855251
Mozambique,Female,2015,65.60734963776905
Mozambique,Female,2016,66.22853484671303
Mozambique,Female,2017,66.56530347626008
Mozambique,Female,2018,66.78271460935615
Mozambique,Female,2019,66.6124934149837
Mozambique,Female,2020,66.34915840625096
Mozambique,Female,2021,64.72623733421781
Mozambique,Female,2022,67.06532444771811
Mozambique,Female,2023,67.74951700075064
Mozambique,Male,1990,49.4653116328679
Mozambique,Male,1991,49.73104994098341
Mozambique,Male,1992,50.283070514568394
Mozambique,Male,1993,50.65474609204778
Mozambique,Male,1994,51.04145199224943
Mozambique,Male,1995,51.295764130063176
Mozambique,Male,1996,51.51562415504889
Mozambique,Male,1997,51.636039364046
Mozambique,Male,1998,51.72003473174004
Mozambique,Male,1999,51.75791884300799
Mozambique,Male,2000,51.74298858020681
Mozambique,Male,2001,51.9925112735001
Mozambique,Male,2002,51.972022518723335
Mozambique,Male,2003,52.225964159156824
Mozambique,Male,2004,52.4361177362034
Mozambique,Male,2005,53.02959980115208
Mozambique,Male,2006,53.92224545529114
Mozambique,Male,2007,54.92211975057418
Mozambique,Male,2008,55.80975482976692
Mozambique,Male,2009,56.49720221031804
Mozambique,Male,2010,56.925998181922616
Mozambique,Male,2011,57.00871908020569
Mozambique,Male,2012,56.74305922779784
Mozambique,Male,2013,56.97847286925947
Mozambique,Male,2014,57.95927693601204
Mozambique,Male,2015,58.77549910852734
Mozambique,Male,2016,59.314558674606104
Mozambique,Male,2017,59.64969524264447
Mozambique,Male,2018,59.87749516077086
Mozambique,Male,2019,59.79695180995418
Mozambique,Male,2020,59.42262550925866
Mozambique,Male,2021,57.01084271475894
Mozambique,Male,2022,61.00364139464371
Mozambique,Male,2023,62.036733985820376
Myanmar,Female,1990,59.159982924521955
Myanmar,Female,1991,59.38238302729293
Myanmar,Female,1992,59.734433461602094
Myanmar,Female,1993,60.17749208918208
Myanmar,Female,1994,60.61303143214979
Myanmar,Female,1995,61.022300495956934
Myanmar,Female,1996,61.49648284404003
Myanmar,Female,1997,61.87157125365397
Myanmar,Female,1998,62.202748890581496
Myanmar,Female,1999,62.61441175236186
Myanmar,Female,2000,63.01254372987981
Myanmar,Female,2001,63.43965061827065
Myanmar,Female,2002,63.849872866478385
Myanmar,Female,2003,64.28023086184534
Myanmar,Female,2004,64.67735732367439
Myanmar,Female,2005,65.12374860725546
Myanmar,Female,2006,65.61630725213952
Myanmar,Female,2007,66.09174133188556
Myanmar,Female,2008,57.99700045077198
Myanmar,Female,2009,67.0480450698306
Myanmar,Female,2010,67.45192126562905
Myanmar,Female,2011,67.93127665448203
Myanmar,Female,2012,68.32530700562587
Myanmar,Female,2013,68.59804240109492
Myanmar,Female,2014,68.86810860031419
Myanmar,Female,2015,69.09433975308062
Myanmar,Female,2016,69.2781304606282
Myanmar,Female,2017,69.30205711858326
Myanmar,Female,2018,69.70371181039039
Myanmar,Female,2019,69.77070341745278
Myanmar,Female,2020,69.69647794563996
Myanmar,Female,2021,68.2473572235578
Myanmar,Female,2022,69.43390838780128
Myanmar,Female,2023,69.37004412797549
Myanmar,Male,1990,51.04998711051771
Myanmar,Male,1991,51.32357508928396
Myanmar,Male,1992,51.735458266641785
Myanmar,Male,1993,52.27302383518521
Myanmar,Male,1994,52.703643520615735
Myanmar,Male,1995,53.106988963871416
Myanmar,Male,1996,53.61792364320142
Myanmar,Male,1997,53.98404019289258
Myanmar,Male,1998,54.31478806308927
Myanmar,Male,1999,54.74151145450773
Myanmar,Male,2000,55.11694973750017
Myanmar,Male,2001,55.513267399586
Myanmar,Male,2002,55.90580770161341
Myanmar,Male,2003,56.371361711212096
Myanmar,Male,2004,56.78556935631533
Myanmar,Male,2005,57.189520581776165
Myanmar,Male,2006,57.69328385518203
Myanmar,Male,2007,58.20205380873837
Myanmar,Male,2008,54.36475321355853
Myanmar,Male,2009,59.16912478328311
Myanmar,Male,2010,59.54726629645509
Myanmar,Male,2011,59.92790463177736
Myanmar,Male,2012,60.300029912988855
Myanmar,Male,2013,60.64368707207856
Myanmar,Male,2014,60.96764767996262
Myanmar,Male,2015,61.2092521198439
Myanmar,Male,2016,61.50111604413753
Myanmar,Male,2017,61.39653401134097
Myanmar,Male,2018,62.05769392012333
Myanmar,Male,2019,62.17318209302495
Myanmar,Male,2020,61.922899828781475
Myanmar,Male,2021,59.97022622767483
Myanmar,Male,2022,61.59119637749443
Myanmar,Male,2023,61.590296249331736
Namibia,Female,1990,64.09742521830583
Namibia,Female,1991,63.98143726178913
Namibia,Female,1992,63.822781577206314
Namibia,Female,1993,63.63961377944883
Namibia,Female,1994,62.999986990509655
Namibia,Female,1995,62.807966691865715
Namibia,Female,1996,62.14810203809233
Namibia,Female,1997,61.26342678531486
Namibia,Female,1998,60.249127481719334
Namibia,Female,1999,59.115640042877395
Namibia,Female,2000,57.89953965342525
Namibia,Female,2001,56.950383440553374
Namibia,Female,2002,56.0428217593449
Namibia,Female,2003,55.2773172697156
Namibia,Female,2004,56.25227592947577
Namibia,Female,2005,58.59433434240162
Namibia,Female,2006,61.191636072640414
Namibia,Female,2007,63.27265317620397
Namibia,Female,2008,64.51478155094657
Namibia,Female,2009,64.94200112305366
Namibia,Female,2010,65.3612069716818
Namibia,Female,2011,65.69879072816273
Namibia,Female,2012,66.32347547905528
Namibia,Female,2013,66.62140496516244
Namibia,Female,2014,66.82837725376243
Namibia,Female,2015,66.88148306829052
Namibia,Female,2016,67.27849237809303
Namibia,Female,2017,67.78673296514643
Namibia,Female,2018,68.09896592650853
Namibia,Female,2019,68.41706949807416
Namibia,Female,2020,67.44624855999446
Namibia,Female,2021,62.625502664373954
Namibia,Female,2022,67.94767535550801
Namibia,Female,2023,69.13926251374053
Namibia,Male,1990,56.40882971486865
Namibia,Male,1991,56.387043670058006
Namibia,Male,1992,56.418859150918585
Namibia,Male,1993,56.37201324519636
Namibia,Male,1994,55.88565086938523
Namibia,Male,1995,55.861545426845886
Namibia,Male,1996,55.36259800626951
Namibia,Male,1997,54.668162391031544
Namibia,Male,1998,53.82317522859821
Namibia,Male,1999,53.02608523536431
Namibia,Male,2000,52.0908827721846
Namibia,Male,2001,51.39734016002265
Namibia,Male,2002,50.86816768206593
Namibia,Male,2003,50.47115157841498
Namibia,Male,2004,51.15835806896829
Namibia,Male,2005,52.81554204262988
Namibia,Male,2006,55.00201080096485
Namibia,Male,2007,56.81160768597602
Namibia,Male,2008,58.00489300820664
Namibia,Male,2009,58.54432065974274
Namibia,Male,2010,58.890214243026456
Namibia,Male,2011,59.15210909481061
Namibia,Male,2012,59.7313971390859
Namibia,Male,2013,60.11431412686936
Namibia,Male,2014,60.40923293157267
Namibia,Male,2015,60.54556171123943
Namibia,Male,2016,60.69265913247018
Namibia,Male,2017,60.99652829056061
Namibia,Male,2018,61.56687458652748
Namibia,Male,2019,62.113477601158515
Namibia,Male,2020,60.98885613896292
Namibia,Male,2021,55.074746257343975
Namibia,Male,2022,61.85000811902423
Namibia,Male,2023,63.37330012309431
Nauru,Female,1990,61.2916193304178
Nauru,Female,1991,61.07288877952067
Nauru,Female,1992,60.85623636623962
Nauru,Female,1993,60.674740211740946
Nauru,Female,1994,60.42931393994632
Nauru,Female,1995,60.19180518757153
Nauru,Female,1996,59.93253445404297
Nauru,Female,1997,59.699171874415235
Nauru,Female,1998,59.446909784614114
Nauru,Female,1999,59.25908952714105
Nauru,Female,2000,59.10077225854022
Nauru,Female,2001,58.960692633438086
Nauru,Female,2002,58.89048147596836
Nauru,Female,2003,58.80552287277211
Nauru,Female,2004,58.7327590509253
Nauru,Female,2005,58.72410953067344
Nauru,Female,2006,58.76060842642151
Nauru,Female,2007,58.82425712746106
Nauru,Female,2008,59.07457008776508
Nauru,Female,2009,59.24637713393566
Nauru,Female,2010,59.399317934654505
Nauru,Female,2011,59.5940178309927
Nauru,Female,2012,59.87897303554179
Nauru,Female,2013,60.128239091589464
Nauru,Female,2014,60.407803126663225
Nauru,Female,2015,60.61871704604068
Nauru,Female,2016,60.75606090443968
Nauru,Female,2017,60.906922484396794
Nauru,Female,2018,61.056784174854535
Nauru,Female,2019,61.223373775086046
Nauru,Female,2020,60.396720271739056
Nauru,Female,2021,58.320894008102016
Nauru,Female,2022,60.65582501381602
Nauru,Female,2023,61.09030850396255
Nauru,Male,1990,55.39849265250586
Nauru,Male,1991,55.35545983692395
Nauru,Male,1992,55.288558921687745
Nauru,Male,1993,55.22080892282142
Nauru,Male,1994,55.148882361056906
Nauru,Male,1995,55.05416323377453
Nauru,Male,1996,54.9585393098695
Nauru,Male,1997,54.871121488681574
Nauru,Male,1998,54.77823406002438
Nauru,Male,1999,54.72489071480061
Nauru,Male,2000,54.67960545931678
Nauru,Male,2001,54.63826683786058
Nauru,Male,2002,54.60733948010092
Nauru,Male,2003,54.60640960703879
Nauru,Male,2004,54.636935272984225
Nauru,Male,2005,54.66431376284713
Nauru,Male,2006,54.71787758353194
Nauru,Male,2007,54.75369191363015
Nauru,Male,2008,55.01642698091121
Nauru,Male,2009,55.204304166299174
Nauru,Male,2010,55.38602885093627
Nauru,Male,2011,55.613691334617094
Nauru,Male,2012,55.891963288516095
Nauru,Male,2013,56.1593817093155
Nauru,Male,2014,56.46585237489849
Nauru,Male,2015,56.717170984679186
Nauru,Male,2016,56.91338677201528
Nauru,Male,2017,57.093160565142625
Nauru,Male,2018,57.271170965869125
Nauru,Male,2019,57.46634151608018
Nauru,Male,2020,56.597750697405026
Nauru,Male,2021,54.30207753209305
Nauru,Male,2022,56.829036609155686
Nauru,Male,2023,57.20075516095395
Nepal,Female,1990,58.55731767449821
Nepal,Female,1991,58.949134498952475
Nepal,Female,1992,59.85935602401275
Nepal,Female,1993,60.633076386471025
Nepal,Female,1994,61.615799576933405
Nepal,Female,1995,62.41929485032432
Nepal,Female,1996,63.25185578817352
Nepal,Female,1997,64.19093635221483
Nepal,Female,1998,64.98783356858999
Nepal,Female,1999,65.85663831409224
Nepal,Female,2000,66.65475205694563
Nepal,Female,2001,67.43174793969925
Nepal,Female,2002,67.90405455593961
Nepal,Female,2003,68.62180674394403
Nepal,Female,2004,69.21862072663122
Nepal,Female,2005,69.89469638581379
Nepal,Female,2006,70.57074327606666
Nepal,Female,2007,71.1665892193534
Nepal,Female,2008,71.77690268878229
Nepal,Female,2009,72.23733814051208
Nepal,Female,2010,72.77439652710483
Nepal,Female,2011,73.18872676051592
Nepal,Female,2012,73.47305802483322
Nepal,Female,2013,73.81756973604391
Nepal,Female,2014,74.00669491348616
Nepal,Female,2015,73.40216712970013
Nepal,Female,2016,74.592170911293
Nepal,Female,2017,74.85384424401133
Nepal,Female,2018,75.01778127101095
Nepal,Female,2019,75.1779772285171
Nepal,Female,2020,74.57956188258828
Nepal,Female,2021,72.93331809203214
Nepal,Female,2022,75.08003389618897
Nepal,Female,2023,75.13462703104322
Nepal,Male,1990,57.9167273118625
Nepal,Male,1991,58.2645963880691
Nepal,Male,1992,58.99644193211481
Nepal,Male,1993,59.73923080479503
Nepal,Male,1994,60.41444618672218
Nepal,Male,1995,60.956910535391906
Nepal,Male,1996,61.532576866994035
Nepal,Male,1997,62.192000951923774
Nepal,Male,1998,62.68537154705737
Nepal,Male,1999,63.32409655789128
Nepal,Male,2000,63.91965059895138
Nepal,Male,2001,64.5442202595248
Nepal,Male,2002,64.44330452061548
Nepal,Male,2003,65.39010150127395
Nepal,Male,2004,65.78659652885571
Nepal,Male,2005,66.42794502571765
Nepal,Male,2006,67.06001015585241
Nepal,Male,2007,67.53432818707185
Nepal,Male,2008,67.90841873568549
Nepal,Male,2009,68.15669779752321
Nepal,Male,2010,68.535304315152
Nepal,Male,2011,68.81912440122491
Nepal,Male,2012,69.12603245253428
Nepal,Male,2013,69.49498877003805
Nepal,Male,2014,69.77446598413846
Nepal,Male,2015,69.58844228932779
Nepal,Male,2016,70.46444277388198
Nepal,Male,2017,70.80604009129323
Nepal,Male,2018,71.11015741653932
Nepal,Male,2019,71.4199587798428
Nepal,Male,2020,69.95211049534659
Nepal,Male,2021,67.49548290783746
Nepal,Male,2022,71.69432948885827
Nepal,Male,2023,71.91668003359442
Netherlands,Female,1990,79.98380528490834
Netherlands,Female,1991,80.05395602158244
Netherlands,Female,1992,80.12096531801974
Netherlands,Female,1993,79.98681440069669
Netherlands,Female,1994,80.19002296735334
Netherlands,Female,1995,80.27126997462307
Netherlands,Female,1996,80.29416070989909
Netherlands,Female,1997,80.46128734840318
Netherlands,Female,1998,80.51933920412633
Netherlands,Female,1999,80.46983384940262
Netherlands,Female,2000,80.55235500862072
Netherlands,Female,2001,80.63041507920481
Netherlands,Female,2002,80.69176678968184
Netherlands,Female,2003,80.9152028600289
Netherlands,Female,2004,81.29742869352575
Netherlands,Female,2005,81.57951893984888
Netherlands,Female,2006,81.85549912006341
Netherlands,Female,2007,82.11759274903532
Netherlands,Female,2008,82.26027071660263
Netherlands,Female,2009,82.51371726263274
Netherlands,Female,2010,82.61845389438865
Netherlands,Female,2011,82.7322856835157
Netherlands,Female,2012,82.78194211282839
Netherlands,Female,2013,82.95728717486016
Netherlands,Female,2014,83.1477535221292
Netherlands,Female,2015,83.06141485424791
Netherlands,Female,2016,83.12019779495154
Netherlands,Female,2017,83.24403681779253
Netherlands,Female,2018,83.31192182106639
Netherlands,Female,2019,83.545322948985
Netherlands,Female,2020,82.93236968710949
Netherlands,Female,2021,82.85022430121906
Netherlands,Female,2022,83.04481239867063
Netherlands,Female,2023,83.55711951509052
Netherlands,Male,1990,73.76868416022626
Netherlands,Male,1991,73.97598224087099
Netherlands,Male,1992,74.11563046979477
Netherlands,Male,1993,74.02925043375578
Netherlands,Male,1994,74.38596287866888
Netherlands,Male,1995,74.51570675746899
Netherlands,Male,1996,74.63155568266828
Netherlands,Male,1997,74.98351632556671
Netherlands,Male,1998,75.13445460488965
Netherlands,Male,1999,75.24214790020787
Netherlands,Male,2000,75.46672145475452
Netherlands,Male,2001,75.71615680387404
Netherlands,Male,2002,75.89930305759798
Netherlands,Male,2003,76.20867460053103
Netherlands,Male,2004,76.71314197996467
Netherlands,Male,2005,77.10797345029798
Netherlands,Male,2006,77.53127750247928
Netherlands,Male,2007,77.88997030628889
Netherlands,Male,2008,78.18164606714855
Netherlands,Male,2009,78.39833772462354
Netherlands,Male,2010,78.66517705392064
Netherlands,Male,2011,79.01001336733378
Netherlands,Male,2012,79.106935827694
Netherlands,Male,2013,79.32402480122573
Netherlands,Male,2014,79.65540045261167
Netherlands,Male,2015,79.64086146803635
Netherlands,Male,2016,79.75637545363644
Netherlands,Male,2017,79.97697503473321
Netherlands,Male,2018,80.0953987043121
Netherlands,Male,2019,80.2980972688561
Netherlands,Male,2020,79.49396904512922
Netherlands,Male,2021,79.54448991744599
Netherlands,Male,2022,79.94878168896692
Netherlands,Male,2023,80.4228849279894
New Zealand,Female,1990,78.39174420632695
New Zealand,Female,1991,78.67018387318232
New Zealand,Female,1992,78.85480491903671
New Zealand,Female,1993,79.04698136321511
New Zealand,Female,1994,79.2938068712129
New Zealand,Female,1995,79.3689109075216
New Zealand,Female,1996,79.56771680135594
New Zealand,Female,1997,79.97765139012856
New Zealand,Female,1998,80.39645488088351
New Zealand,Female,1999,80.58956025875362
New Zealand,Female,2000,80.8685847622652
New Zealand,Female,2001,80.95001229997226
New Zealand,Female,2002,81.09285462308775
New Zealand,Female,2003,81.26193715899157
New Zealand,Female,2004,81.53619353600307
New Zealand,Female,2005,81.89958536904552
New Zealand,Female,2006,82.05015437971163
New Zealand,Female,2007,82.18833738005351
New Zealand,Female,2008,82.3517923421855
New Zealand,Female,2009,82.58873372233043
New Zealand,Female,2010,82.80561737184166
New Zealand,Female,2011,82.7448459626203
New Zealand,Female,2012,83.09097191208353
New Zealand,Female,2013,83.36890585527976
New Zealand,Female,2014,83.2918827159331
New Zealand,Female,2015,83.30606562009864
New Zealand,Female,2016,83.44506273723674
New Zealand,Female,2017,83.43024905415456
New Zealand,Female,2018,83.50836470146241
New Zealand,Female,2019,83.71527836268525
New Zealand,Female,2020,84.07783126652853
New Zealand,Female,2021,83.83048760335248
New Zealand,Female,2022,83.10953565600255
New Zealand,Female,2023,83.35511922075992
New Zealand,Male,1990,72.65177117605462
New Zealand,Male,1991,72.9447264858968
New Zealand,Male,1992,73.11407349606662
New Zealand,Male,1993,73.47623115711528
New Zealand,Male,1994,73.81707646416572
New Zealand,Male,1995,74.01819701333886
New Zealand,Male,1996,74.3008899937344
New Zealand,Male,1997,74.78820694088066
New Zealand,Male,1998,75.26802503445184
New Zealand,Male,1999,75.54661711073398
New Zealand,Male,2000,75.93975498769687
New Zealand,Male,2001,76.18180999326107
New Zealand,Male,2002,76.50232639647778
New Zealand,Male,2003,76.84534439027115
New Zealand,Male,2004,77.22035451239532
New Zealand,Male,2005,77.74349271818163
New Zealand,Male,2006,77.93188785215357
New Zealand,Male,2007,78.06129392093925
New Zealand,Male,2008,78.28869668264103
New Zealand,Male,2009,78.62118195137481
New Zealand,Male,2010,78.99459808048113
New Zealand,Male,2011,79.09291424988758
New Zealand,Male,2012,79.3551966712612
New Zealand,Male,2013,79.63677776855474
New Zealand,Male,2014,79.7047279031175
New Zealand,Male,2015,79.82269709799978
New Zealand,Male,2016,79.9568756115862
New Zealand,Male,2017,79.88395955818999
New Zealand,Male,2018,79.92764615358749
New Zealand,Male,2019,80.1424453600752
New Zealand,Male,2020,80.47527469820665
New Zealand,Male,2021,80.32983302702026
New Zealand,Male,2022,79.62799912912719
New Zealand,Male,2023,79.89308900310242
Nicaragua,Female,1990,73.91808890202269
Nicaragua,Female,1991,74.3836980456776
Nicaragua,Female,1992,74.60001789904452
Nicaragua,Female,1993,74.72714835856834
Nicaragua,Female,1994,75.33769064971443
Nicaragua,Female,1995,75.57834329816804
Nicaragua,Female,1996,75.99847638290063
Nicaragua,Female,1997,76.62157400946869
Nicaragua,Female,1998,72.91820826580346
Nicaragua,Female,1999,77.48285072689923
Nicaragua,Female,2000,77.70626834598343
Nicaragua,Female,2001,77.70620715921528
Nicaragua,Female,2002,77.65196077169128
Nicaragua,Female,2003,77.6014502426377
Nicaragua,Female,2004,77.66414733709598
Nicaragua,Female,2005,77.75441240797923
Nicaragua,Female,2006,78.00430674057404
Nicaragua,Female,2007,77.74988975145017
Nicaragua,Female,2008,77.766820149798
Nicaragua,Female,2009,77.73718177372616
Nicaragua,Female,2010,77.72823690519664
Nicaragua,Female,2011,77.75307436858719
Nicaragua,Female,2012,77.78378994263845
Nicaragua,Female,2013,77.69342921436875
Nicaragua,Female,2014,77.5928079490081
Nicaragua,Female,2015,77.73568984003336
Nicaragua,Female,2016,77.79287463051433
Nicaragua,Female,2017,77.95148900575279
Nicaragua,Female,2018,77.86709961279826
Nicaragua,Female,2019,77.60246672076396
Nicaragua,Female,2020,75.51732792910768
Nicaragua,Female,2021,74.60945160928058
Nicaragua,Female,2022,77.89506914413197
Nicaragua,Female,2023,79.22789854357305
Nicaragua,Male,1990,68.02447120778292
Nicaragua,Male,1991,68.7021354261118
Nicaragua,Male,1992,69.09127026818649
Nicaragua,Male,1993,69.29627878464672
Nicaragua,Male,1994,69.66295011927588
Nicaragua,Male,1995,69.92180964630867
Nicaragua,Male,1996,70.3349083597153
Nicaragua,Male,1997,70.8569266384991
Nicaragua,Male,1998,68.92437130966661
Nicaragua,Male,1999,71.59373306937016
Nicaragua,Male,2000,71.93026771398306
Nicaragua,Male,2001,72.03537394457271
Nicaragua,Male,2002,72.02612381757842
Nicaragua,Male,2003,71.98592969037428
Nicaragua,Male,2004,72.00867498295146
Nicaragua,Male,2005,72.07044860147711
Nicaragua,Male,2006,72.23077061539023
Nicaragua,Male,2007,72.23584999592553
Nicaragua,Male,2008,72.25310602760777
Nicaragua,Male,2009,72.23646302044568
Nicaragua,Male,2010,72.20985732264982
Nicaragua,Male,2011,72.13748250420085
Nicaragua,Male,2012,72.02065092334368
Nicaragua,Male,2013,71.93253102982786
Nicaragua,Male,2014,71.99003785716398
Nicaragua,Male,2015,72.13897163046873
Nicaragua,Male,2016,72.23119748153334
Nicaragua,Male,2017,72.50858067666557
Nicaragua,Male,2018,72.19281502681307
Nicaragua,Male,2019,71.81904827478718
Nicaragua,Male,2020,68.59066538333454
Nicaragua,Male,2021,68.47417173462411
Nicaragua,Male,2022,72.64338992644522
Nicaragua,Male,2023,74.0554909413887
Niger,Female,1990,43.109745526169505
Niger,Female,1991,43.26566158027512
Niger,Female,1992,44.10061702445446
Niger,Female,1993,44.5699289120224
Niger,Female,1994,45.192138676391394
Niger,Female,1995,45.26866352395787
Niger,Female,1996,46.275271995824056
Niger,Female,1997,47.017128852569705
Niger,Female,1998,47.66901972196187
Niger,Female,1999,48.44629025483667
Niger,Female,2000,48.88584636019679
Niger,Female,2001,49.79776006727544
Niger,Female,2002,50.4823820040971
Niger,Female,2003,51.361881943388894
Niger,Female,2004,52.35319619642091
Niger,Female,2005,53.386987274244554
Niger,Female,2006,54.11471269749973
Niger,Female,2007,54.952228146068414
Niger,Female,2008,55.707801679874585
Niger,Female,2009,56.40410791091468
Niger,Female,2010,56.98959637981704
Niger,Female,2011,57.50900878529125
Niger,Female,2012,57.934867326445314
Niger,Female,2013,58.31716846897855
Niger,Female,2014,58.72573378377618
Niger,Female,2015,58.5596510342443
Niger,Female,2016,58.8892910618327
Niger,Female,2017,59.16500590741977
Niger,Female,2018,59.368731383243365
Niger,Female,2019,59.602035315756694
Niger,Female,2020,59.30813361609161
Niger,Female,2021,59.93948815636712
Niger,Female,2022,60.116620494758195
Niger,Female,2023,60.56133494165551
Niger,Male,1990,42.14108647338158
Niger,Male,1991,42.08828108128317
Niger,Male,1992,42.976758787133306
Niger,Male,1993,43.33493628655326
Niger,Male,1994,43.95391447195432
Niger,Male,1995,43.91096363557355
Niger,Male,1996,45.12456460957974
Niger,Male,1997,45.903759303639305
Niger,Male,1998,46.508470512026754
Niger,Male,1999,47.27505273003521
Niger,Male,2000,47.70137947633263
Niger,Male,2001,48.54121966633145
Niger,Male,2002,49.18679881709921
Niger,Male,2003,49.839464838221986
Niger,Male,2004,50.68960521953492
Niger,Male,2005,51.508717277542296
Niger,Male,2006,52.16961060758358
Niger,Male,2007,52.81601529227681
Niger,Male,2008,53.40958319223152
Niger,Male,2009,53.978326936104686
Niger,Male,2010,54.41438504557233
Niger,Male,2011,54.802741112259554
Niger,Male,2012,55.16558908051653
Niger,Male,2013,55.392325174595975
Niger,Male,2014,55.7267554982193
Niger,Male,2015,55.65755870268007
Niger,Male,2016,55.96051215083302
Niger,Male,2017,56.43490404831418
Niger,Male,2018,56.68019162752075
Niger,Male,2019,56.82428014259876
Niger,Male,2020,56.18447315843142
Niger,Male,2021,56.91126413889432
Niger,Male,2022,57.71359296089624
Niger,Male,2023,58.21422768282806
Nigeria,Female,1990,52.80950130977278
Nigeria,Female,1991,52.482349759329026
Nigeria,Female,1992,53.120623743632656
Nigeria,Female,1993,53.293186943912175
Nigeria,Female,1994,53.4879163113741
Nigeria,Female,1995,53.66189416362518
Nigeria,Female,1996,53.53720048746685
Nigeria,Female,1997,53.95046248765887
Nigeria,Female,1998,54.05921945221227
Nigeria,Female,1999,54.25876730614606
Nigeria,Female,2000,54.410226161775256
Nigeria,Female,2001,54.85171095489288
Nigeria,Female,2002,55.333720857526174
Nigeria,Female,2003,56.20209927164901
Nigeria,Female,2004,56.94808952657765
Nigeria,Female,2005,57.77808109006655
Nigeria,Female,2006,58.61741070699503
Nigeria,Female,2007,59.51842729997419
Nigeria,Female,2008,60.13938221408185
Nigeria,Female,2009,60.70248826732108
Nigeria,Female,2010,61.098896205086
Nigeria,Female,2011,61.629824049769155
Nigeria,Female,2012,62.07596889732282
Nigeria,Female,2013,62.44804943102533
Nigeria,Female,2014,62.87961805960118
Nigeria,Female,2015,62.96062188373578
Nigeria,Female,2016,63.5935744352129
Nigeria,Female,2017,63.9857610203468
Nigeria,Female,2018,64.4940172707186
Nigeria,Female,2019,64.98515194980016
Nigeria,Female,2020,64.84456212406809
Nigeria,Female,2021,65.14607457655775
Nigeria,Female,2022,65.73451349237497
Nigeria,Female,2023,65.91447469726458
Nigeria,Male,1990,50.28031901723691
Nigeria,Male,1991,49.95093547855507
Nigeria,Male,1992,50.53738181550605
Nigeria,Male,1993,50.73601613994154
Nigeria,Male,1994,50.97352070296315
Nigeria,Male,1995,51.13789036363442
Nigeria,Male,1996,50.96074480096656
Nigeria,Male,1997,51.427466236588806
Nigeria,Male,1998,51.53477399672597
Nigeria,Male,1999,51.72751250242347
Nigeria,Male,2000,51.8591448002752
Nigeria,Male,2001,52.322139111692266
Nigeria,Male,2002,52.74421568579459
Nigeria,Male,2003,53.51241300286053
Nigeria,Male,2004,54.116499304675806
Nigeria,Male,2005,54.84101741864415
Nigeria,Male,2006,55.58117737332304
Nigeria,Male,2007,56.39799647959777
Nigeria,Male,2008,57.063852448992655
Nigeria,Male,2009,57.596348861496075
Nigeria,Male,2010,57.9417929141299
Nigeria,Male,2011,58.43812632729136
Nigeria,Male,2012,58.75304410414457
Nigeria,Male,2013,59.008075805907765
Nigeria,Male,2014,59.28414729529482
Nigeria,Male,2015,59.56136446561231
Nigeria,Male,2016,60.2063866667408
Nigeria,Male,2017,60.68222593328064
Nigeria,Male,2018,61.242523223126774
Nigeria,Male,2019,61.80995505457989
Nigeria,Male,2020,61.22359401521716
Nigeria,Male,2021,61.505599730663064
Nigeria,Male,2022,62.830065625834685
Nigeria,Male,2023,63.07297601427706
Niue,Female,1990,73.17762104793108
Niue,Female,1991,73.20069645391217
Niue,Female,1992,73.237526035985
Niue,Female,1993,73.28428561256966
Niue,Female,1994,73.35359238867574
Niue,Female,1995,73.41391556401067
Niue,Female,1996,73.44233958160146
Niue,Female,1997,73.46183477844313
Niue,Female,1998,73.5387077277654
Niue,Female,1999,72.67631625194872
Niue,Female,2000,73.68327527848055
Niue,Female,2001,73.75821540604151
Niue,Female,2002,73.80329039608537
Niue,Female,2003,73.89915127204108
Niue,Female,2004,72.41525707349557
Niue,Female,2005,74.11418006087567
Niue,Female,2006,74.21327835110495
Niue,Female,2007,74.35154454159826
Niue,Female,2008,74.43549527374121
Niue,Female,2009,74.49369406661661
Niue,Female,2010,74.57744416915126
Niue,Female,2011,74.62068467493025
Niue,Female,2012,74.6291034373506
Niue,Female,2013,74.64327830566954
Niue,Female,2014,74.65260213934747
Niue,Female,2015,74.6834972182556
Niue,Female,2016,74.73158456652865
Niue,Female,2017,74.75450470883868
Niue,Female,2018,74.79205369031362
Niue,Female,2019,74.86232543751179
Niue,Female,2020,75.8850007483091
Niue,Female,2021,74.47794770301523
Niue,Female,2022,74.51937479832701
Niue,Female,2023,74.82379270558488
Niue,Male,1990,65.8897203688265
Niue,Male,1991,66.02577208826378
Niue,Male,1992,66.17402785171475
Niue,Male,1993,66.29636042919017
Niue,Male,1994,66.42219982543948
Niue,Male,1995,66.55880000814462
Niue,Male,1996,66.6789583514222
Niue,Male,1997,66.79602232409955
Niue,Male,1998,66.90188989797083
Niue,Male,1999,65.81687612272115
Niue,Male,2000,67.15534554015338
Niue,Male,2001,67.30375125916473
Niue,Male,2002,67.42828116332483
Niue,Male,2003,67.59684674331503
Niue,Male,2004,66.87970697039563
Niue,Male,2005,67.99256260396773
Niue,Male,2006,68.17469872136341
Niue,Male,2007,68.35078827937494
Niue,Male,2008,68.49415708483275
Niue,Male,2009,68.59387852467236
Niue,Male,2010,68.7338846607385
Niue,Male,2011,68.84705455439507
Niue,Male,2012,68.91505907310038
Niue,Male,2013,68.98393925583319
Niue,Male,2014,69.07847871489797
Niue,Male,2015,69.20936751390937
Niue,Male,2016,69.34400476636657
Niue,Male,2017,69.44425984560829
Niue,Male,2018,69.5248549216426
Niue,Male,2019,69.6262323422194
Niue,Male,2020,69.48469917726187
Niue,Male,2021,67.56476699632118
Niue,Male,2022,69.15053110031297
Niue,Male,2023,69.52877088673635
North Macedonia,Female,1990,73.34907702041936
North Macedonia,Female,1991,73.59266235337304
North Macedonia,Female,1992,73.79421526459709
North Macedonia,Female,1993,73.8532022956711
North Macedonia,Female,1994,74.1063508369915
North Macedonia,Female,1995,74.13159497652138
North Macedonia,Female,1996,74.28312496405145
North Macedonia,Female,1997,74.41565298518938
North Macedonia,Female,1998,74.6326100175561
North Macedonia,Female,1999,74.78639733606713
North Macedonia,Female,2000,74.954863168849
North Macedonia,Female,2001,75.1986394061971
North Macedonia,Female,2002,75.51006381652292
North Macedonia,Female,2003,75.8247031809072
North Macedonia,Female,2004,76.03225561101057
North Macedonia,Female,2005,76.09137740864219
North Macedonia,Female,2006,76.25932606346045
North Macedonia,Female,2007,76.28350436639539
North Macedonia,Female,2008,76.44778242385668
North Macedonia,Female,2009,76.63741543127685
North Macedonia,Female,2010,76.83464126076527
North Macedonia,Female,2011,77.0007399947339
North Macedonia,Female,2012,77.19374471229695
North Macedonia,Female,2013,77.46393596344082
North Macedonia,Female,2014,77.62877435397233
North Macedonia,Female,2015,77.70505621325356
North Macedonia,Female,2016,77.88681727659659
North Macedonia,Female,2017,78.0150668444516
North Macedonia,Female,2018,78.1190974155405
North Macedonia,Female,2019,78.13885075728261
North Macedonia,Female,2020,76.92824449335559
North Macedonia,Female,2021,75.42680139453331
North Macedonia,Female,2022,78.01854802003656
North Macedonia,Female,2023,78.94936686738177
North Macedonia,Male,1990,69.02318964835943
North Macedonia,Male,1991,69.14800541536849
North Macedonia,Male,1992,69.25898365000852
North Macedonia,Male,1993,68.9589921153395
North Macedonia,Male,1994,69.46554241984569
North Macedonia,Male,1995,69.49131390075897
North Macedonia,Male,1996,69.69206587722556
North Macedonia,Male,1997,69.9328603961369
North Macedonia,Male,1998,70.20436916063527
North Macedonia,Male,1999,70.39117340648272
North Macedonia,Male,2000,70.53788949212843
North Macedonia,Male,2001,70.56640759786612
North Macedonia,Male,2002,70.92811736440628
North Macedonia,Male,2003,71.2802206962482
North Macedonia,Male,2004,71.61732049137836
North Macedonia,Male,2005,71.80675283133847
North Macedonia,Male,2006,71.9733492259607
North Macedonia,Male,2007,72.2463873267138
North Macedonia,Male,2008,72.61036183996474
North Macedonia,Male,2009,72.83475683796841
North Macedonia,Male,2010,73.04003973789018
North Macedonia,Male,2011,73.23131572835393
North Macedonia,Male,2012,73.39250507527436
North Macedonia,Male,2013,73.53949235452328
North Macedonia,Male,2014,73.66514412666389
North Macedonia,Male,2015,73.74055460153302
North Macedonia,Male,2016,73.97652137077874
North Macedonia,Male,2017,74.16754553080618
North Macedonia,Male,2018,74.27071751708137
North Macedonia,Male,2019,74.09650992744751
North Macedonia,Male,2020,72.3345873385996
North Macedonia,Male,2021,71.233005354081385
North Macedonia,Male,2022,73.87406183737745
North Macedonia,Male,2023,75.18705289602217
Northern Mariana Islands,Female,1990,71.65895912353109
Northern Mariana Islands,Female,1991,71.69000824791455
Northern Mariana Islands,Female,1992,71.74165748964506
Northern Mariana Islands,Female,1993,71.74961331022837
Northern Mariana Islands,Female,1994,71.7581521458494
Northern Mariana Islands,Female,1995,71.7473441461665
Northern Mariana Islands,Female,1996,71.76161588655945
Northern Mariana Islands,Female,1997,71.76915158836594
Northern Mariana Islands,Female,1998,71.77772705316606
Northern Mariana Islands,Female,1999,71.77651003489937
Northern Mariana Islands,Female,2000,71.80270583377072
Northern Mariana Islands,Female,2001,71.83657332905103
Northern Mariana Islands,Female,2002,71.86233457506823
Northern Mariana Islands,Female,2003,71.91300171323431
Northern Mariana Islands,Female,2004,71.78899292943535
Northern Mariana Islands,Female,2005,72.02671539657729
Northern Mariana Islands,Female,2006,72.11954675495545
Northern Mariana Islands,Female,2007,72.1858753508434
Northern Mariana Islands,Female,2008,72.23158682524515
Northern Mariana Islands,Female,2009,72.22371487396057
Northern Mariana Islands,Female,2010,72.28831493095254
Northern Mariana Islands,Female,2011,72.34659967533898
Northern Mariana Islands,Female,2012,72.38636934477142
Northern Mariana Islands,Female,2013,72.40086971798794
Northern Mariana Islands,Female,2014,72.43636273738967
Northern Mariana Islands,Female,2015,72.49087561582475
Northern Mariana Islands,Female,2016,72.61357928023531
Northern Mariana Islands,Female,2017,72.83662313709438
Northern Mariana Islands,Female,2018,72.75929260158013
Northern Mariana Islands,Female,2019,72.9812420608415
Northern Mariana Islands,Female,2020,72.33779127037225
Northern Mariana Islands,Female,2021,70.66425684657698
Northern Mariana Islands,Female,2022,72.3404339972836
Northern Mariana Islands,Female,2023,72.83787088689789
Northern Mariana Islands,Male,1990,66.02448603490605
Northern Mariana Islands,Male,1991,66.1332328095814
Northern Mariana Islands,Male,1992,66.26124560554544
Northern Mariana Islands,Male,1993,66.35503309555197
Northern Mariana Islands,Male,1994,66.44425992566563
Northern Mariana Islands,Male,1995,66.51168618303102
Northern Mariana Islands,Male,1996,66.59878661960906
Northern Mariana Islands,Male,1997,66.68253907829016
Northern Mariana Islands,Male,1998,66.76548371311436
Northern Mariana Islands,Male,1999,66.77472941447397
Northern Mariana Islands,Male,2000,66.8880892659913
Northern Mariana Islands,Male,2001,67.04081625104533
Northern Mariana Islands,Male,2002,67.16481309022929
Northern Mariana Islands,Male,2003,67.26649735792662
Northern Mariana Islands,Male,2004,67.23544075791725
Northern Mariana Islands,Male,2005,67.38459999949161
Northern Mariana Islands,Male,2006,67.57326950163464
Northern Mariana Islands,Male,2007,67.58257046691595
Northern Mariana Islands,Male,2008,67.7858729807982
Northern Mariana Islands,Male,2009,67.87042797019562
Northern Mariana Islands,Male,2010,67.94993236712484
Northern Mariana Islands,Male,2011,68.0444943601116
Northern Mariana Islands,Male,2012,68.09560500562822
Northern Mariana Islands,Male,2013,68.12732549332055
Northern Mariana Islands,Male,2014,68.19688114411278
Northern Mariana Islands,Male,2015,68.29649785733749
Northern Mariana Islands,Male,2016,68.53215078604319
Northern Mariana Islands,Male,2017,68.81197655328845
Northern Mariana Islands,Male,2018,68.88221580139752
Northern Mariana Islands,Male,2019,69.1211641046834
Northern Mariana Islands,Male,2020,68.04959296650209
Northern Mariana Islands,Male,2021,66.80814339186385
Northern Mariana Islands,Male,2022,68.44576145571904
Northern Mariana Islands,Male,2023,69.04441658495331
Norway,Female,1990,79.81368433014636
Norway,Female,1991,80.10165332265603
Norway,Female,1992,80.24061676668681
Norway,Female,1993,80.29284113203657
Norway,Female,1994,80.55927980024146
Norway,Female,1995,80.71195339076027
Norway,Female,1996,80.88088265873978
Norway,Female,1997,81.02242090982782
Norway,Female,1998,81.11271730271821
Norway,Female,1999,81.1694421541417
Norway,Female,2000,81.33101507501188
Norway,Female,2001,81.44879950049089
Norway,Female,2002,81.59613720720395
Norway,Female,2003,81.86448288696256
Norway,Female,2004,82.27029890903025
Norway,Female,2005,82.52585438339774
Norway,Female,2006,82.56230033000772
Norway,Female,2007,82.6582260483301
Norway,Female,2008,82.82598805345472
Norway,Female,2009,82.99833611344583
Norway,Female,2010,83.20560349803353
Norway,Female,2011,83.2874438989828
Norway,Female,2012,83.40650596957622
Norway,Female,2013,83.65037117205945
Norway,Female,2014,83.94907857810068
Norway,Female,2015,84.08200002909787
Norway,Female,2016,84.16590247029086
Norway,Female,2017,84.31537862781965
Norway,Female,2018,84.45769183229712
Norway,Female,2019,84.71277998360567
Norway,Female,2020,84.77998165801236
Norway,Female,2021,84.65688975330158
Norway,Female,2022,84.23531149838513
Norway,Female,2023,84.63557997242069
Norway,Male,1990,73.51221782069442
Norway,Male,1991,73.9486269143324
Norway,Male,1992,74.15168028659366
Norway,Male,1993,74.33683321056286
Norway,Male,1994,74.66679769448334
Norway,Male,1995,74.89515649151272
Norway,Male,1996,75.1632305363139
Norway,Male,1997,75.38230170113826
Norway,Male,1998,75.48575107417518
Norway,Male,1999,75.61703134930875
Norway,Male,2000,75.953319788278165
Norway,Male,2001,76.16365412977338
Norway,Male,2002,76.42295049820184
Norway,Male,2003,76.95048741085903
Norway,Male,2004,77.369291783742
Norway,Male,2005,77.70179497418322
Norway,Male,2006,77.99520611056836
Norway,Male,2007,78.11434459173775
Norway,Male,2008,78.26246359169554
Norway,Male,2009,78.553131918571
Norway,Male,2010,78.75523646234501
Norway,Male,2011,78.90962785321904
Norway,Male,2012,79.23723912418225
Norway,Male,2013,79.53968941911397
Norway,Male,2014,79.95892639831227
Norway,Male,2015,80.2400565009979
Norway,Male,2016,80.49746904083496
Norway,Male,2017,80.75581404638548
Norway,Male,2018,80.93739988195235
Norway,Male,2019,81.24371588023247
Norway,Male,2020,81.34212717746338
Norway,Male,2021,81.41410267799345
Norway,Male,2022,80.80838540301013
Norway,Male,2023,81.36568167939029
Oman,Female,1990,72.66920838526626
Oman,Female,1991,73.34664049321991
Oman,Female,1992,73.69384618927313
Oman,Female,1993,74.1335193382624
Oman,Female,1994,74.546380926278
Oman,Female,1995,74.98047712673558
Oman,Female,1996,75.42588495783642
Oman,Female,1997,75.80014476415231
Oman,Female,1998,76.13472814573565
Oman,Female,1999,76.53396045547525
Oman,Female,2000,76.7518017910302
Oman,Female,2001,77.20290522645507
Oman,Female,2002,77.30465721241913
Oman,Female,2003,77.48074719237323
Oman,Female,2004,77.79112749426949
Oman,Female,2005,77.75326935813757
Oman,Female,2006,77.63761950518155
Oman,Female,2007,77.54498623184824
Oman,Female,2008,77.84970335014347
Oman,Female,2009,77.91179892523532
Oman,Female,2010,77.72924247083957
Oman,Female,2011,77.75836774880877
Oman,Female,2012,77.96301813463522
Oman,Female,2013,78.0914334173932
Oman,Female,2014,78.08967170627662
Oman,Female,2015,78.01069205267339
Oman,Female,2016,78.18319100214303
Oman,Female,2017,78.28027211911406
Oman,Female,2018,78.53551426565778
Oman,Female,2019,78.78532249914872
Oman,Female,2020,76.6316103602901
Oman,Female,2021,75.3468774753299
Oman,Female,2022,78.72735083869838
Oman,Female,2023,79.4854218291106
Oman,Male,1990,66.23271662084647
Oman,Male,1991,66.78617989790898
Oman,Male,1992,67.17613825846163
Oman,Male,1993,67.56336919710874
Oman,Male,1994,68.02374645883668
Oman,Male,1995,68.48187072182722
Oman,Male,1996,68.92025044681675
Oman,Male,1997,69.33245380432606
Oman,Male,1998,69.66646698630942
Oman,Male,1999,70.08524075624561
Oman,Male,2000,70.32192190733932
Oman,Male,2001,70.66223607652672
Oman,Male,2002,70.7459640062573
Oman,Male,2003,71.0255553727736
Oman,Male,2004,71.18268335553724
Oman,Male,2005,71.25526960764137
Oman,Male,2006,71.22158154698307
Oman,Male,2007,71.21539354821543
Oman,Male,2008,71.33414018206113
Oman,Male,2009,71.38414421208451
Oman,Male,2010,71.48247468057004
Oman,Male,2011,71.63235687504579
Oman,Male,2012,71.81069203782421
Oman,Male,2013,72.13411281280706
Oman,Male,2014,72.36322874686009
Oman,Male,2015,72.44148369717995
Oman,Male,2016,72.67923667305935
Oman,Male,2017,73.02876899259591
Oman,Male,2018,73.54794425151265
Oman,Male,2019,73.99502453388706
Oman,Male,2020,71.52081002877995
Oman,Male,2021,70.81991878598852
Oman,Male,2022,74.5242043816229
Oman,Male,2023,75.15674667666275
Pakistan,Female,1990,62.589092219354434
Pakistan,Female,1991,62.695673997074934
Pakistan,Female,1992,62.80777518272694
Pakistan,Female,1993,62.93978190774437
Pakistan,Female,1994,63.19183120816154
Pakistan,Female,1995,63.40071786645009
Pakistan,Female,1996,63.77972635721176
Pakistan,Female,1997,64.09525653710027
Pakistan,Female,1998,64.39897920678914
Pakistan,Female,1999,64.78592714073115
Pakistan,Female,2000,65.07950600247129
Pakistan,Female,2001,65.40727177927666
Pakistan,Female,2002,65.66163829807535
Pakistan,Female,2003,65.93394023487244
Pakistan,Female,2004,66.14617409085172
Pakistan,Female,2005,64.64686592665403
Pakistan,Female,2006,66.6396058248242
Pakistan,Female,2007,66.79894274481441
Pakistan,Female,2008,67.00388424745302
Pakistan,Female,2009,67.16528626489242
Pakistan,Female,2010,67.3225729166743
Pakistan,Female,2011,67.54430193703949
Pakistan,Female,2012,67.61785254692168
Pakistan,Female,2013,67.67287123874573
Pakistan,Female,2014,67.82718388459973
Pakistan,Female,2015,68.12670479716621
Pakistan,Female,2016,68.39391448196768
Pakistan,Female,2017,68.76797472309609
Pakistan,Female,2018,69.09560870149632
Pakistan,Female,2019,69.36351462029727
Pakistan,Female,2020,67.3267307166296
Pakistan,Female,2021,66.56981573278368
Pakistan,Female,2022,69.61820075122931
Pakistan,Female,2023,70.09624916079873
Pakistan,Male,1990,61.70240451667741
Pakistan,Male,1991,61.793192201095714
Pakistan,Male,1992,61.926316354510114
Pakistan,Male,1993,62.01986798806179
Pakistan,Male,1994,62.21714713514611
Pakistan,Male,1995,62.33454332491852
Pakistan,Male,1996,62.61355230194072
Pakistan,Male,1997,62.835572503293136
Pakistan,Male,1998,63.04714500765062
Pakistan,Male,1999,63.30126968805379
Pakistan,Male,2000,63.537407832992386
Pakistan,Male,2001,63.79437220122597
Pakistan,Male,2002,63.987160239958634
Pakistan,Male,2003,64.22486284348825
Pakistan,Male,2004,64.43431803645174
Pakistan,Male,2005,63.54672073673636
Pakistan,Male,2006,64.91643817907719
Pakistan,Male,2007,65.10867182510155
Pakistan,Male,2008,65.3579121891174
Pakistan,Male,2009,65.5765922378474
Pakistan,Male,2010,65.86312400003544
Pakistan,Male,2011,66.29586399334212
Pakistan,Male,2012,66.57484174682116
Pakistan,Male,2013,66.87038920190928
Pakistan,Male,2014,67.17331638933747
Pakistan,Male,2015,67.54974877710639
Pakistan,Male,2016,67.95003449540586
Pakistan,Male,2017,68.35285617685734
Pakistan,Male,2018,68.73986050780614
Pakistan,Male,2019,69.09404642579594
Pakistan,Male,2020,66.4287233185357
Pakistan,Male,2021,66.18965802764151
Pakistan,Male,2022,69.55099313031982
Pakistan,Male,2023,69.98726759960054
Palau,Female,1990,69.02242032125261
Palau,Female,1991,69.11301659646581
Palau,Female,1992,69.19316968061534
Palau,Female,1993,69.22536293489549
Palau,Female,1994,69.24893405529012
Palau,Female,1995,69.28695947810814
Palau,Female,1996,69.27363765597744
Palau,Female,1997,69.35698136141481
Palau,Female,1998,69.35826754310851
Palau,Female,1999,69.41584889478798
Palau,Female,2000,69.44831939022896
Palau,Female,2001,69.48330037894964
Palau,Female,2002,69.51957272522853
Palau,Female,2003,69.55375151837315
Palau,Female,2004,69.54889206641047
Palau,Female,2005,69.60159156710127
Palau,Female,2006,69.69504965970377
Palau,Female,2007,69.81011675774768
Palau,Female,2008,69.92289802388953
Palau,Female,2009,69.95719894517143
Palau,Female,2010,69.98313145192706
Palau,Female,2011,70.02149303359704
Palau,Female,2012,70.02518230148199
Palau,Female,2013,69.98525791756646
Palau,Female,2014,69.96499964398411
Palau,Female,2015,69.99930521963843
Palau,Female,2016,70.10047479180992
Palau,Female,2017,70.23207449455973
Palau,Female,2018,70.32901640816615
Palau,Female,2019,70.40052019935246
Palau,Female,2020,69.7824316528212
Palau,Female,2021,68.32935230541788
Palau,Female,2022,69.90018229194908
Palau,Female,2023,70.17496712212109
Palau,Male,1990,63.9531453807926
Palau,Male,1991,64.165579693324
Palau,Male,1992,64.36253497418177
Palau,Male,1993,64.48462509324172
Palau,Male,1994,64.55452618757656
Palau,Male,1995,64.65926332920779
Palau,Male,1996,64.62494440315677
Palau,Male,1997,64.9963450226705
Palau,Male,1998,65.08816313608496
Palau,Male,1999,65.18122813189949
Palau,Male,2000,65.25638182617708
Palau,Male,2001,65.40053298448136
Palau,Male,2002,65.54634719947714
Palau,Male,2003,65.6429577409615
Palau,Male,2004,65.72021817554972
Palau,Male,2005,65.87937719532037
Palau,Male,2006,66.05128312411951
Palau,Male,2007,66.24812577239705
Palau,Male,2008,66.39079135690726
Palau,Male,2009,66.44252215895094
Palau,Male,2010,66.51417812847963
Palau,Male,2011,66.65520540465523
Palau,Male,2012,66.79706589829522
Palau,Male,2013,66.89080864185806
Palau,Male,2014,66.96078142998877
Palau,Male,2015,67.06568327380766
Palau,Male,2016,67.25496196218339
Palau,Male,2017,67.47315469649114
Palau,Male,2018,67.652747507015
Palau,Male,2019,67.78017059225576
Palau,Male,2020,67.07856029301891
Palau,Male,2021,65.333690554197
Palau,Male,2022,67.2892797108306
Palau,Male,2023,67.73859167875695
Palestine,Female,1990,73.35926099064254
Palestine,Female,1991,73.48056782980714
Palestine,Female,1992,73.59837339138825
Palestine,Female,1993,73.733860331167
Palestine,Female,1994,73.88400075169105
Palestine,Female,1995,74.02770049435931
Palestine,Female,1996,74.16321245151146
Palestine,Female,1997,74.36315007427292
Palestine,Female,1998,74.5525391341877
Palestine,Female,1999,74.75962370342012
Palestine,Female,2000,74.87175458697958
Palestine,Female,2001,74.95951069164022
Palestine,Female,2002,74.96466800236863
Palestine,Female,2003,75.15293945409236
Palestine,Female,2004,75.22028333000415
Palestine,Female,2005,75.45767834422631
Palestine,Female,2006,75.46224257738369
Palestine,Female,2007,75.65894579403576
Palestine,Female,2008,75.77112075025902
Palestine,Female,2009,75.95123309358742
Palestine,Female,2010,76.24292808833894
Palestine,Female,2011,76.47034860636157
Palestine,Female,2012,76.8537189907074
Palestine,Female,2013,77.23099885749471
Palestine,Female,2014,76.8667699578579
Palestine,Female,2015,77.58071893776248
Palestine,Female,2016,77.88572702683793
Palestine,Female,2017,78.12274441348947
Palestine,Female,2018,78.34150100064136
Palestine,Female,2019,78.53055215312668
Palestine,Female,2020,77.79490287760596
Palestine,Female,2021,76.42971471399845
Palestine,Female,2022,78.36746972232118
Palestine,Female,2023,72.02496359582548
Palestine,Male,1990,68.33556509631357
Palestine,Male,1991,68.52269794304247
Palestine,Male,1992,68.72856724942547
Palestine,Male,1993,68.93814136863135
Palestine,Male,1994,69.19009301637033
Palestine,Male,1995,69.4413997220157
Palestine,Male,1996,69.6339902328385
Palestine,Male,1997,69.97271045485745
Palestine,Male,1998,70.22829024957633
Palestine,Male,1999,70.46611435911274
Palestine,Male,2000,70.59480409991907
Palestine,Male,2001,70.58447816602975
Palestine,Male,2002,70.4181467984821
Palestine,Male,2003,70.86944301924325
Palestine,Male,2004,70.88573756440019
Palestine,Male,2005,71.40744958217631
Palestine,Male,2006,71.110676483951
Palestine,Male,2007,71.38811527600274
Palestine,Male,2008,71.43405722236993
Palestine,Male,2009,71.67943661648908
Palestine,Male,2010,72.58696400221179
Palestine,Male,2011,72.87335162969815
Palestine,Male,2012,73.22573748750368
Palestine,Male,2013,73.91166811653255
Palestine,Male,2014,72.11213565764095
Palestine,Male,2015,74.20785414091623
Palestine,Male,2016,74.51919418321765
Palestine,Male,2017,74.78637283863921
Palestine,Male,2018,74.99310926207795
Palestine,Male,2019,75.09407643959135
Palestine,Male,2020,74.29772339699569
Palestine,Male,2021,72.81543961016712
Palestine,Male,2022,74.92444866608969
Palestine,Male,2023,60.73907185199482
Panama,Female,1990,78.61664075037599
Panama,Female,1991,78.76247685876878
Panama,Female,1992,78.84361372279251
Panama,Female,1993,78.96086798772376
Panama,Female,1994,79.0648502139847
Panama,Female,1995,79.25342864068587
Panama,Female,1996,79.27636208344569
Panama,Female,1997,79.28548991238634
Panama,Female,1998,79.62515930844476
Panama,Female,1999,79.91930499210652
Panama,Female,2000,80.13243924093165
Panama,Female,2001,80.33031048282132
Panama,Female,2002,80.42435566586578
Panama,Female,2003,80.50817171971852
Panama,Female,2004,80.4839686389681
Panama,Female,2005,80.50653815438004
Panama,Female,2006,80.67266826370542
Panama,Female,2007,80.97817420344914
Panama,Female,2008,81.16628535371876
Panama,Female,2009,81.21538031665851
Panama,Female,2010,81.244416229994
Panama,Female,2011,81.24403631870506
Panama,Female,2012,81.3081926791022
Panama,Female,2013,81.25842466600294
Panama,Female,2014,81.30065326045585
Panama,Female,2015,81.44044070175947
Panama,Female,2016,81.56125796444628
Panama,Female,2017,81.6512004991355
Panama,Female,2018,81.85182513408999
Panama,Female,2019,81.93030456774184
Panama,Female,2020,80.03772007118356
Panama,Female,2021,80.18973667924156
Panama,Female,2022,81.33313322040554
Panama,Female,2023,81.87410617032972
Panama,Male,1990,73.79673371389559
Panama,Male,1991,73.86576136500078
Panama,Male,1992,73.86407747106173
Panama,Male,1993,73.77818854344495
Panama,Male,1994,73.76967894323137
Panama,Male,1995,73.81377109481151
Panama,Male,1996,73.9099580590164
Panama,Male,1997,74.04477922899142
Panama,Male,1998,74.43576003624669
Panama,Male,1999,74.76755951382961
Panama,Male,2000,75.03272881047417
Panama,Male,2001,75.12253717114287
Panama,Male,2002,75.2887340979806
Panama,Male,2003,75.33156114606237
Panama,Male,2004,75.28330462552883
Panama,Male,2005,75.31239450150038
Panama,Male,2006,75.31138284294846
Panama,Male,2007,75.38243634221361
Panama,Male,2008,75.38264864671704
Panama,Male,2009,75.34197665181887
Panama,Male,2010,75.23424509457058
Panama,Male,2011,75.31539959092049
Panama,Male,2012,75.46506416624793
Panama,Male,2013,75.55790095463108
Panama,Male,2014,75.76181053623682
Panama,Male,2015,75.90678832244448
Panama,Male,2016,75.97294834939437
Panama,Male,2017,76.06793070715209
Panama,Male,2018,76.10769102535686
Panama,Male,2019,76.04327965758549
Panama,Male,2020,73.63180430112011
Panama,Male,2021,74.2106896505251
Panama,Male,2022,76.05176540011624
Panama,Male,2023,76.58465771344466
Papua New Guinea,Female,1990,63.71921241080952
Papua New Guinea,Female,1991,63.59155915070976
Papua New Guinea,Female,1992,63.863092091574536
Papua New Guinea,Female,1993,64.01045248175168
Papua New Guinea,Female,1994,64.21095587839564
Papua New Guinea,Female,1995,64.38032256724655
Papua New Guinea,Female,1996,64.46383191284156
Papua New Guinea,Female,1997,64.59028873564368
Papua New Guinea,Female,1998,63.592147064224974
Papua New Guinea,Female,1999,64.65535831747042
Papua New Guinea,Female,2000,64.66586922095809
Papua New Guinea,Female,2001,64.70985579923564
Papua New Guinea,Female,2002,64.62402800312861
Papua New Guinea,Female,2003,64.77025079559822
Papua New Guinea,Female,2004,64.89576956716866
Papua New Guinea,Female,2005,65.03082801281867
Papua New Guinea,Female,2006,65.17440882582058
Papua New Guinea,Female,2007,65.17403463388827
Papua New Guinea,Female,2008,65.42449649477079
Papua New Guinea,Female,2009,65.55071463236219
Papua New Guinea,Female,2010,65.49735121609488
Papua New Guinea,Female,2011,65.5362262219882
Papua New Guinea,Female,2012,65.63658013307733
Papua New Guinea,Female,2013,66.0880583572993
Papua New Guinea,Female,2014,66.23713288339654
Papua New Guinea,Female,2015,66.22102295401392
Papua New Guinea,Female,2016,66.6011884784069
Papua New Guinea,Female,2017,66.78156062087147
Papua New Guinea,Female,2018,66.94148659998372
Papua New Guinea,Female,2019,66.98151430745706
Papua New Guinea,Female,2020,67.24819086936073
Papua New Guinea,Female,2021,66.96552076032667
Papua New Guinea,Female,2022,66.82846132431644
Papua New Guinea,Female,2023,66.95898187526653
Papua New Guinea,Male,1990,60.528174613470824
Papua New Guinea,Male,1991,60.48714095279994
Papua New Guinea,Male,1992,60.77478584889088
Papua New Guinea,Male,1993,61.023209411496744
Papua New Guinea,Male,1994,61.26080021879985
Papua New Guinea,Male,1995,61.51235419359657
Papua New Guinea,Male,1996,61.70825651507414
Papua New Guinea,Male,1997,61.97544740966667
Papua New Guinea,Male,1998,61.43059160899314
Papua New Guinea,Male,1999,62.19476684335143
Papua New Guinea,Male,2000,62.31302944188959
Papua New Guinea,Male,2001,62.41108423298825
Papua New Guinea,Male,2002,62.42667578746726
Papua New Guinea,Male,2003,62.61399910923982
Papua New Guinea,Male,2004,62.73749009068789
Papua New Guinea,Male,2005,62.8681566388892
Papua New Guinea,Male,2006,63.027778075135295
Papua New Guinea,Male,2007,63.094675604030506
Papua New Guinea,Male,2008,63.33584272842146
Papua New Guinea,Male,2009,63.480857609933416
Papua New Guinea,Male,2010,63.55514249683976
Papua New Guinea,Male,2011,63.69191254171293
Papua New Guinea,Male,2012,63.788820941477375
Papua New Guinea,Male,2013,64.34196545937868
Papua New Guinea,Male,2014,64.60874580916254
Papua New Guinea,Male,2015,64.75285495286096
Papua New Guinea,Male,2016,65.1267558829159
Papua New Guinea,Male,2017,65.35303665696684
Papua New Guinea,Male,2018,65.55029161634538
Papua New Guinea,Male,2019,65.66985868224447
Papua New Guinea,Male,2020,65.86351322178409
Papua New Guinea,Male,2021,65.10484676446765
Papua New Guinea,Male,2022,65.63752764038831
Papua New Guinea,Male,2023,65.84308422003647
Paraguay,Female,1990,76.68212090717446
Paraguay,Female,1991,77.01238703249108
Paraguay,Female,1992,76.93776659243913
Paraguay,Female,1993,76.76466169229043
Paraguay,Female,1994,76.67143063608779
Paraguay,Female,1995,76.65091496819595
Paraguay,Female,1996,76.6463041022581
Paraguay,Female,1997,76.84211012919181
Paraguay,Female,1998,76.91236882664352
Paraguay,Female,1999,77.03081808148967
Paraguay,Female,2000,77.08977051940391
Paraguay,Female,2001,77.21796218341903
Paraguay,Female,2002,77.20507095015822
Paraguay,Female,2003,77.09355952957898
Paraguay,Female,2004,76.78023784546423
Paraguay,Female,2005,76.71986357652536
Paraguay,Female,2006,76.66585552084463
Paraguay,Female,2007,76.75506962295927
Paraguay,Female,2008,76.85678883046674
Paraguay,Female,2009,76.82392970701663
Paraguay,Female,2010,76.75791166955545
Paraguay,Female,2011,76.81861499636945
Paraguay,Female,2012,76.87706364897633
Paraguay,Female,2013,76.8615782177566
Paraguay,Female,2014,76.96459163780743
Paraguay,Female,2015,76.9131895678987
Paraguay,Female,2016,76.7489183991045
Paraguay,Female,2017,76.91571639232852
Paraguay,Female,2018,76.89372898934955
Paraguay,Female,2019,76.78714510734679
Paraguay,Female,2020,75.8869868948816
Paraguay,Female,2021,70.7605657631401
Paraguay,Female,2022,75.68454302834724
Paraguay,Female,2023,76.24670306589731
Paraguay,Male,1990,73.29071573397673
Paraguay,Male,1991,73.41474452818417
Paraguay,Male,1992,73.23060352666374
Paraguay,Male,1993,73.02598607108435
Paraguay,Male,1994,72.70838935284607
Paraguay,Male,1995,72.50126417257586
Paraguay,Male,1996,72.30375902083665
Paraguay,Male,1997,72.34454251910135
Paraguay,Male,1998,72.22427837539644
Paraguay,Male,1999,72.22478411200345
Paraguay,Male,2000,72.25123993896018
Paraguay,Male,2001,72.4182824195593
Paraguay,Male,2002,72.40954644970567
Paraguay,Male,2003,72.28071209137968
Paraguay,Male,2004,71.60719951262254
Paraguay,Male,2005,71.80716954990251
Paraguay,Male,2006,71.64484491468656
Paraguay,Male,2007,71.5100499455651
Paraguay,Male,2008,71.45466274742519
Paraguay,Male,2009,71.21531680794895
Paraguay,Male,2010,71.090564497995
Paraguay,Male,2011,71.18713715294197
Paraguay,Male,2012,71.24417594002993
Paraguay,Male,2013,71.22336489148366
Paraguay,Male,2014,71.16525634289742
Paraguay,Male,2015,70.93632053666524
Paraguay,Male,2016,70.72515547876858
Paraguay,Male,2017,70.82232742953028
Paraguay,Male,2018,70.69687540722731
Paraguay,Male,2019,70.463273996075
Paraguay,Male,2020,69.2395138278519
Paraguay,Male,2021,64.21866920794055
Paraguay,Male,2022,69.3971871511739
Paraguay,Male,2023,70.03442518631572
Peru,Female,1990,74.77226716611196
Peru,Female,1991,73.93823221449563
Peru,Female,1992,75.03280785974846
Peru,Female,1993,74.95582047940736
Peru,Female,1994,74.9569136293116
Peru,Female,1995,74.97709486056281
Peru,Female,1996,75.35485767637043
Peru,Female,1997,75.89613212934883
Peru,Female,1998,76.5161388781728
Peru,Female,1999,77.37267145957236
Peru,Female,2000,78.11896483719215
Peru,Female,2001,78.67643767190795
Peru,Female,2002,78.91185219198809
Peru,Female,2003,78.88725708889706
Peru,Female,2004,79.11473856724984
Peru,Female,2005,79.5925403880382
Peru,Female,2006,80.18914862135516
Peru,Female,2007,80.45095948795667
Peru,Female,2008,80.60926604622638
Peru,Female,2009,80.52018082978134
Peru,Female,2010,80.71843146397335
Peru,Female,2011,81.14705733899429
Peru,Female,2012,81.54001126805774
Peru,Female,2013,81.95819188502144
Peru,Female,2014,82.35379090599487
Peru,Female,2015,82.64398760140631
Peru,Female,2016,82.43110927659991
Peru,Female,2017,81.67952552962993
Peru,Female,2018,81.33782547367875
Peru,Female,2019,81.32908176009326
Peru,Female,2020,76.11168550163478
Peru,Female,2021,74.19251718344495
Peru,Female,2022,80.00172763154272
Peru,Female,2023,78.9561639658475
Peru,Male,1990,70.9654510258629
Peru,Male,1991,69.66390260155408
Peru,Male,1992,70.9435125969572
Peru,Male,1993,70.82640672432063
Peru,Male,1994,70.92523009006871
Peru,Male,1995,70.98058784221404
Peru,Male,1996,71.21831120495693
Peru,Male,1997,71.88102131410034
Peru,Male,1998,72.60870406172437
Peru,Male,1999,73.61337158171673
Peru,Male,2000,74.50934427018932
Peru,Male,2001,75.35804950319134
Peru,Male,2002,75.75603302488307
Peru,Male,2003,75.72738965784151
Peru,Male,2004,75.9004503494251
Peru,Male,2005,76.39355757532913
Peru,Male,2006,76.96335820481751
Peru,Male,2007,77.18883222114961
Peru,Male,2008,77.34432916633779
Peru,Male,2009,77.19536819931577
Peru,Male,2010,77.33452678516056
Peru,Male,2011,77.81449317024749
Peru,Male,2012,78.26722937364285
Peru,Male,2013,78.78098212743635
Peru,Male,2014,79.18794272461182
Peru,Male,2015,79.54711815743995
Peru,Male,2016,79.33348901026515
Peru,Male,2017,78.6372798985388
Peru,Male,2018,78.161291572624
Peru,Male,2019,77.8725068557997
Peru,Male,2020,69.2602740099137
Peru,Male,2021,68.275822144953
Peru,Male,2022,76.01713983157266
Peru,Male,2023,75.28095853556057
Philippines,Female,1990,72.24946794795756
Philippines,Female,1991,72.66851078045357
Philippines,Female,1992,73.1486534204147
Philippines,Female,1993,73.26246003957209
Philippines,Female,1994,73.45948574095559
Philippines,Female,1995,73.50316426782464
Philippines,Female,1996,73.57486675327168
Philippines,Female,1997,73.83748233118561
Philippines,Female,1998,74.03273125559782
Philippines,Female,1999,74.2567891769788
Philippines,Female,2000,74.15730097964403
Philippines,Female,2001,74.01174395481974
Philippines,Female,2002,73.92944493132788
Philippines,Female,2003,74.25739570110912
Philippines,Female,2004,74.36776289306789
Philippines,Female,2005,74.32733793980209
Philippines,Female,2006,74.23101181558961
Philippines,Female,2007,74.55679010091936
Philippines,Female,2008,74.47501753746124
Philippines,Female,2009,74.31474484301177
Philippines,Female,2010,74.41488559127401
Philippines,Female,2011,74.45158905615047
Philippines,Female,2012,74.3906251304633
Philippines,Female,2013,73.97357500909315
Philippines,Female,2014,74.55780060605758
Philippines,Female,2015,74.4555061466285
Philippines,Female,2016,74.37801405838461
Philippines,Female,2017,74.57783337026733
Philippines,Female,2018,74.79878116375941
Philippines,Female,2019,75.0850371573795
Philippines,Female,2020,75.21458863156427
Philippines,Female,2021,71.13705255235266
Philippines,Female,2022,74.12793760264547
Philippines,Female,2023,75.3518970542212
Philippines,Male,1990,65.64779296171942
Philippines,Male,1991,66.11782138030789
Philippines,Male,1992,66.40175892896195
Philippines,Male,1993,66.46378268079401
Philippines,Male,1994,66.60837379502945
Philippines,Male,1995,66.7512596010156
Philippines,Male,1996,66.7463002363825
Philippines,Male,1997,66.92256511945013
Philippines,Male,1998,66.98337527908039
Philippines,Male,1999,67.257347806546
Philippines,Male,2000,67.09717200557836
Philippines,Male,2001,66.98997656879922
Philippines,Male,2002,66.98906578234123
Philippines,Male,2003,67.2473072009329
Philippines,Male,2004,67.33489565153317
Philippines,Male,2005,67.2389202185018
Philippines,Male,2006,67.19520110169096
Philippines,Male,2007,67.52330452320707
Philippines,Male,2008,67.44966743825971
Philippines,Male,2009,67.3019656672691
Philippines,Male,2010,67.42042351313735
Philippines,Male,2011,67.50411012282622
Philippines,Male,2012,67.54417922407471
Philippines,Male,2013,67.40173835881555
Philippines,Male,2014,67.75056555779499
Philippines,Male,2015,67.56788087962292
Philippines,Male,2016,67.35890381609194
Philippines,Male,2017,67.58257564721437
Philippines,Male,2018,67.93951788045335
Philippines,Male,2019,68.30662800610416
Philippines,Male,2020,68.4866505050844
Philippines,Male,2021,64.82255157868656
Philippines,Male,2022,67.59672768237041
Philippines,Male,2023,68.91283429113312
Poland,Female,1990,75.71098526836614
Poland,Female,1991,75.62951090311046
Poland,Female,1992,75.89464889085383
Poland,Female,1993,76.1170712628828
Poland,Female,1994,76.3902958509372
Poland,Female,1995,76.61606594686994
Poland,Female,1996,76.79269976194875
Poland,Female,1997,77.06082613288976
Poland,Female,1998,77.43147846044818
Poland,Female,1999,77.62436544287746
Poland,Female,2000,78.06907628757827
Poland,Female,2001,78.4507002753193
Poland,Female,2002,78.81954909214419
Poland,Female,2003,78.98594171188007
Poland,Female,2004,79.27849110934692
Poland,Female,2005,79.49155982894213
Poland,Female,2006,79.68776918134839
Poland,Female,2007,79.81815424084847
Poland,Female,2008,79.97289153947892
Poland,Female,2009,80.12764387119438
Poland,Female,2010,80.49112839668166
Poland,Female,2011,80.79995567580143
Poland,Female,2012,80.8848694759474
Poland,Female,2013,81.06569066027437
Poland,Female,2014,81.42932274708457
Poland,Female,2015,81.48125313275519
Poland,Female,2016,81.72354496980891
Poland,Female,2017,81.67815367060426
Poland,Female,2018,81.66459280807038
Poland,Female,2019,81.82398229101673
Poland,Female,2020,80.7596286456075
Poland,Female,2021,79.71101763708667
Poland,Female,2022,81.32115768852739
Poland,Female,2023,82.2455487096933
Poland,Male,1990,66.80320054430342
Poland,Male,1991,66.5684881566305
Poland,Male,1992,66.95595964511466
Poland,Male,1993,67.44328860554926
Poland,Male,1994,67.80684166423106
Poland,Male,1995,67.9657199329432
Poland,Male,1996,68.27802051725297
Poland,Male,1997,68.56056365824108
Poland,Male,1998,68.89297163603445
Poland,Male,1999,69.08950059932856
Poland,Male,2000,69.71706429028276
Poland,Male,2001,70.20843563167021
Poland,Male,2002,70.57531294251608
Poland,Male,2003,70.72489750378702
Poland,Male,2004,70.89903963560215
Poland,Male,2005,71.0407123197276
Poland,Male,2006,71.15847538692634
Poland,Male,2007,71.27720656219005
Poland,Male,2008,71.51709470881126
Poland,Male,2009,71.82162133479274
Poland,Male,2010,72.27590439066259
Poland,Male,2011,72.65741719689218
Poland,Male,2012,72.83584254719649
Poland,Male,2013,73.19363368538741
Poland,Male,2014,73.68274865762186
Poland,Male,2015,73.73168705661426
Poland,Male,2016,73.94748530517217
Poland,Male,2017,73.98327946687907
Poland,Male,2018,73.97296847542141
Poland,Male,2019,74.14258884239898
Poland,Male,2020,72.69821838006378
Poland,Male,2021,71.8707235364156
Poland,Male,2022,73.67725557281217
Poland,Male,2023,74.97387398857656
Portugal,Female,1990,77.66621926402657
Portugal,Female,1991,77.77891408684552
Portugal,Female,1992,78.18477488442909
Portugal,Female,1993,78.34063281950155
Portugal,Female,1994,78.89557303867217
Portugal,Female,1995,79.05928179737911
Portugal,Female,1996,79.07432128918612
Portugal,Female,1997,79.41675859831008
Portugal,Female,1998,79.6542060220245
Portugal,Female,1999,79.83313055855841
Portugal,Female,2000,80.25395688635781
Portugal,Female,2001,80.5453066251843
Portugal,Female,2002,80.73686270485135
Portugal,Female,2003,80.90743883445937
Portugal,Female,2004,81.61159768345249
Portugal,Female,2005,82.04634489252676
Portugal,Female,2006,82.35548554418584
Portugal,Female,2007,82.47610947948966
Portugal,Female,2008,82.62610908177201
Portugal,Female,2009,82.83550525885882
Portugal,Female,2010,83.08918032259292
Portugal,Female,2011,83.46096586461532
Portugal,Female,2012,83.55610836070925
Portugal,Female,2013,83.87720897094664
Portugal,Female,2014,84.17856883705437
Portugal,Female,2015,84.22627303617733
Portugal,Female,2016,84.3079192785466
Portugal,Female,2017,84.53054049125494
Portugal,Female,2018,84.61198648492
Portugal,Female,2019,84.78930198088487
Portugal,Female,2020,84.20622040406631
Portugal,Female,2021,84.192855756556
Portugal,Female,2022,84.23850686997991
Portugal,Female,2023,84.83586693103105
Portugal,Male,1990,70.70323317668064
Portugal,Male,1991,70.6875055448428
Portugal,Male,1992,71.00138506171714
Portugal,Male,1993,71.17853943460494
Portugal,Male,1994,71.82531289233638
Portugal,Male,1995,71.94634032650531
Portugal,Male,1996,71.88248389995884
Portugal,Male,1997,72.33208745541218
Portugal,Male,1998,72.6076398628707
Portugal,Male,1999,72.89695037163662
Portugal,Male,2000,73.39360928032242
Portugal,Male,2001,73.7400632947881
Portugal,Male,2002,74.02508342934667
Portugal,Male,2003,74.40154792894474
Portugal,Male,2004,75.09203847585847
Portugal,Male,2005,75.46389881492703
Portugal,Male,2006,75.77906800711426
Portugal,Male,2007,76.0534474564893
Portugal,Male,2008,76.38497150634473
Portugal,Male,2009,76.67885689906677
Portugal,Male,2010,76.94411948872562
Portugal,Male,2011,77.37529762857838
Portugal,Male,2012,77.5470546805665
Portugal,Male,2013,77.86997683320674
Portugal,Male,2014,78.297849229674
Portugal,Male,2015,78.49393693449757
Portugal,Male,2016,78.53342047571493
Portugal,Male,2017,78.75279137995604
Portugal,Male,2018,78.81980263404309
Portugal,Male,2019,79.05981209177952
Portugal,Male,2020,78.45197788076463
Portugal,Male,2021,78.42010054960362
Portugal,Male,2022,78.31962340354315
Portugal,Male,2023,78.96564095204477
Puerto Rico,Female,1990,79.18277489554916
Puerto Rico,Female,1991,79.36734702673547
Puerto Rico,Female,1992,79.4709545176607
Puerto Rico,Female,1993,79.49057054838623
Puerto Rico,Female,1994,79.546344150954
Puerto Rico,Female,1995,79.57765439938079
Puerto Rico,Female,1996,79.63158424522955
Puerto Rico,Female,1997,79.9617609237646
Puerto Rico,Female,1998,80.06893965359522
Puerto Rico,Female,1999,80.25195341174525
Puerto Rico,Female,2000,80.50411460119716
Puerto Rico,Female,2001,80.7591883753749
Puerto Rico,Female,2002,81.11968580967373
Puerto Rico,Female,2003,81.28200918282371
Puerto Rico,Female,2004,81.43509248318254
Puerto Rico,Female,2005,81.65538300640294
Puerto Rico,Female,2006,81.89511179394063
Puerto Rico,Female,2007,82.15814817696386
Puerto Rico,Female,2008,82.37570541091294
Puerto Rico,Female,2009,82.58124360917415
Puerto Rico,Female,2010,82.74918189612885
Puerto Rico,Female,2011,82.80183194167479
Puerto Rico,Female,2012,83.11988685473727
Puerto Rico,Female,2013,83.33701611992794
Puerto Rico,Female,2014,83.64896856460784
Puerto Rico,Female,2015,84.05751067366403
Puerto Rico,Female,2016,84.21374831882036
Puerto Rico,Female,2017,82.3197547884326
Puerto Rico,Female,2018,84.7430553951567
Puerto Rico,Female,2019,84.87044297433069
Puerto Rico,Female,2020,84.45621929659113
Puerto Rico,Female,2021,84.28487973870344
Puerto Rico,Female,2022,83.94597213575818
Puerto Rico,Female,2023,84.50010524711902
Puerto Rico,Male,1990,70.29125914293242
Puerto Rico,Male,1991,70.32667245859058
Puerto Rico,Male,1992,70.19838317029699
Puerto Rico,Male,1993,70.09636308410104
Puerto Rico,Male,1994,70.00898688876411
Puerto Rico,Male,1995,70.10223335491273
Puerto Rico,Male,1996,70.57057211784132
Puerto Rico,Male,1997,71.17396255722637
Puerto Rico,Male,1998,71.66240682143277
Puerto Rico,Male,1999,72.11227192995177
Puerto Rico,Male,2000,72.62098745850709
Puerto Rico,Male,2001,72.99572141131877
Puerto Rico,Male,2002,73.54085280351494
Puerto Rico,Male,2003,73.80428366550031
Puerto Rico,Male,2004,73.9397722384489
Puerto Rico,Male,2005,74.07369441063409
Puerto Rico,Male,2006,74.38335912401438
Puerto Rico,Male,2007,74.64081815463776
Puerto Rico,Male,2008,74.88987449717581
Puerto Rico,Male,2009,75.13121272754864
Puerto Rico,Male,2010,75.46679193188716
Puerto Rico,Male,2011,75.65961009008277
Puerto Rico,Male,2012,76.0748972914604
Puerto Rico,Male,2013,76.39044248490647
Puerto Rico,Male,2014,76.72060113917293
Puerto Rico,Male,2015,77.06679491293802
Puerto Rico,Male,2016,77.21966722707226
Puerto Rico,Male,2017,76.05169740845031
Puerto Rico,Male,2018,77.51898731364467
Puerto Rico,Male,2019,77.54669868982612
Puerto Rico,Male,2020,76.66045416143595
Puerto Rico,Male,2021,76.10950311591644
Puerto Rico,Male,2022,76.14645289573842
Puerto Rico,Male,2023,77.33170927061322
Qatar,Female,1990,72.38746538446786
Qatar,Female,1991,72.57283824778719
Qatar,Female,1992,72.5616214926931
Qatar,Female,1993,72.46343824904113
Qatar,Female,1994,72.78105673760552
Qatar,Female,1995,73.24650546838382
Qatar,Female,1996,73.43136403339967
Qatar,Female,1997,73.39947540176156
Qatar,Female,1998,73.61598822386198
Qatar,Female,1999,73.7575713682853
Qatar,Female,2000,73.84957808522803
Qatar,Female,2001,73.98468142534031
Qatar,Female,2002,74.0956960112957
Qatar,Female,2003,74.35943037541468
Qatar,Female,2004,74.7528089127192
Qatar,Female,2005,75.0178224367352
Qatar,Female,2006,75.34916329884685
Qatar,Female,2007,75.86400253791079
Qatar,Female,2008,76.5030077031687
Qatar,Female,2009,77.107509333349185
Qatar,Female,2010,77.75368956672793
Qatar,Female,2011,78.56392607996281
Qatar,Female,2012,79.35117008235031
Qatar,Female,2013,80.10683346350855
Qatar,Female,2014,80.63690844887601
Qatar,Female,2015,81.1184356585789
Qatar,Female,2016,81.74741621044886
Qatar,Female,2017,82.13050190156503
Qatar,Female,2018,82.4697897435847
Qatar,Female,2019,82.74375411005703
Qatar,Female,2020,81.5279153231668
Qatar,Female,2021,81.8761166698329
Qatar,Female,2022,82.50418789398387
Qatar,Female,2023,82.3819901651919
Qatar,Male,1990,71.35417996297184
Qatar,Male,1991,71.53284683890911
Qatar,Male,1992,71.65305396799819
Qatar,Male,1993,71.85580294778379
Qatar,Male,1994,72.25828088418176
Qatar,Male,1995,72.70144229974122
Qatar,Male,1996,72.58721802016478
Qatar,Male,1997,72.5377495236244
Qatar,Male,1998,72.6969642448623
Qatar,Male,1999,72.94829005724374
Qatar,Male,2000,73.30189253114844
Qatar,Male,2001,73.54390538863754
Qatar,Male,2002,73.77040671142419
Qatar,Male,2003,74.01427845559601
Qatar,Male,2004,74.29327501397677
Qatar,Male,2005,74.59008509670562
Qatar,Male,2006,74.90402484377925
Qatar,Male,2007,75.32339067236806
Qatar,Male,2008,75.85027528779082
Qatar,Male,2009,76.39795640893914
Qatar,Male,2010,77.19820638222978
Qatar,Male,2011,77.90878148389069
Qatar,Male,2012,78.51268368413788
Qatar,Male,2013,79.26471449849105
Qatar,Male,2014,79.78571122546025
Qatar,Male,2015,80.34951977220928
Qatar,Male,2016,80.70534605240599
Qatar,Male,2017,80.92070908581526
Qatar,Male,2018,81.02145389142346
Qatar,Male,2019,81.07624229321921
Qatar,Male,2020,79.74919685042074
Qatar,Male,2021,79.96846727400471
Qatar,Male,2022,80.52929311638108
Qatar,Male,2023,80.59867065323421
Republic of Korea,Female,1990,75.97884249727608
Republic of Korea,Female,1991,76.27029387429062
Republic of Korea,Female,1992,76.85637778953229
Republic of Korea,Female,1993,77.32642168117322
Republic of Korea,Female,1994,77.54671889671245
Republic of Korea,Female,1995,77.99351379580389
Republic of Korea,Female,1996,78.45700953056665
Republic of Korea,Female,1997,78.59039389002893
Republic of Korea,Female,1998,78.84332611149586
Republic of Korea,Female,1999,79.20242237282969
Republic of Korea,Female,2000,79.65052878634098
Republic of Korea,Female,2001,80.18534934637906
Republic of Korea,Female,2002,80.44261459490632
Republic of Korea,Female,2003,80.90352705531014
Republic of Korea,Female,2004,81.43231414534492
Republic of Korea,Female,2005,81.88378628707008
Republic of Korea,Female,2006,82.35271699104376
Republic of Korea,Female,2007,82.78543971198364
Republic of Korea,Female,2008,83.2823001243896
Republic of Korea,Female,2009,83.71603771627366
Republic of Korea,Female,2010,83.95427456293949
Republic of Korea,Female,2011,84.2903685189304
Republic of Korea,Female,2012,84.46795945865779
Republic of Korea,Female,2013,84.83750723442111
Republic of Korea,Female,2014,85.18218533126424
Republic of Korea,Female,2015,85.32008806554853
Republic of Korea,Female,2016,85.53527065317586
Republic of Korea,Female,2017,85.73600568286278
Republic of Korea,Female,2018,85.83466468941677
Republic of Korea,Female,2019,86.16734544422042
Republic of Korea,Female,2020,86.26619559207596
Republic of Korea,Female,2021,86.2189611122386
Republic of Korea,Female,2022,85.28000480706694
Republic of Korea,Female,2023,86.0504305689051
Republic of Korea,Male,1990,67.53018697290693
Republic of Korea,Male,1991,68.04317977315486
Republic of Korea,Male,1992,68.83978403072736
Republic of Korea,Male,1993,69.34292646492044
Republic of Korea,Male,1994,69.56749459417678
Republic of Korea,Male,1995,70.11271875022871
Republic of Korea,Male,1996,70.71147691245459
Republic of Korea,Male,1997,70.94733635432245
Republic of Korea,Male,1998,71.33673154883213
Republic of Korea,Male,1999,71.90150838530546
Republic of Korea,Male,2000,72.51133100411406
Republic of Korea,Male,2001,73.14722667408932
Republic of Korea,Male,2002,73.61038593360989
Republic of Korea,Male,2003,74.11472562646733
Republic of Korea,Male,2004,74.63250568692024
Republic of Korea,Male,2005,75.22131942587876
Republic of Korea,Male,2006,75.77579740880283
Republic of Korea,Male,2007,76.22453834415761
Republic of Korea,Male,2008,76.59007579057872
Republic of Korea,Male,2009,76.99436558677769
Republic of Korea,Male,2010,77.22500941713109
Republic of Korea,Male,2011,77.63758060583339
Republic of Korea,Male,2012,77.94168348806767
Republic of Korea,Male,2013,78.47183084754798
Republic of Korea,Male,2014,78.90150588696085
Republic of Korea,Male,2015,79.23827610373893
Republic of Korea,Male,2016,79.58344319155015
Republic of Korea,Male,2017,79.87555662247601
Republic of Korea,Male,2018,79.99232120447888
Republic of Korea,Male,2019,80.37005967762246
Republic of Korea,Male,2020,80.53592862741533
Republic of Korea,Male,2021,80.55240871503044
Republic of Korea,Male,2022,79.75730723210044
Republic of Korea,Male,2023,80.62994093752428
Republic of Moldova,Female,1990,71.5230406015038
Republic of Moldova,Female,1991,71.25489171221714
Republic of Moldova,Female,1992,71.07310477177175
Republic of Moldova,Female,1993,70.66743074195294
Republic of Moldova,Female,1994,70.09952872935935
Republic of Moldova,Female,1995,70.02913170309084
Republic of Moldova,Female,1996,70.60890951997008
Republic of Moldova,Female,1997,71.44427130174007
Republic of Moldova,Female,1998,72.19881345554961
Republic of Moldova,Female,1999,72.44917382690716
Republic of Moldova,Female,2000,72.6064403662057
Republic of Moldova,Female,2001,72.84073172576753
Republic of Moldova,Female,2002,72.83838777910327
Republic of Moldova,Female,2003,72.84733168574411
Republic of Moldova,Female,2004,73.12973799743858
Republic of Moldova,Female,2005,73.15833187042148
Republic of Moldova,Female,2006,73.39727108041821
Republic of Moldova,Female,2007,73.663261883137
Republic of Moldova,Female,2008,74.01161468118622
Republic of Moldova,Female,2009,74.37754631776747
Republic of Moldova,Female,2010,74.67452413304869
Republic of Moldova,Female,2011,75.38822906792119
Republic of Moldova,Female,2012,75.83300300768822
Republic of Moldova,Female,2013,76.1348728566986
Republic of Moldova,Female,2014,76.24401403005616
Republic of Moldova,Female,2015,76.4189594367315
Republic of Moldova,Female,2016,76.92959949960188
Republic of Moldova,Female,2017,77.4097261820993
Republic of Moldova,Female,2018,77.89840000194557
Republic of Moldova,Female,2019,78.62381030757939
Republic of Moldova,Female,2020,77.01129912673545
Republic of Moldova,Female,2021,76.01174289393091
Republic of Moldova,Female,2022,79.47965389304824
Republic of Moldova,Female,2023,80.27286606373248
Republic of Moldova,Male,1990,64.69659564867396
Republic of Moldova,Male,1991,64.33465788903199
Republic of Moldova,Male,1992,63.35884616415919
Republic of Moldova,Male,1993,63.3226820535714
Republic of Moldova,Male,1994,62.73509552378034
Republic of Moldova,Male,1995,62.49904127151931
Republic of Moldova,Male,1996,63.02014697303827
Republic of Moldova,Male,1997,63.88598730898204
Republic of Moldova,Male,1998,64.66126913458626
Republic of Moldova,Male,1999,64.89616788138409
Republic of Moldova,Male,2000,65.086131293137
Republic of Moldova,Male,2001,65.37175766007499
Republic of Moldova,Male,2002,65.38985100752846
Republic of Moldova,Male,2003,65.30117470318179
Republic of Moldova,Male,2004,65.2630286833913
Republic of Moldova,Male,2005,65.12181666941507
Republic of Moldova,Male,2006,65.35174801458965
Republic of Moldova,Male,2007,65.60698202290867
Republic of Moldova,Male,2008,65.91897623983803
Republic of Moldova,Male,2009,66.03144246212145
Republic of Moldova,Male,2010,66.34208262437647
Republic of Moldova,Male,2011,67.13295209333128
Republic of Moldova,Male,2012,67.71873300208813
Republic of Moldova,Male,2013,68.16299116051492
Republic of Moldova,Male,2014,68.26850006693384
Republic of Moldova,Male,2015,68.37520401716066
Republic of Moldova,Male,2016,68.84927551716017
Republic of Moldova,Male,2017,69.50740637055051
Republic of Moldova,Male,2018,70.00994889950458
Republic of Moldova,Male,2019,70.68221283581373
Republic of Moldova,Male,2020,69.12136776711036
Republic of Moldova,Male,2021,68.3580954530911
Republic of Moldova,Male,2022,70.8643876270516
Republic of Moldova,Male,2023,71.61509623890124
Romania,Female,1990,73.3352232175759
Romania,Female,1991,73.29815535600918
Romania,Female,1992,73.25765049369743
Romania,Female,1993,73.364315040056
Romania,Female,1994,73.48999406362898
Romania,Female,1995,73.30580099874707
Romania,Female,1996,73.12040269009557
Romania,Female,1997,73.41732983583937
Romania,Female,1998,73.82889554073604
Romania,Female,1999,74.21793823729016
Romania,Female,2000,74.67178658701602
Romania,Female,2001,74.8834546264819
Romania,Female,2002,74.93462873746633
Romania,Female,2003,75.24010047923093
Romania,Female,2004,75.73166691374459
Romania,Female,2005,75.95077680788822
Romania,Female,2006,76.35780196934186
Romania,Female,2007,76.81550823468598
Romania,Female,2008,77.19460193303738
Romania,Female,2009,77.4031145107894
Romania,Female,2010,77.65511672402397
Romania,Female,2011,78.04564160972443
Romania,Female,2012,78.32122152070475
Romania,Female,2013,78.66554920362945
Romania,Female,2014,78.74881929703821
Romania,Female,2015,78.78153786002375
Romania,Female,2016,78.99761389856798
Romania,Female,2017,79.06570493230213
Romania,Female,2018,79.22216075581014
Romania,Female,2019,79.48179191760738
Romania,Female,2020,78.36297524671369
Romania,Female,2021,76.82915532577833
Romania,Female,2022,79.24053249321399
Romania,Female,2023,80.13596897382145
Romania,Male,1990,66.93939360951308
Romania,Male,1991,66.64625191916792
Romania,Male,1992,66.25599715075262
Romania,Male,1993,66.08159738862598
Romania,Male,1994,65.91738455425957
Romania,Male,1995,65.58361801706043
Romania,Male,1996,65.31980650735784
Romania,Male,1997,65.58867837005005
Romania,Male,1998,66.34071470442389
Romania,Male,1999,67.12692627930132
Romania,Male,2000,67.6420844072895
Romania,Male,2001,67.67984950786692
Romania,Male,2002,67.63334011603222
Romania,Male,2003,67.94954392536528
Romania,Male,2004,68.52067245187871
Romania,Male,2005,68.90204040852686
Romania,Male,2006,69.34327426470595
Romania,Male,2007,69.6829405353715
Romania,Male,2008,69.78577667894689
Romania,Male,2009,69.8667835590566
Romania,Male,2010,70.22424609494351
Romania,Male,2011,70.86483722991477
Romania,Male,2012,71.27463033402113
Romania,Male,2013,71.63715423919014
Romania,Male,2014,71.64517313390769
Romania,Male,2015,71.6290883357669
Romania,Male,2016,71.75669536730443
Romania,Male,2017,71.76173820110776
Romania,Male,2018,71.74461028402546
Romania,Male,2019,72.02867375416946
Romania,Male,2020,70.52106330737297
Romania,Male,2021,69.41838997837532
Romania,Male,2022,71.46955107944413
Romania,Male,2023,72.49438881498695
Russian Federation,Female,1990,74.37594346547719
Russian Federation,Female,1991,74.28075795820132
Russian Federation,Female,1992,73.71415828913871
Russian Federation,Female,1993,72.26834947852164
Russian Federation,Female,1994,71.4311356528032
Russian Federation,Female,1995,71.93952184147798
Russian Federation,Female,1996,72.63371504162247
Russian Federation,Female,1997,73.1051894590802
Russian Federation,Female,1998,73.32220680721073
Russian Federation,Female,1999,72.81421846400612
Russian Federation,Female,2000,72.6078707954865
Russian Federation,Female,2001,72.52986232529672
Russian Federation,Female,2002,72.24753387676856
Russian Federation,Female,2003,72.23102847829215
Russian Federation,Female,2004,72.5760955012899
Russian Federation,Female,2005,72.77802594400534
Russian Federation,Female,2006,73.50968625488736
Russian Federation,Female,2007,74.15074281846849
Russian Federation,Female,2008,74.43524520872256
Russian Federation,Female,2009,74.87862493393014
Russian Federation,Female,2010,75.03114749198274
Russian Federation,Female,2011,75.70470865913907
Russian Federation,Female,2012,76.03250534582973
Russian Federation,Female,2013,76.38153282068028
Russian Federation,Female,2014,76.58735230081189
Russian Federation,Female,2015,76.62568833144408
Russian Federation,Female,2016,76.96531621052964
Russian Federation,Female,2017,77.47403954682332
Russian Federation,Female,2018,77.75764183982447
Russian Federation,Female,2019,78.11814750570092
Russian Federation,Female,2020,76.63739228951836
Russian Federation,Female,2021,74.88537295878064
Russian Federation,Female,2022,78.06949335326284
Russian Federation,Female,2023,78.77055640704327
Russian Federation,Male,1990,63.95355312667508
Russian Federation,Male,1991,63.614636503138655
Russian Federation,Male,1992,62.18606304217917
Russian Federation,Male,1993,59.48005429328367
Russian Federation,Male,1994,58.01470404763067
Russian Federation,Male,1995,58.69972728227568
Russian Federation,Male,1996,60.06919902079952
Russian Federation,Male,1997,61.28238259982938
Russian Federation,Male,1998,61.609227376147174
Russian Federation,Male,1999,60.356344342801926
Russian Federation,Male,2000,59.57331952639492
Russian Federation,Male,2001,59.51114472146971
Russian Federation,Male,2002,59.29031972550293
Russian Federation,Male,2003,59.21085260170985
Russian Federation,Male,2004,59.45768953110953
Russian Federation,Male,2005,59.61747312469531
Russian Federation,Male,2006,60.96865194039991
Russian Federation,Male,2007,61.97046220311604
Russian Federation,Male,2008,62.418729529825555
Russian Federation,Male,2009,63.20934947751574
Russian Federation,Male,2010,63.52235953476918
Russian Federation,Male,2011,64.42995436305002
Russian Federation,Male,2012,65.03203219661941
Russian Federation,Male,2013,65.52694421139525
Russian Federation,Male,2014,65.7787955026734
Russian Federation,Male,2015,66.10702199752639
Russian Federation,Male,2016,66.7771627772663
Russian Federation,Male,2017,67.73097274403663
Russian Federation,Male,2018,68.13419222193109
Russian Federation,Male,2019,68.597623141434525
Russian Federation,Male,2020,67.16315492345059
Russian Federation,Male,2021,66.29248375718075
Russian Federation,Male,2022,67.58484728708721
Russian Federation,Male,2023,67.63074643900772
Rwanda,Female,1990,49.71681963236211
Rwanda,Female,1991,48.99210724377462
Rwanda,Female,1992,48.200218785175075
Rwanda,Female,1993,47.46881995713544
Rwanda,Female,1994,16.811514172849677
Rwanda,Female,1995,44.88643554250092
Rwanda,Female,1996,45.09996009778502
Rwanda,Female,1997,45.08530079416547
Rwanda,Female,1998,46.53740322053251
Rwanda,Female,1999,47.894044974667416
Rwanda,Female,2000,49.47236626594943
Rwanda,Female,2001,51.190099633652274
Rwanda,Female,2002,53.18182591983861
Rwanda,Female,2003,55.17291671184815
Rwanda,Female,2004,57.29908371304912
Rwanda,Female,2005,59.37582128881717
Rwanda,Female,2006,61.01645312903433
Rwanda,Female,2007,62.3822253398617
Rwanda,Female,2008,63.50492297784027
Rwanda,Female,2009,64.40863891442304
Rwanda,Female,2010,65.21342841089556
Rwanda,Female,2011,65.7717866611461
Rwanda,Female,2012,66.271916906966
Rwanda,Female,2013,66.55088928161551
Rwanda,Female,2014,66.91033266324105
Rwanda,Female,2015,67.24588986148498
Rwanda,Female,2016,67.61148327490189
Rwanda,Female,2017,67.88394182836099
Rwanda,Female,2018,68.03376287066521
Rwanda,Female,2019,68.11608135489038
Rwanda,Female,2020,68.04420607907524
Rwanda,Female,2021,67.01746058769527
Rwanda,Female,2022,67.66450044482237
Rwanda,Female,2023,67.56084009962848
Rwanda,Male,1990,42.96528984603691
Rwanda,Male,1991,42.43673525312735
Rwanda,Male,1992,41.53545269586661
Rwanda,Male,1993,40.534224769156545
Rwanda,Male,1994,9.884687419357288
Rwanda,Male,1995,36.82280530332674
Rwanda,Male,1996,37.68743588893545
Rwanda,Male,1997,36.65435683864802
Rwanda,Male,1998,39.48415451506771
Rwanda,Male,1999,41.523890820539464
Rwanda,Male,2000,43.41758540562998
Rwanda,Male,2001,44.96923502531619
Rwanda,Male,2002,47.53871562115959
Rwanda,Male,2003,49.55385784969553
Rwanda,Male,2004,51.65375525445577
Rwanda,Male,2005,53.66012554393014
Rwanda,Male,2006,55.23961031283308
Rwanda,Male,2007,56.55791623645721
Rwanda,Male,2008,57.654962775005664
Rwanda,Male,2009,58.55209943687544
Rwanda,Male,2010,59.33188221756137
Rwanda,Male,2011,59.89451130841939
Rwanda,Male,2012,60.33462590889312
Rwanda,Male,2013,60.62154324727684
Rwanda,Male,2014,60.91948288255448
Rwanda,Male,2015,61.1852247074935
Rwanda,Male,2016,61.47151542730516
Rwanda,Male,2017,61.72382654035447
Rwanda,Male,2018,61.90721442172307
Rwanda,Male,2019,62.03227805418481
Rwanda,Male,2020,61.83033879319379
Rwanda,Male,2021,60.09472916554958
Rwanda,Male,2022,61.82692847415057
Rwanda,Male,2023,61.8439357267098
Saint Kitts and Nevis,Female,1990,71.54919258410297
Saint Kitts and Nevis,Female,1991,72.38554965507156
Saint Kitts and Nevis,Female,1992,72.62224115812748
Saint Kitts and Nevis,Female,1993,73.00907170045122
Saint Kitts and Nevis,Female,1994,73.11576554322247
Saint Kitts and Nevis,Female,1995,73.0385098580118
Saint Kitts and Nevis,Female,1996,73.28742014074633
Saint Kitts and Nevis,Female,1997,73.58392247303593
Saint Kitts and Nevis,Female,1998,73.53183466733316
Saint Kitts and Nevis,Female,1999,74.27905147417468
Saint Kitts and Nevis,Female,2000,74.49167609717058
Saint Kitts and Nevis,Female,2001,74.84855357945669
Saint Kitts and Nevis,Female,2002,75.1510543412706
Saint Kitts and Nevis,Female,2003,75.3074418412416
Saint Kitts and Nevis,Female,2004,75.60851870235302
Saint Kitts and Nevis,Female,2005,75.84723656496296
Saint Kitts and Nevis,Female,2006,76.21870104387104
Saint Kitts and Nevis,Female,2007,76.61065121891494
Saint Kitts and Nevis,Female,2008,76.63937031016958
Saint Kitts and Nevis,Female,2009,76.78725431162056
Saint Kitts and Nevis,Female,2010,76.87147745317489
Saint Kitts and Nevis,Female,2011,76.91782605254721
Saint Kitts and Nevis,Female,2012,77.09236745513188
Saint Kitts and Nevis,Female,2013,77.30936167990356
Saint Kitts and Nevis,Female,2014,77.49505556541601
Saint Kitts and Nevis,Female,2015,77.4811148227952
Saint Kitts and Nevis,Female,2016,77.35198963034321
Saint Kitts and Nevis,Female,2017,77.41464687878083
Saint Kitts and Nevis,Female,2018,77.48469961814213
Saint Kitts and Nevis,Female,2019,77.53899377200918
Saint Kitts and Nevis,Female,2020,76.97539957424101
Saint Kitts and Nevis,Female,2021,76.01241636985533
Saint Kitts and Nevis,Female,2022,76.96417525403625
Saint Kitts and Nevis,Female,2023,77.46473193790618
Saint Kitts and Nevis,Male,1990,66.10199942030299
Saint Kitts and Nevis,Male,1991,66.389385533154325
Saint Kitts and Nevis,Male,1992,66.68131740637268
Saint Kitts and Nevis,Male,1993,66.97500116070516
Saint Kitts and Nevis,Male,1994,67.29147811766568
Saint Kitts and Nevis,Male,1995,67.29024778609677
Saint Kitts and Nevis,Male,1996,67.46458046548868
Saint Kitts and Nevis,Male,1997,67.85550754715986
Saint Kitts and Nevis,Male,1998,67.95684255877944
Saint Kitts and Nevis,Male,1999,68.3066982743133
Saint Kitts and Nevis,Male,2000,68.43335153002717
Saint Kitts and Nevis,Male,2001,68.63194083629679
Saint Kitts and Nevis,Male,2002,68.86882389690349
Saint Kitts and Nevis,Male,2003,69.2345232893235
Saint Kitts and Nevis,Male,2004,69.28975748533635
Saint Kitts and Nevis,Male,2005,69.51258872716953
Saint Kitts and Nevis,Male,2006,69.76973226913665
Saint Kitts and Nevis,Male,2007,70.0860137255244
Saint Kitts and Nevis,Male,2008,70.27400937161832
Saint Kitts and Nevis,Male,2009,70.4136865938627
Saint Kitts and Nevis,Male,2010,70.52146856696797
Saint Kitts and Nevis,Male,2011,70.53917273547313
Saint Kitts and Nevis,Male,2012,70.79145259239792
Saint Kitts and Nevis,Male,2013,70.95508207262871
Saint Kitts and Nevis,Male,2014,70.99823034403589
Saint Kitts and Nevis,Male,2015,71.05122113149359
Saint Kitts and Nevis,Male,2016,71.28156284010105
Saint Kitts and Nevis,Male,2017,71.57669963875063
Saint Kitts and Nevis,Male,2018,71.88311014621617
Saint Kitts and Nevis,Male,2019,72.05463334570562
Saint Kitts and Nevis,Male,2020,71.34050226119058
Saint Kitts and Nevis,Male,2021,70.21760118962254
Saint Kitts and Nevis,Male,2022,71.60399731342989
Saint Kitts and Nevis,Male,2023,72.2191084290879
Saint Lucia,Female,1990,73.22313938814214
Saint Lucia,Female,1991,73.36694187933749
Saint Lucia,Female,1992,73.73530686828138
Saint Lucia,Female,1993,74.02794581902471
Saint Lucia,Female,1994,74.24475098833116
Saint Lucia,Female,1995,74.57013343113674
Saint Lucia,Female,1996,74.96435348779143
Saint Lucia,Female,1997,75.52180084614383
Saint Lucia,Female,1998,75.86609067695451
Saint Lucia,Female,1999,76.21324986769581
Saint Lucia,Female,2000,76.57487699529771
Saint Lucia,Female,2001,76.87914927021832
Saint Lucia,Female,2002,76.90647286978626
Saint Lucia,Female,2003,77.07456344556914
Saint Lucia,Female,2004,77.407321890533
Saint Lucia,Female,2005,77.63609043772504
Saint Lucia,Female,2006,77.91570228782312
Saint Lucia,Female,2007,78.42550842751437
Saint Lucia,Female,2008,78.84410760212963
Saint Lucia,Female,2009,78.91076178752893
Saint Lucia,Female,2010,78.76037479291064
Saint Lucia,Female,2011,79.26882201338039
Saint Lucia,Female,2012,79.52329114335882
Saint Lucia,Female,2013,79.35778745887379
Saint Lucia,Female,2014,79.78075082999455
Saint Lucia,Female,2015,80.00389310639677
Saint Lucia,Female,2016,80.21445269527078
Saint Lucia,Female,2017,80.38947548459512
Saint Lucia,Female,2018,80.53809720013432
Saint Lucia,Female,2019,80.62240350472057
Saint Lucia,Female,2020,79.8933200903042
Saint Lucia,Female,2021,77.39955827083936
Saint Lucia,Female,2022,79.41260812153968
Saint Lucia,Female,2023,80.2010200182187
Saint Lucia,Male,1990,68.03525091988192
Saint Lucia,Male,1991,68.39145817494978
Saint Lucia,Male,1992,68.794473674197
Saint Lucia,Male,1993,69.08888500694155
Saint Lucia,Male,1994,69.27157800830103
Saint Lucia,Male,1995,69.54279992989167
Saint Lucia,Male,1996,69.88334110594825
Saint Lucia,Male,1997,70.29214381447213
Saint Lucia,Male,1998,70.68545882266103
Saint Lucia,Male,1999,71.00605622032917
Saint Lucia,Male,2000,71.25667822712926
Saint Lucia,Male,2001,71.44593974362984
Saint Lucia,Male,2002,71.7237247109061
Saint Lucia,Male,2003,71.63667501817692
Saint Lucia,Male,2004,71.79762143422153
Saint Lucia,Male,2005,71.81869368003366
Saint Lucia,Male,2006,72.2293571186772
Saint Lucia,Male,2007,72.40758687472001
Saint Lucia,Male,2008,72.69563390305971
Saint Lucia,Male,2009,72.80125888801791
Saint Lucia,Male,2010,72.69738411450646
Saint Lucia,Male,2011,73.1786866136736
Saint Lucia,Male,2012,73.46465523069476
Saint Lucia,Male,2013,73.33071395845505
Saint Lucia,Male,2014,73.54557070096524
Saint Lucia,Male,2015,73.55802481920317
Saint Lucia,Male,2016,73.70988473220002
Saint Lucia,Male,2017,73.92743228619561
Saint Lucia,Male,2018,74.19937653725734
Saint Lucia,Male,2019,74.4793800942068
Saint Lucia,Male,2020,73.75787205904322
Saint Lucia,Male,2021,71.55609326567584
Saint Lucia,Male,2022,73.9815860934642
Saint Lucia,Male,2023,74.84008499771537
Saint Vincent and the Grenadines,Female,1990,74.00832640453676
Saint Vincent and the Grenadines,Female,1991,73.91038476898345
Saint Vincent and the Grenadines,Female,1992,73.56395028047802
Saint Vincent and the Grenadines,Female,1993,73.37326862614124
Saint Vincent and the Grenadines,Female,1994,73.20511621255379
Saint Vincent and the Grenadines,Female,1995,73.473606565531
Saint Vincent and the Grenadines,Female,1996,73.6514896882253
Saint Vincent and the Grenadines,Female,1997,73.78425711980178
Saint Vincent and the Grenadines,Female,1998,73.865581797312
Saint Vincent and the Grenadines,Female,1999,74.15782956979736
Saint Vincent and the Grenadines,Female,2000,74.33265813753603
Saint Vincent and the Grenadines,Female,2001,74.55265142744899
Saint Vincent and the Grenadines,Female,2002,74.51944102032954
Saint Vincent and the Grenadines,Female,2003,74.9192702684659
Saint Vincent and the Grenadines,Female,2004,75.2048253236982
Saint Vincent and the Grenadines,Female,2005,75.44064737613472
Saint Vincent and the Grenadines,Female,2006,75.90515359223487
Saint Vincent and the Grenadines,Female,2007,76.06035275997007
Saint Vincent and the Grenadines,Female,2008,76.23378472823224
Saint Vincent and the Grenadines,Female,2009,76.22419466282254
Saint Vincent and the Grenadines,Female,2010,76.08837171977069
Saint Vincent and the Grenadines,Female,2011,75.96529852683175
Saint Vincent and the Grenadines,Female,2012,76.00056406674301
Saint Vincent and the Grenadines,Female,2013,75.87051918950084
Saint Vincent and the Grenadines,Female,2014,76.52849889245205
Saint Vincent and the Grenadines,Female,2015,76.94435912616561
Saint Vincent and the Grenadines,Female,2016,77.18083396887337
Saint Vincent and the Grenadines,Female,2017,77.35659955435936
Saint Vincent and the Grenadines,Female,2018,77.35552889231195
Saint Vincent and the Grenadines,Female,2019,77.35018819502946
Saint Vincent and the Grenadines,Female,2020,77.25290575836742
Saint Vincent and the Grenadines,Female,2021,77.10682730306962
Saint Vincent and the Grenadines,Female,2022,77.67419687551231
Saint Vincent and the Grenadines,Female,2023,77.93969980228215
Saint Vincent and the Grenadines,Male,1990,69.29708246316291
Saint Vincent and the Grenadines,Male,1991,69.2634984706096
Saint Vincent and the Grenadines,Male,1992,69.0350666257116
Saint Vincent and the Grenadines,Male,1993,68.92354434625712
Saint Vincent and the Grenadines,Male,1994,68.86437020114673
Saint Vincent and the Grenadines,Male,1995,68.63691490759717
Saint Vincent and the Grenadines,Male,1996,68.90200673022893
Saint Vincent and the Grenadines,Male,1997,69.05576102709492
Saint Vincent and the Grenadines,Male,1998,69.18903727668759
Saint Vincent and the Grenadines,Male,1999,69.38340861656756
Saint Vincent and the Grenadines,Male,2000,69.44443191238284
Saint Vincent and the Grenadines,Male,2001,69.69699751812234
Saint Vincent and the Grenadines,Male,2002,69.75285530774659
Saint Vincent and the Grenadines,Male,2003,70.07777038865153
Saint Vincent and the Grenadines,Male,2004,70.23925839686777
Saint Vincent and the Grenadines,Male,2005,70.51731889326301
Saint Vincent and the Grenadines,Male,2006,70.95843831628991
Saint Vincent and the Grenadines,Male,2007,71.07682139633101
Saint Vincent and the Grenadines,Male,2008,71.26789968039924
Saint Vincent and the Grenadines,Male,2009,71.5643238891373
Saint Vincent and the Grenadines,Male,2010,71.67666303062862
Saint Vincent and the Grenadines,Male,2011,71.5952888433373
Saint Vincent and the Grenadines,Male,2012,71.4693649028029
Saint Vincent and the Grenadines,Male,2013,71.34423453411657
Saint Vincent and the Grenadines,Male,2014,71.63920304533566
Saint Vincent and the Grenadines,Male,2015,71.84914359736372
Saint Vincent and the Grenadines,Male,2016,71.75400092336744
Saint Vincent and the Grenadines,Male,2017,71.89133449863458
Saint Vincent and the Grenadines,Male,2018,71.98147840734957
Saint Vincent and the Grenadines,Male,2019,72.0124093922109
Saint Vincent and the Grenadines,Male,2020,71.68536984683423
Saint Vincent and the Grenadines,Male,2021,71.63952294192063
Saint Vincent and the Grenadines,Male,2022,72.46502680936183
Saint Vincent and the Grenadines,Male,2023,72.74120539842706
Samoa,Female,1990,74.57378903186043
Samoa,Female,1991,74.47383056644085
Samoa,Female,1992,74.74567423354252
Samoa,Female,1993,74.75439896685573
Samoa,Female,1994,74.74080318120802
Samoa,Female,1995,74.72985341147488
Samoa,Female,1996,74.71539940497843
Samoa,Female,1997,74.68737870941989
Samoa,Female,1998,74.64789459817764
Samoa,Female,1999,74.63192888479931
Samoa,Female,2000,74.64235734131289
Samoa,Female,2001,74.65400047196354
Samoa,Female,2002,74.67192773810226
Samoa,Female,2003,74.71022999556628
Samoa,Female,2004,74.73227571837985
Samoa,Female,2005,74.65374275694106
Samoa,Female,2006,74.88837562625098
Samoa,Female,2007,74.94572995313806
Samoa,Female,2008,75.0075993084508
Samoa,Female,2009,72.4498777407304
Samoa,Female,2010,75.10006042279119
Samoa,Female,2011,75.12978040745465
Samoa,Female,2012,74.93050522469744
Samoa,Female,2013,75.12517054807844
Samoa,Female,2014,75.12332745838096
Samoa,Female,2015,75.1129397042725
Samoa,Female,2016,75.1150774328231
Samoa,Female,2017,75.16902870157891
Samoa,Female,2018,75.19592978433387
Samoa,Female,2019,73.8824900516471
Samoa,Female,2020,74.48528132448214
Samoa,Female,2021,73.24479302631742
Samoa,Female,2022,74.48497358431062
Samoa,Female,2023,74.53661314119957
Samoa,Male,1990,68.6211081346414
Samoa,Male,1991,68.6468982650708
Samoa,Male,1992,68.86889923145831
Samoa,Male,1993,68.9433240533178
Samoa,Male,1994,68.9902534664477
Samoa,Male,1995,69.03302444172719
Samoa,Male,1996,69.07673064274397
Samoa,Male,1997,69.10634117633691
Samoa,Male,1998,69.12499390504397
Samoa,Male,1999,69.16486452650054
Samoa,Male,2000,69.2191180131808
Samoa,Male,2001,69.28618423873138
Samoa,Male,2002,69.37032163064413
Samoa,Male,2003,69.48474059842982
Samoa,Male,2004,69.59267879738475
Samoa,Male,2005,69.64607822308524
Samoa,Male,2006,69.88187356528584
Samoa,Male,2007,70.04783131106561
Samoa,Male,2008,70.2268854808834
Samoa,Male,2009,68.836415167559
Samoa,Male,2010,70.51119916461089
Samoa,Male,2011,70.65324077348463
Samoa,Male,2012,70.63370766738468
Samoa,Male,2013,70.85030008358716
Samoa,Male,2014,70.9628950203322
Samoa,Male,2015,71.06997511970782
Samoa,Male,2016,71.17848964006453
Samoa,Male,2017,71.30661588400532
Samoa,Male,2018,71.41689527952195
Samoa,Male,2019,70.34492466835056
Samoa,Male,2020,70.72644095282263
Samoa,Male,2021,69.16567419055139
Samoa,Male,2022,70.7606845966507
Samoa,Male,2023,70.89165178475024
San Marino,Female,1990,82.20229828507945
San Marino,Female,1991,82.50044990874048
San Marino,Female,1992,82.80866440251378
San Marino,Female,1993,83.0869191550004
San Marino,Female,1994,83.34220156075868
San Marino,Female,1995,83.4692575671429
San Marino,Female,1996,83.59990838614449
San Marino,Female,1997,83.69517121526862
San Marino,Female,1998,83.75929774277961
San Marino,Female,1999,83.93145969935573
San Marino,Female,2000,84.1032206192067
San Marino,Female,2001,84.22002669869178
San Marino,Female,2002,84.34966337917986
San Marino,Female,2003,84.46786290642488
San Marino,Female,2004,84.92715898825224
San Marino,Female,2005,85.15234466924663
San Marino,Female,2006,85.46788656444038
San Marino,Female,2007,85.78175485053035
San Marino,Female,2008,86.08328512722689
San Marino,Female,2009,86.48248224442366
San Marino,Female,2010,86.79776511131716
San Marino,Female,2011,87.0459566547904
San Marino,Female,2012,87.26391021712095
San Marino,Female,2013,87.48743873653807
San Marino,Female,2014,87.67032122847004
San Marino,Female,2015,87.76327709995928
San Marino,Female,2016,87.76517769010611
San Marino,Female,2017,87.7549197860997
San Marino,Female,2018,87.84504025292749
San Marino,Female,2019,87.91748027016828
San Marino,Female,2020,85.89031356073039
San Marino,Female,2021,86.65216587076499
San Marino,Female,2022,86.05290462958708
San Marino,Female,2023,87.1639551746736
San Marino,Male,1990,74.85838966374057
San Marino,Male,1991,75.13472934083923
San Marino,Male,1992,75.415142875005
San Marino,Male,1993,75.70018509527765
San Marino,Male,1994,75.92468679422572
San Marino,Male,1995,76.14220087218908
San Marino,Male,1996,76.40800750123292
San Marino,Male,1997,76.68049118980697
San Marino,Male,1998,76.97593571250233
San Marino,Male,1999,77.31770799548143
San Marino,Male,2000,77.64089586751928
San Marino,Male,2001,77.94876157725442
San Marino,Male,2002,78.24207930887317
San Marino,Male,2003,78.59913090817591
San Marino,Male,2004,78.98867878646342
San Marino,Male,2005,79.38512026326798
San Marino,Male,2006,79.81976212635645
San Marino,Male,2007,80.26333617568982
San Marino,Male,2008,80.71979793752298
San Marino,Male,2009,81.16053896250006
San Marino,Male,2010,81.59031744529014
San Marino,Male,2011,82.03856058479336
San Marino,Male,2012,82.39303700951831
San Marino,Male,2013,82.7880182856548
San Marino,Male,2014,83.11327962390219
San Marino,Male,2015,83.37615380794769
San Marino,Male,2016,83.69541536211683
San Marino,Male,2017,83.98272255523797
San Marino,Male,2018,84.33007545558098
San Marino,Male,2019,84.61420805808984
San Marino,Male,2020,82.04601423737195
San Marino,Male,2021,82.66943325397571
San Marino,Male,2022,82.05254360287257
San Marino,Male,2023,83.15708952448064
Sao Tome and Principe,Female,1990,65.44793909656528
Sao Tome and Principe,Female,1991,65.86156604699462
Sao Tome and Principe,Female,1992,65.8782270212666
Sao Tome and Principe,Female,1993,65.89904932766076
Sao Tome and Principe,Female,1994,65.92327415642143
Sao Tome and Principe,Female,1995,66.34913950964676
Sao Tome and Principe,Female,1996,66.33579903859835
Sao Tome and Principe,Female,1997,66.32563292071987
Sao Tome and Principe,Female,1998,66.19746339675478
Sao Tome and Principe,Female,1999,66.06742082469442
Sao Tome and Principe,Female,2000,66.75798180441551
Sao Tome and Principe,Female,2001,66.81944032295667
Sao Tome and Principe,Female,2002,66.977380487034
Sao Tome and Principe,Female,2003,67.26746323453797
Sao Tome and Principe,Female,2004,67.43539096324997
Sao Tome and Principe,Female,2005,67.09984889850963
Sao Tome and Principe,Female,2006,67.41510893415075
Sao Tome and Principe,Female,2007,67.76981133882822
Sao Tome and Principe,Female,2008,68.21894114574721
Sao Tome and Principe,Female,2009,68.77824733438996
Sao Tome and Principe,Female,2010,68.84199403977075
Sao Tome and Principe,Female,2011,69.35738359748497
Sao Tome and Principe,Female,2012,69.85991695056046
Sao Tome and Principe,Female,2013,70.05547187260362
Sao Tome and Principe,Female,2014,70.062741185227
Sao Tome and Principe,Female,2015,70.28133709155773
Sao Tome and Principe,Female,2016,70.6166383383369
Sao Tome and Principe,Female,2017,70.99825120089741
Sao Tome and Principe,Female,2018,71.29790433633582
Sao Tome and Principe,Female,2019,71.52793765690099
Sao Tome and Principe,Female,2020,69.19046510476785
Sao Tome and Principe,Female,2021,69.09414424589505
Sao Tome and Principe,Female,2022,71.01045038857201
Sao Tome and Principe,Female,2023,72.13178882760438
Sao Tome and Principe,Male,1990,61.74675975189426
Sao Tome and Principe,Male,1991,62.041007384146546
Sao Tome and Principe,Male,1992,62.00672685311639
Sao Tome and Principe,Male,1993,62.09463370393722
Sao Tome and Principe,Male,1994,62.04490879849686
Sao Tome and Principe,Male,1995,62.27181835855063
Sao Tome and Principe,Male,1996,62.09580155946259
Sao Tome and Principe,Male,1997,61.93092432001995
Sao Tome and Principe,Male,1998,61.76928397723528
Sao Tome and Principe,Male,1999,61.65803095015365
Sao Tome and Principe,Male,2000,62.199624889114894
Sao Tome and Principe,Male,2001,62.25127803775651
Sao Tome and Principe,Male,2002,62.36185621954133
Sao Tome and Principe,Male,2003,62.55567526096474
Sao Tome and Principe,Male,2004,62.70878969820254
Sao Tome and Principe,Male,2005,62.29017749680891
Sao Tome and Principe,Male,2006,62.71623336683894
Sao Tome and Principe,Male,2007,62.81363541398225
Sao Tome and Principe,Male,2008,63.02246791967325
Sao Tome and Principe,Male,2009,64.0644146269952
Sao Tome and Principe,Male,2010,64.27571936753756
Sao Tome and Principe,Male,2011,64.74191562039292
Sao Tome and Principe,Male,2012,65.18915094194129
Sao Tome and Principe,Male,2013,65.45492627540159
Sao Tome and Principe,Male,2014,65.66408169616012
Sao Tome and Principe,Male,2015,66.06509352402962
Sao Tome and Principe,Male,2016,66.50042519075593
Sao Tome and Principe,Male,2017,66.94016485790368
Sao Tome and Principe,Male,2018,67.30395031474396
Sao Tome and Principe,Male,2019,67.60210259827818
Sao Tome and Principe,Male,2020,65.0346397225952
Sao Tome and Principe,Male,2021,65.04144975525602
Sao Tome and Principe,Male,2022,67.32044507823639
Sao Tome and Principe,Male,2023,68.58142308831765
Saudi Arabia,Female,1990,71.6065294446298
Saudi Arabia,Female,1991,72.08490613656487
Saudi Arabia,Female,1992,72.54906504757312
Saudi Arabia,Female,1993,72.99510582516973
Saudi Arabia,Female,1994,73.46858594618604
Saudi Arabia,Female,1995,73.94630505978925
Saudi Arabia,Female,1996,74.41692984508676
Saudi Arabia,Female,1997,74.81468795293692
Saudi Arabia,Female,1998,75.20399466416502
Saudi Arabia,Female,1999,75.49237137982036
Saudi Arabia,Female,2000,75.61075515980653
Saudi Arabia,Female,2001,75.69271050648352
Saudi Arabia,Female,2002,75.6258008426648
Saudi Arabia,Female,2003,75.49743717714699
Saudi Arabia,Female,2004,75.37528396906755
Saudi Arabia,Female,2005,75.21248538881073
Saudi Arabia,Female,2006,74.9727229617929
Saudi Arabia,Female,2007,74.75706607069226
Saudi Arabia,Female,2008,74.57198002803152
Saudi Arabia,Female,2009,74.46287561745966
Saudi Arabia,Female,2010,74.50524043232981
Saudi Arabia,Female,2011,74.67751241133872
Saudi Arabia,Female,2012,74.87074289140362
Saudi Arabia,Female,2013,75.16485406690992
Saudi Arabia,Female,2014,75.40174706439966
Saudi Arabia,Female,2015,75.46510096486357
Saudi Arabia,Female,2016,75.77936651545544
Saudi Arabia,Female,2017,75.81877831560507
Saudi Arabia,Female,2018,75.88077857876452
Saudi Arabia,Female,2019,75.76953838468512
Saudi Arabia,Female,2020,73.58066816076959
Saudi Arabia,Female,2021,74.38202108386973
Saudi Arabia,Female,2022,74.98187248780098
Saudi Arabia,Female,2023,75.62270548125981
Saudi Arabia,Male,1990,66.3060163963686
Saudi Arabia,Male,1991,67.11837097753524
Saudi Arabia,Male,1992,67.79083831674414
Saudi Arabia,Male,1993,68.30091037220029
Saudi Arabia,Male,1994,68.79073836315884
Saudi Arabia,Male,1995,69.32822620726728
Saudi Arabia,Male,1996,69.85781552369654
Saudi Arabia,Male,1997,70.28487490286074
Saudi Arabia,Male,1998,70.69152219959803
Saudi Arabia,Male,1999,70.99390253506475
Saudi Arabia,Male,2000,71.1251951346116
Saudi Arabia,Male,2001,71.20537649647636
Saudi Arabia,Male,2002,71.1055352264501
Saudi Arabia,Male,2003,70.90425901945171
Saudi Arabia,Male,2004,70.60027602641959
Saudi Arabia,Male,2005,70.3792946016147
Saudi Arabia,Male,2006,70.06578303988233
Saudi Arabia,Male,2007,69.92246672976296
Saudi Arabia,Male,2008,69.76549864696406
Saudi Arabia,Male,2009,69.6675650562354
Saudi Arabia,Male,2010,69.7037845719409
Saudi Arabia,Male,2011,70.02813574300268
Saudi Arabia,Male,2012,70.46913134500609
Saudi Arabia,Male,2013,71.05634277143984
Saudi Arabia,Male,2014,71.57679034362432
Saudi Arabia,Male,2015,71.71640067082565
Saudi Arabia,Male,2016,72.58765606539004
Saudi Arabia,Male,2017,72.9492969376601
Saudi Arabia,Male,2018,73.25575817040072
Saudi Arabia,Male,2019,73.38689107278681
Saudi Arabia,Male,2020,71.58170035145132
Saudi Arabia,Male,2021,72.92799483215676
Saudi Arabia,Male,2022,73.59756368197715
Saudi Arabia,Male,2023,73.80484126416556
Senegal,Female,1990,60.12932571572221
Senegal,Female,1991,60.410389680741
Senegal,Female,1992,60.63370085312034
Senegal,Female,1993,60.87784245963859
Senegal,Female,1994,61.12926428040328
Senegal,Female,1995,61.55988854401229
Senegal,Female,1996,61.71217641203367
Senegal,Female,1997,62.30435319679284
Senegal,Female,1998,62.597352648998424
Senegal,Female,1999,63.11189415334957
Senegal,Female,2000,64.33674386295776
Senegal,Female,2001,62.64689232087898
Senegal,Female,2002,63.12613293348719
Senegal,Female,2003,64.80890466945438
Senegal,Female,2004,65.32041965462386
Senegal,Female,2005,65.95686880505502
Senegal,Female,2006,66.8408597021192
Senegal,Female,2007,67.58287862852886
Senegal,Female,2008,68.17540990913729
Senegal,Female,2009,68.42695321553644
Senegal,Female,2010,69.28063186013009
Senegal,Female,2011,69.58489331436323
Senegal,Female,2012,70.13520619401828
Senegal,Female,2013,70.54639527642796
Senegal,Female,2014,70.65822951569326
Senegal,Female,2015,71.11111977018881
Senegal,Female,2016,71.14111211192127
Senegal,Female,2017,71.38032426158924
Senegal,Female,2018,71.88219104984667
Senegal,Female,2019,71.54914019684534
Senegal,Female,2020,70.73419788228267
Senegal,Female,2021,69.84075169717869
Senegal,Female,2022,71.47507231293616
Senegal,Female,2023,71.74619617276106
Senegal,Male,1990,55.18757971870203
Senegal,Male,1991,55.508654753984494
Senegal,Male,1992,55.68853399986208
Senegal,Male,1993,55.9920204598549
Senegal,Male,1994,56.319890258628746
Senegal,Male,1995,56.56902035203026
Senegal,Male,1996,56.85666420878792
Senegal,Male,1997,57.25562670629326
Senegal,Male,1998,57.57308288365913
Senegal,Male,1999,58.26072517331676
Senegal,Male,2000,59.3053315910218
Senegal,Male,2001,58.420098186294666
Senegal,Male,2002,58.39380947721237
Senegal,Male,2003,60.468940797025475
Senegal,Male,2004,61.050441974364595
Senegal,Male,2005,61.68176793942644
Senegal,Male,2006,62.46950378750113
Senegal,Male,2007,63.26758689011884
Senegal,Male,2008,63.908769539004886
Senegal,Male,2009,64.29421593061672
Senegal,Male,2010,65.08953073549345
Senegal,Male,2011,65.49417101523092
Senegal,Male,2012,66.05853967895462
Senegal,Male,2013,66.4925086744898
Senegal,Male,2014,66.75052127626064
Senegal,Male,2015,67.22987926192754
Senegal,Male,2016,67.33774080726967
Senegal,Male,2017,67.59025407347066
Senegal,Male,2018,68.12625827355295
Senegal,Male,2019,67.9782488069894
Senegal,Male,2020,66.3839857666449
Senegal,Male,2021,64.75879483336769
Senegal,Male,2022,68.1023425456917
Senegal,Male,2023,68.51722584139665
Serbia,Female,1990,73.00266055249837
Serbia,Female,1991,72.75612204270817
Serbia,Female,1992,73.10665324725919
Serbia,Female,1993,73.28516817693779
Serbia,Female,1994,73.21708143975394
Serbia,Female,1995,73.16096932489496
Serbia,Female,1996,73.13719860504023
Serbia,Female,1997,73.22731474192001
Serbia,Female,1998,73.42039972242266
Serbia,Female,1999,72.75879265847237
Serbia,Female,2000,74.05175796018165
Serbia,Female,2001,74.3659934550775
Serbia,Female,2002,74.70697118805384
Serbia,Female,2003,74.96457137021525
Serbia,Female,2004,75.18419202272733
Serbia,Female,2005,75.39178737824635
Serbia,Female,2006,75.65392669040388
Serbia,Female,2007,75.88548015170113
Serbia,Female,2008,76.02481209069906
Serbia,Female,2009,76.31309709701742
Serbia,Female,2010,76.58412452180056
Serbia,Female,2011,76.801382876665
Serbia,Female,2012,76.98285530906459
Serbia,Female,2013,77.1812868516987
Serbia,Female,2014,77.29710533673375
Serbia,Female,2015,77.40863997687141
Serbia,Female,2016,77.61068809475323
Serbia,Female,2017,77.7438915620664
Serbia,Female,2018,77.89519971671153
Serbia,Female,2019,78.04468344320019
Serbia,Female,2020,77.23640742109048
Serbia,Female,2021,75.74065606832966
Serbia,Female,2022,77.52096771597189
Serbia,Female,2023,78.1512121588918
Serbia,Male,1990,67.20594492888117
Serbia,Male,1991,66.14450962296564
Serbia,Male,1992,66.9674882764568
Serbia,Male,1993,67.91487531459684
Serbia,Male,1994,67.97428471361603
Serbia,Male,1995,67.94655632324145
Serbia,Male,1996,67.95662012895886
Serbia,Male,1997,68.0807787267804
Serbia,Male,1998,67.81919910468261
Serbia,Male,1999,64.76762912384466
Serbia,Male,2000,68.74902682536542
Serbia,Male,2001,69.19252909661505
Serbia,Male,2002,69.44820589612304
Serbia,Male,2003,69.70893923540811
Serbia,Male,2004,69.9220529684701
Serbia,Male,2005,70.21643381941682
Serbia,Male,2006,70.48676551462002
Serbia,Male,2007,70.80831188756454
Serbia,Male,2008,71.05743921263922
Serbia,Male,2009,71.35961929069029
Serbia,Male,2010,71.66757130258843
Serbia,Male,2011,72.0080279548913
Serbia,Male,2012,72.31118611275254
Serbia,Male,2013,72.58253825011053
Serbia,Male,2014,72.80450369223905
Serbia,Male,2015,72.97843109949572
Serbia,Male,2016,73.24265632613346
Serbia,Male,2017,73.41502565935092
Serbia,Male,2018,73.60147450728056
Serbia,Male,2019,73.69085313123576
Serbia,Male,2020,72.29082436548384
Serbia,Male,2021,71.01302055435855
Serbia,Male,2022,73.11839247636124
Serbia,Male,2023,73.89680006765195
Seychelles,Female,1990,75.44962934173184
Seychelles,Female,1991,75.51729085663185
Seychelles,Female,1992,75.64039572530656
Seychelles,Female,1993,75.62920489707196
Seychelles,Female,1994,75.95189651214771
Seychelles,Female,1995,76.33139776000725
Seychelles,Female,1996,76.44001628879144
Seychelles,Female,1997,76.33482797124779
Seychelles,Female,1998,76.62605162960378
Seychelles,Female,1999,76.7233790913246
Seychelles,Female,2000,76.80709836176064
Seychelles,Female,2001,76.85719669120817
Seychelles,Female,2002,76.84126641893235
Seychelles,Female,2003,76.83842068729733
Seychelles,Female,2004,76.72263801828483
Seychelles,Female,2005,76.94241700249853
Seychelles,Female,2006,77.0203324905812
Seychelles,Female,2007,77.02423377928939
Seychelles,Female,2008,77.19359366895357
Seychelles,Female,2009,77.33311999009901
Seychelles,Female,2010,77.49926090784913
Seychelles,Female,2011,77.6670997401254
Seychelles,Female,2012,77.84349761084144
Seychelles,Female,2013,78.02561506252756
Seychelles,Female,2014,78.2400975602119
Seychelles,Female,2015,78.46680736901003
Seychelles,Female,2016,78.68074565504183
Seychelles,Female,2017,78.96774956061708
Seychelles,Female,2018,79.2352696172775
Seychelles,Female,2019,79.50244224887956
Seychelles,Female,2020,79.38251506458806
Seychelles,Female,2021,74.63121036412258
Seychelles,Female,2022,77.90015719337215
Seychelles,Female,2023,78.51634007129408
Seychelles,Male,1990,66.11222696726968
Seychelles,Male,1991,65.87707537543614
Seychelles,Male,1992,65.77273078925454
Seychelles,Male,1993,65.6520072476675
Seychelles,Male,1994,65.9874941795133
Seychelles,Male,1995,66.32336300680123
Seychelles,Male,1996,66.51520318748642
Seychelles,Male,1997,66.66076025152962
Seychelles,Male,1998,67.04712093459386
Seychelles,Male,1999,67.3637781201414
Seychelles,Male,2000,67.67173465225314
Seychelles,Male,2001,67.86656072724803
Seychelles,Male,2002,67.97797198969879
Seychelles,Male,2003,68.11464438317809
Seychelles,Male,2004,68.25369919542034
Seychelles,Male,2005,68.35881733083765
Seychelles,Male,2006,68.54841016803378
Seychelles,Male,2007,68.66686921232265
Seychelles,Male,2008,68.88048919383363
Seychelles,Male,2009,69.01526121839174
Seychelles,Male,2010,69.34137061786662
Seychelles,Male,2011,69.6339413670338
Seychelles,Male,2012,69.72306018595569
Seychelles,Male,2013,69.98308644020472
Seychelles,Male,2014,70.29716844261695
Seychelles,Male,2015,70.62990654683327
Seychelles,Male,2016,70.96193448228462
Seychelles,Male,2017,71.40662205444494
Seychelles,Male,2018,71.99931950597768
Seychelles,Male,2019,72.6844385556384
Seychelles,Male,2020,72.72700340158548
Seychelles,Male,2021,70.05436296055173
Seychelles,Male,2022,72.53402287680316
Seychelles,Male,2023,72.18772445614502
Sierra Leone,Female,1990,49.55435241557138
Sierra Leone,Female,1991,49.770027072406265
Sierra Leone,Female,1992,49.91994120085589
Sierra Leone,Female,1993,50.07231036546879
Sierra Leone,Female,1994,49.633540993466255
Sierra Leone,Female,1995,49.63741558640516
Sierra Leone,Female,1996,50.42470670291162
Sierra Leone,Female,1997,50.64542663382897
Sierra Leone,Female,1998,49.88385230462646
Sierra Leone,Female,1999,50.07014260103042
Sierra Leone,Female,2000,50.800397607486424
Sierra Leone,Female,2001,51.53088131535701
Sierra Leone,Female,2002,51.94869573315042
Sierra Leone,Female,2003,52.39981775092373
Sierra Leone,Female,2004,52.931242690708295
Sierra Leone,Female,2005,53.29253596145366
Sierra Leone,Female,2006,53.526420473644976
Sierra Leone,Female,2007,54.082101329101995
Sierra Leone,Female,2008,54.73905790268609
Sierra Leone,Female,2009,55.31726414319317
Sierra Leone,Female,2010,55.73674183992271
Sierra Leone,Female,2011,56.15515681534845
Sierra Leone,Female,2012,56.3947677289167
Sierra Leone,Female,2013,57.153331545508955
Sierra Leone,Female,2014,55.849631524386176
Sierra Leone,Female,2015,57.21770607685217
Sierra Leone,Female,2016,58.70160614998354
Sierra Leone,Female,2017,58.66081236493156
Sierra Leone,Female,2018,59.59232334802184
Sierra Leone,Female,2019,59.91084785937728
Sierra Leone,Female,2020,59.59897563881779
Sierra Leone,Female,2021,60.26316007987027
Sierra Leone,Female,2022,60.5187511907064
Sierra Leone,Female,2023,60.75812648836495
Sierra Leone,Male,1990,44.90422402777808
Sierra Leone,Male,1991,44.40640258491724
Sierra Leone,Male,1992,44.86165893136145
Sierra Leone,Male,1993,45.04438114057
Sierra Leone,Male,1994,44.05533976662769
Sierra Leone,Male,1995,43.6029238546264
Sierra Leone,Male,1996,45.39341006714657
Sierra Leone,Male,1997,45.60610217653607
Sierra Leone,Male,1998,43.200882719349735
Sierra Leone,Male,1999,43.6650236742002
Sierra Leone,Male,2000,46.23373331965685
Sierra Leone,Male,2001,47.33587683084191
Sierra Leone,Male,2002,47.87031586751769
Sierra Leone,Male,2003,48.29945956798895
Sierra Leone,Male,2004,48.90210637610826
Sierra Leone,Male,2005,49.3688311861486
Sierra Leone,Male,2006,49.770566035936135
Sierra Leone,Male,2007,50.23343758594978
Sierra Leone,Male,2008,51.0642720610924
Sierra Leone,Male,2009,51.586891645815136
Sierra Leone,Male,2010,52.13162432490471
Sierra Leone,Male,2011,52.59331485325593
Sierra Leone,Male,2012,52.77778112107991
Sierra Leone,Male,2013,53.351907267579435
Sierra Leone,Male,2014,52.46092793051631
Sierra Leone,Male,2015,53.56259863836386
Sierra Leone,Male,2016,54.771347935363195
Sierra Leone,Male,2017,54.93154470950969
Sierra Leone,Male,2018,55.67077002916571
Sierra Leone,Male,2019,56.01658394402932
Sierra Leone,Male,2020,55.3709760580738
Sierra Leone,Male,2021,56.35905250122039
Sierra Leone,Male,2022,56.94715072693186
Sierra Leone,Male,2023,57.34619205931705
Singapore,Female,1990,78.31955795845892
Singapore,Female,1991,78.83442503770496
Singapore,Female,1992,79.19563800726371
Singapore,Female,1993,79.36735067018954
Singapore,Female,1994,79.57956232067099
Singapore,Female,1995,79.91312110294515
Singapore,Female,1996,80.09371295861499
Singapore,Female,1997,80.44831884208355
Singapore,Female,1998,80.95214210958365
Singapore,Female,1999,81.1708461953988
Singapore,Female,2000,81.54878171390241
Singapore,Female,2001,81.94885621863763
Singapore,Female,2002,82.33164337227518
Singapore,Female,2003,82.58579810060174
Singapore,Female,2004,82.91331648095534
Singapore,Female,2005,83.33945762967888
Singapore,Female,2006,83.5951555382584
Singapore,Female,2007,83.81041422687112
Singapore,Female,2008,84.22926159477102
Singapore,Female,2009,84.74622443956754
Singapore,Female,2010,85.11960953342606
Singapore,Female,2011,85.38367272944681
Singapore,Female,2012,85.55034345898498
Singapore,Female,2013,85.81751643660462
Singapore,Female,2014,86.01789561051768
Singapore,Female,2015,86.37091102136442
Singapore,Female,2016,86.68114298434537
Singapore,Female,2017,86.8475972952283
Singapore,Female,2018,87.15252335112169
Singapore,Female,2019,87.43534268132501
Singapore,Female,2020,87.91768803066218
Singapore,Female,2021,87.39761608174332
Singapore,Female,2022,86.59813425116788
Singapore,Female,2023,87.54094297242226
Singapore,Male,1990,72.90789962650538
Singapore,Male,1991,73.37250133075615
Singapore,Male,1992,73.66110695701988
Singapore,Male,1993,73.94768159271425
Singapore,Male,1994,74.05479772855251
Singapore,Male,1995,74.28279488771007
Singapore,Male,1996,74.663021222782
Singapore,Male,1997,75.2690991881626
Singapore,Male,1998,75.79299723324279
Singapore,Male,1999,76.28068295939167
Singapore,Male,2000,76.78105702394694
Singapore,Male,2001,77.07772368036578
Singapore,Male,2002,77.4639587004388
Singapore,Male,2003,77.59123307184677
Singapore,Male,2004,77.90267723929074
Singapore,Male,2005,78.28143077243926
Singapore,Male,2006,78.59002760960287
Singapore,Male,2007,78.90999600715527
Singapore,Male,2008,79.43438368536692
Singapore,Male,2009,80.01333890989946
Singapore,Male,2010,80.41375236938126
Singapore,Male,2011,80.77857094304294
Singapore,Male,2012,81.09613084782072
Singapore,Male,2013,81.49285179571136
Singapore,Male,2014,81.81074155460682
Singapore,Male,2015,82.15467299781562
Singapore,Male,2016,82.4623013095098
Singapore,Male,2017,82.71936711837098
Singapore,Male,2018,83.00672029026941
Singapore,Male,2019,83.23020601931947
Singapore,Male,2020,83.4738308194497
Singapore,Male,2021,83.18433071732575
Singapore,Male,2022,82.55283546068037
Singapore,Male,2023,83.14695854429583
Slovakia,Female,1990,75.4614396350796
Slovakia,Female,1991,75.62980440268434
Slovakia,Female,1992,75.94284506077861
Slovakia,Female,1993,76.20426584504185
Slovakia,Female,1994,76.45045242751335
Slovakia,Female,1995,76.5271466199175
Slovakia,Female,1996,76.75791381075439
Slovakia,Female,1997,76.82169284611301
Slovakia,Female,1998,76.98597785532306
Slovakia,Female,1999,77.17684373048412
Slovakia,Female,2000,77.42352371004591
Slovakia,Female,2001,77.59790572862435
Slovakia,Female,2002,77.8685827816448
Slovakia,Female,2003,78.00277059834033
Slovakia,Female,2004,78.11167336007337
Slovakia,Female,2005,78.19201283479042
Slovakia,Female,2006,78.36220328696656
Slovakia,Female,2007,78.53564253589008
Slovakia,Female,2008,78.83227996852833
Slovakia,Female,2009,79.00452541450683
Slovakia,Female,2010,79.2655024540297
Slovakia,Female,2011,79.54324509099773
Slovakia,Female,2012,79.84354842577247
Slovakia,Female,2013,80.07940617456026
Slovakia,Female,2014,80.30158003479566
Slovakia,Female,2015,80.3255563508118
Slovakia,Female,2016,80.49396089100986
Slovakia,Female,2017,80.57107413033239
Slovakia,Female,2018,80.7790667477
Slovakia,Female,2019,81.01052822429588
Slovakia,Female,2020,80.28850218420357
Slovakia,Female,2021,78.23048576556418
Slovakia,Female,2022,80.43334817269046
Slovakia,Female,2023,81.44622329417469
Slovakia,Male,1990,66.73728457764395
Slovakia,Male,1991,66.95161326520478
Slovakia,Male,1992,67.29206439975553
Slovakia,Male,1993,67.77050964713808
Slovakia,Male,1994,68.25329931569442
Slovakia,Male,1995,68.46908277346517
Slovakia,Male,1996,68.67086162321404
Slovakia,Male,1997,68.7454840120316
Slovakia,Male,1998,68.76552270285013
Slovakia,Male,1999,68.9376312111741
Slovakia,Male,2000,69.17994613723538
Slovakia,Male,2001,69.48749809569382
Slovakia,Male,2002,69.79105323299727
Slovakia,Male,2003,70.00974971334054
Slovakia,Male,2004,70.222901748942
Slovakia,Male,2005,70.29044446734966
Slovakia,Male,2006,70.45833219124327
Slovakia,Male,2007,70.66006104072589
Slovakia,Male,2008,70.99618991687858
Slovakia,Male,2009,71.33497136602277
Slovakia,Male,2010,71.69920331751723
Slovakia,Male,2011,72.14570454127731
Slovakia,Male,2012,72.57067881455653
Slovakia,Male,2013,72.8687215680167
Slovakia,Male,2014,73.16937160325263
Slovakia,Male,2015,73.32658855075208
Slovakia,Male,2016,73.574414073657
Slovakia,Male,2017,73.74641550610926
Slovakia,Male,2018,73.98765551096804
Slovakia,Male,2019,74.291470806031
Slovakia,Male,2020,73.46838221309822
Slovakia,Male,2021,71.18854111565692
Slovakia,Male,2022,73.405215377311
Slovakia,Male,2023,74.79010022021112
Slovenia,Female,1990,77.2351540405677
Slovenia,Female,1991,77.25753634050568
Slovenia,Female,1992,77.30471544937625
Slovenia,Female,1993,77.4823059524784
Slovenia,Female,1994,77.77965046257437
Slovenia,Female,1995,78.08035535421656
Slovenia,Female,1996,78.41099386220719
Slovenia,Female,1997,78.65422042250748
Slovenia,Female,1998,78.93083077997227
Slovenia,Female,1999,79.29718255987669
Slovenia,Female,2000,79.65589679714314
Slovenia,Female,2001,79.85758207022398
Slovenia,Female,2002,80.1427377006122
Slovenia,Female,2003,80.36148697773415
Slovenia,Female,2004,80.6411600489175
Slovenia,Female,2005,80.99198605287968
Slovenia,Female,2006,81.37063131174142
Slovenia,Female,2007,81.69952008855815
Slovenia,Female,2008,82.02500298938104
Slovenia,Female,2009,82.18630049873728
Slovenia,Female,2010,82.4706598069094
Slovenia,Female,2011,82.70847901805946
Slovenia,Female,2012,82.85960709996442
Slovenia,Female,2013,83.09773021210832
Slovenia,Female,2014,83.36072106508738
Slovenia,Female,2015,83.55965218905935
Slovenia,Female,2016,83.79605008308889
Slovenia,Female,2017,83.91331528364293
Slovenia,Female,2018,84.14810509535761
Slovenia,Female,2019,84.31075038171629
Slovenia,Female,2020,83.27142793403233
Slovenia,Female,2021,83.62564339741935
Slovenia,Female,2022,83.98555961775872
Slovenia,Female,2023,84.36570110346457
Slovenia,Male,1990,69.1452675693325
Slovenia,Male,1991,69.19541704767708
Slovenia,Male,1992,69.27545191965534
Slovenia,Male,1993,69.56207975326802
Slovenia,Male,1994,69.96235710805938
Slovenia,Male,1995,70.27824268750685
Slovenia,Male,1996,70.66507296150775
Slovenia,Male,1997,70.95310503110159
Slovenia,Male,1998,71.24159371725183
Slovenia,Male,1999,71.5903072924143
Slovenia,Male,2000,71.89497136033616
Slovenia,Male,2001,72.16768171298526
Slovenia,Male,2002,72.46411613514117
Slovenia,Male,2003,72.66452332145236
Slovenia,Male,2004,73.19695872518624
Slovenia,Male,2005,73.77026906890455
Slovenia,Male,2006,74.2476612766456
Slovenia,Male,2007,74.71334351675162
Slovenia,Male,2008,75.10229865629512
Slovenia,Male,2009,75.58710158674879
Slovenia,Male,2010,75.9519580482747
Slovenia,Male,2011,76.38989823103415
Slovenia,Male,2012,76.75164117768745
Slovenia,Male,2013,77.04895322376905
Slovenia,Male,2014,77.40196694512454
Slovenia,Male,2015,77.62879305923524
Slovenia,Male,2016,77.86379183313778
Slovenia,Male,2017,78.06534143493582
Slovenia,Male,2018,78.33328899792397
Slovenia,Male,2019,78.6179961447199
Slovenia,Male,2020,77.58150836606758
Slovenia,Male,2021,77.59744057322082
Slovenia,Male,2022,78.20738751980265
Slovenia,Male,2023,78.9516801849912
Solomon Islands,Female,1990,65.52277835101388
Solomon Islands,Female,1991,65.34546510199931
Solomon Islands,Female,1992,65.6515141136349
Solomon Islands,Female,1993,65.71784577162954
Solomon Islands,Female,1994,65.82756880869024
Solomon Islands,Female,1995,66.1607871625022
Solomon Islands,Female,1996,66.30649796556996
Solomon Islands,Female,1997,66.3071409091689
Solomon Islands,Female,1998,66.49084984954301
Solomon Islands,Female,1999,66.87800354451629
Solomon Islands,Female,2000,66.86385903607213
Solomon Islands,Female,2001,67.15464899062499
Solomon Islands,Female,2002,67.32498998645094
Solomon Islands,Female,2003,67.50612616568161
Solomon Islands,Female,2004,67.66091962970282
Solomon Islands,Female,2005,67.62295156242503
Solomon Islands,Female,2006,67.48722694673425
Solomon Islands,Female,2007,67.51543195087285
Solomon Islands,Female,2008,68.14736137999391
Solomon Islands,Female,2009,67.5609877688644
Solomon Islands,Female,2010,67.80757193752792
Solomon Islands,Female,2011,67.08845536247729
Solomon Islands,Female,2012,66.82753886843268
Solomon Islands,Female,2013,66.59575704242258
Solomon Islands,Female,2014,66.15990544755229
Solomon Islands,Female,2015,66.397470100102
Solomon Islands,Female,2016,66.75466548452327
Solomon Islands,Female,2017,66.76692996979835
Solomon Islands,Female,2018,66.82185910585433
Solomon Islands,Female,2019,66.66223200613148
Solomon Islands,Female,2020,66.1909088431385
Solomon Islands,Female,2021,66.00746902765329
Solomon Islands,Female,2022,66.0367663455399
Solomon Islands,Female,2023,66.17032240354521
Solomon Islands,Male,1990,59.09957710859817
Solomon Islands,Male,1991,58.819584177972445
Solomon Islands,Male,1992,59.4063163050642
Solomon Islands,Male,1993,59.555323248726246
Solomon Islands,Male,1994,59.726194727226854
Solomon Islands,Male,1995,60.04427268764516
Solomon Islands,Male,1996,60.23087613669302
Solomon Islands,Male,1997,60.31685512880043
Solomon Islands,Male,1998,60.50109829910004
Solomon Islands,Male,1999,60.78222387192067
Solomon Islands,Male,2000,60.84593740573252
Solomon Islands,Male,2001,61.07360011042402
Solomon Islands,Male,2002,61.19025682880769
Solomon Islands,Male,2003,61.33299382748487
Solomon Islands,Male,2004,61.500283664970695
Solomon Islands,Male,2005,61.55069175430695
Solomon Islands,Male,2006,61.522505597549355
Solomon Islands,Male,2007,61.638439248962925
Solomon Islands,Male,2008,62.04716330408201
Solomon Islands,Male,2009,61.76603895351303
Solomon Islands,Male,2010,61.97875406234994
Solomon Islands,Male,2011,61.619376879125326
Solomon Islands,Male,2012,61.547786917393765
Solomon Islands,Male,2013,61.48499857813198
Solomon Islands,Male,2014,61.3473478897757
Solomon Islands,Male,2015,61.57734087485494
Solomon Islands,Male,2016,61.86901939064647
Solomon Islands,Male,2017,61.92978580229073
Solomon Islands,Male,2018,62.012175150049856
Solomon Islands,Male,2019,62.00298724738365
Solomon Islands,Male,2020,61.64556457077835
Solomon Islands,Male,2021,61.08756296491126
Solomon Islands,Male,2022,61.69531374472421
Solomon Islands,Male,2023,61.92173274184421
Somalia,Female,1990,54.491319089497374
Somalia,Female,1991,54.132480484676755
Somalia,Female,1992,54.40217173579821
Somalia,Female,1993,55.749968476826545
Somalia,Female,1994,54.99761194302606
Somalia,Female,1995,55.60701988327967
Somalia,Female,1996,55.76243163075536
Somalia,Female,1997,55.19403468589175
Somalia,Female,1998,56.05509683479149
Somalia,Female,1999,56.26377875081226
Somalia,Female,2000,56.2629890789827
Somalia,Female,2001,56.58876801660202
Somalia,Female,2002,56.78449782313201
Somalia,Female,2003,57.09873970110132
Somalia,Female,2004,57.13002088077247
Somalia,Female,2005,57.49903062159237
Somalia,Female,2006,58.559635945833975
Somalia,Female,2007,59.277189520835805
Somalia,Female,2008,60.297998120076485
Somalia,Female,2009,60.93731623000566
Somalia,Female,2010,54.69447469785505
Somalia,Female,2011,44.59973621803103
Somalia,Female,2012,55.85137654823912
Somalia,Female,2013,63.267186352907366
Somalia,Female,2014,63.67680560787557
Somalia,Female,2015,64.24913133176359
Somalia,Female,2016,64.76441181849637
Somalia,Female,2017,65.35808970801932
Somalia,Female,2018,65.88298182710155
Somalia,Female,2019,66.27846149356017
Somalia,Female,2020,65.82033927674148
Somalia,Female,2021,63.22900274072708
Somalia,Female,2022,66.62197666302427
Somalia,Female,2023,67.0467795587174
Somalia,Male,1990,50.238922970736894
Somalia,Male,1991,48.279375410778584
Somalia,Male,1992,49.47104347159336
Somalia,Male,1993,51.938853866510534
Somalia,Male,1994,51.217643843883046
Somalia,Male,1995,51.81394736025379
Somalia,Male,1996,51.840741938698024
Somalia,Male,1997,51.63239874462163
Somalia,Male,1998,52.282796171342895
Somalia,Male,1999,52.49032527584017
Somalia,Male,2000,52.6316354119457
Somalia,Male,2001,52.825398269140734
Somalia,Male,2002,52.97214064859829
Somalia,Male,2003,53.31928014438495
Somalia,Male,2004,53.03649743761122
Somalia,Male,2005,53.57223664144737
Somalia,Male,2006,54.44788977135152
Somalia,Male,2007,55.06247248218713
Somalia,Male,2008,55.99474989740019
Somalia,Male,2009,56.49858870650989
Somalia,Male,2010,50.332773438416154
Somalia,Male,2011,40.72359097680925
Somalia,Male,2012,51.33887775707674
Somalia,Male,2013,58.85683835782693
Somalia,Male,2014,59.25838474989982
Somalia,Male,2015,59.88573917382954
Somalia,Male,2016,60.31029213344902
Somalia,Male,2017,60.952811721708656
Somalia,Male,2018,61.4558759618746
Somalia,Male,2019,62.007229173883715
Somalia,Male,2020,60.36127185260465
Somalia,Male,2021,56.70507598152526
Somalia,Male,2022,62.14569620050139
Somalia,Male,2023,62.64378153652747
South Africa,Female,1990,72.51899897210079
South Africa,Female,1991,72.7636668078912
South Africa,Female,1992,72.73171196642343
South Africa,Female,1993,72.14463046621128
South Africa,Female,1994,71.17358220368948
South Africa,Female,1995,70.33484590184744
South Africa,Female,1996,68.30845038012328
South Africa,Female,1997,66.70504855207854
South Africa,Female,1998,64.8700007147251
South Africa,Female,1999,63.65849375388201
South Africa,Female,2000,62.2614668710535
South Africa,Female,2001,60.73218644057592
South Africa,Female,2002,59.03583822692732
South Africa,Female,2003,57.702062529214366
South Africa,Female,2004,56.92394512999451
South Africa,Female,2005,56.467390791413486
South Africa,Female,2006,56.579490240513636
South Africa,Female,2007,57.20129865287243
South Africa,Female,2008,58.31574739490007
South Africa,Female,2009,59.45509312771871
South Africa,Female,2010,60.8012102617727
South Africa,Female,2011,62.462627237914305
South Africa,Female,2012,63.93446019868101
South Africa,Female,2013,64.93472487518319
South Africa,Female,2014,65.58678804246308
South Africa,Female,2015,66.35096389780071
South Africa,Female,2016,66.99920713279795
South Africa,Female,2017,67.7574428348975
South Africa,Female,2018,68.28890607338295
South Africa,Female,2019,69.21372514908197
South Africa,Female,2020,67.59130095036298
South Africa,Female,2021,64.90297975305192
South Africa,Female,2022,68.84831715557189
South Africa,Female,2023,69.71432997128959
South Africa,Male,1990,62.9961526498718
South Africa,Male,1991,63.32737589871566
South Africa,Male,1992,63.296947922800264
South Africa,Male,1993,62.66631537578716
South Africa,Male,1994,61.58576162660858
South Africa,Male,1995,60.991629808931336
South Africa,Male,1996,59.31168975553958
South Africa,Male,1997,58.164408917543824
South Africa,Male,1998,56.79602097363767
South Africa,Male,1999,56.19521368948643
South Africa,Male,2000,55.60805757100223
South Africa,Male,2001,54.64785004030758
South Africa,Male,2002,53.569228103350966
South Africa,Male,2003,52.6540095031409
South Africa,Male,2004,52.3513168682028
South Africa,Male,2005,52.10201423009548
South Africa,Male,2006,52.027550497014275
South Africa,Male,2007,52.37648406751116
South Africa,Male,2008,53.22659672888306
South Africa,Male,2009,54.14462406593435
South Africa,Male,2010,55.38793171634317
South Africa,Male,2011,56.79215108646339
South Africa,Male,2012,57.89325710569394
South Africa,Male,2013,58.710339033603205
South Africa,Male,2014,59.24853356978093
South Africa,Male,2015,59.84708193313383
South Africa,Male,2016,60.346168269495344
South Africa,Male,2017,61.06974652925872
South Africa,Male,2018,61.7333921607121
South Africa,Male,2019,62.56380777390183
South Africa,Male,2020,61.18941254402469
South Africa,Male,2021,58.456006702612065
South Africa,Male,2022,62.36153613057184
South Africa,Male,2023,63.26493962742165
South Sudan,Female,1990,53.32080527515589
South Sudan,Female,1991,53.65072871977491
South Sudan,Female,1992,53.795632203988475
South Sudan,Female,1993,54.02378855638681
South Sudan,Female,1994,54.21924604205503
South Sudan,Female,1995,54.29835070938849
South Sudan,Female,1996,54.688086463431205
South Sudan,Female,1997,54.61996065826293
South Sudan,Female,1998,55.03082356422819
South Sudan,Female,1999,55.64023232579693
South Sudan,Female,2000,55.999851004629576
South Sudan,Female,2001,56.70487181325969
South Sudan,Female,2002,57.03395641653462
South Sudan,Female,2003,57.12548454617529
South Sudan,Female,2004,57.292709157649206
South Sudan,Female,2005,57.55106507257321
South Sudan,Female,2006,57.11020955899086
South Sudan,Female,2007,57.52622752988533
South Sudan,Female,2008,57.94874354757032
South Sudan,Female,2009,58.102204628445406
South Sudan,Female,2010,58.583767906254046
South Sudan,Female,2011,58.83058866855705
South Sudan,Female,2012,58.868805691833984
South Sudan,Female,2013,58.85845358273402
South Sudan,Female,2014,58.98789107528562
South Sudan,Female,2015,59.15583537662314
South Sudan,Female,2016,59.11604834650332
South Sudan,Female,2017,59.02781035102278
South Sudan,Female,2018,58.97057898481246
South Sudan,Female,2019,59.099823666702925
South Sudan,Female,2020,58.95127126327704
South Sudan,Female,2021,59.11340538839613
South Sudan,Female,2022,58.942035867027144
South Sudan,Female,2023,59.00629667935638
South Sudan,Male,1990,47.75194207019398
South Sudan,Male,1991,48.13952887558761
South Sudan,Male,1992,48.36845907291978
South Sudan,Male,1993,48.65931482104427
South Sudan,Male,1994,48.9902015411424
South Sudan,Male,1995,49.127990745378135
South Sudan,Male,1996,49.56937197313014
South Sudan,Male,1997,47.57371538358396
South Sudan,Male,1998,48.598491503599526
South Sudan,Male,1999,49.80561272377704
South Sudan,Male,2000,50.531233616100906
South Sudan,Male,2001,51.44552716788643
South Sudan,Male,2002,51.77801259097534
South Sudan,Male,2003,51.97257671132685
South Sudan,Male,2004,52.46883440748911
South Sudan,Male,2005,52.816900112620466
South Sudan,Male,2006,52.424765949750395
South Sudan,Male,2007,52.95714526659897
South Sudan,Male,2008,53.48304796939965
South Sudan,Male,2009,53.088136137947416
South Sudan,Male,2010,53.99354975526677
South Sudan,Male,2011,54.08295303550963
South Sudan,Male,2012,54.1561788408532
South Sudan,Male,2013,53.906426619447615
South Sudan,Male,2014,53.75201608038526
South Sudan,Male,2015,53.98353613311598
South Sudan,Male,2016,53.92483231931241
South Sudan,Male,2017,53.94296803657218
South Sudan,Male,2018,53.91150086461731
South Sudan,Male,2019,54.12833837468883
South Sudan,Male,2020,53.37930125206355
South Sudan,Male,2021,53.54851358994912
South Sudan,Male,2022,54.047319986829706
South Sudan,Male,2023,54.13244323929486
Spain,Female,1990,80.41730729390298
Spain,Female,1991,80.6095707193553
Spain,Female,1992,81.06435062500881
Spain,Female,1993,81.20749924818857
Spain,Female,1994,81.51056970767445
Spain,Female,1995,81.72603832509297
Spain,Female,1996,81.91530989238476
Spain,Female,1997,82.27320148698522
Spain,Female,1998,82.36685289278434
Spain,Female,1999,82.43409052871614
Spain,Female,2000,82.84282843317182
Spain,Female,2001,83.1267743801908
Spain,Female,2002,83.22538770558475
Spain,Female,2003,83.22103958769112
Spain,Female,2004,83.60307237674631
Spain,Female,2005,83.69181906981184
Spain,Female,2006,84.11701140995758
Spain,Female,2007,84.1866101549097
Spain,Female,2008,84.34969509816715
Spain,Female,2009,84.65220319179302
Spain,Female,2010,84.96731151358465
Spain,Female,2011,85.0887896875121
Spain,Female,2012,85.11341220290583
Spain,Female,2013,85.42399016148768
Spain,Female,2014,85.5318061634141
Spain,Female,2015,85.41252895195775
Spain,Female,2016,85.70860947856757
Spain,Female,2017,85.7442192206268
Spain,Female,2018,85.81307313525669
Spain,Female,2019,86.04896785115021
Spain,Female,2020,84.90818978427795
Spain,Female,2021,85.66803509885855
Spain,Female,2022,85.2817793245079
Spain,Female,2023,85.87013429161807
Spain,Male,1990,73.24243973273074
Spain,Male,1991,73.32701721272069
Spain,Male,1992,73.68411230643757
Spain,Male,1993,73.89841916927124
Spain,Male,1994,74.20251994707745
Spain,Male,1995,74.29202721802494
Spain,Male,1996,74.55112271402287
Spain,Male,1997,75.08829765193374
Spain,Male,1998,75.27144180561771
Spain,Male,1999,75.36149622930255
Spain,Male,2000,75.89604632684839
Spain,Male,2001,76.21602671859056
Spain,Male,2002,76.36804011781128
Spain,Male,2003,76.4749974938132
Spain,Male,2004,76.89474779494628
Spain,Male,2005,77.07771395923852
Spain,Male,2006,77.60361434176953
Spain,Male,2007,77.73590986348252
Spain,Male,2008,78.12222118232414
Spain,Male,2009,78.51756314536541
Spain,Male,2010,78.92430605091398
Spain,Male,2011,79.16078441180318
Spain,Male,2012,79.2811160068175
Spain,Male,2013,79.69109210479023
Spain,Male,2014,79.88624862111487
Spain,Male,2015,79.77230837255202
Spain,Male,2016,80.08212582522373
Spain,Male,2017,80.22023243332522
Spain,Male,2018,80.24305213490439
Spain,Male,2019,80.52347145347329
Spain,Male,2020,79.35444834188003
Spain,Male,2021,80.05848297918838
Spain,Male,2022,79.56245669842365
Spain,Male,2023,80.38612100426619
Sri Lanka,Female,1990,74.02151071769119
Sri Lanka,Female,1991,74.31521548548658
Sri Lanka,Female,1992,74.76956603066812
Sri Lanka,Female,1993,75.24394765034302
Sri Lanka,Female,1994,75.44660159440141
Sri Lanka,Female,1995,75.2993154965398
Sri Lanka,Female,1996,75.33551768594994
Sri Lanka,Female,1997,75.54637505866218
Sri Lanka,Female,1998,75.73879576376945
Sri Lanka,Female,1999,76.2439195565495
Sri Lanka,Female,2000,76.61692275512118
Sri Lanka,Female,2001,77.08413566352249
Sri Lanka,Female,2002,77.48934870387106
Sri Lanka,Female,2003,77.7370886696994
Sri Lanka,Female,2004,70.46676466029425
Sri Lanka,Female,2005,77.94203496140837
Sri Lanka,Female,2006,77.80301190920868
Sri Lanka,Female,2007,77.96634301911894
Sri Lanka,Female,2008,77.70281897433621
Sri Lanka,Female,2009,77.64647985556863
Sri Lanka,Female,2010,77.7702708490082
Sri Lanka,Female,2011,78.6876145924774
Sri Lanka,Female,2012,79.09185926733771
Sri Lanka,Female,2013,79.23820521131223
Sri Lanka,Female,2014,79.40589711407199
Sri Lanka,Female,2015,79.63440933531238
Sri Lanka,Female,2016,79.76083739551488
Sri Lanka,Female,2017,79.77263348791107
Sri Lanka,Female,2018,80.04821751934199
Sri Lanka,Female,2019,80.36676772570435
Sri Lanka,Female,2020,80.78248851391301
Sri Lanka,Female,2021,78.9944205536763
Sri Lanka,Female,2022,79.3431988955616
Sri Lanka,Female,2023,79.48237725432045
Sri Lanka,Male,1990,65.5405667825779
Sri Lanka,Male,1991,65.98863850640917
Sri Lanka,Male,1992,67.02512619898508
Sri Lanka,Male,1993,67.77634478086996
Sri Lanka,Male,1994,67.88240344137866
Sri Lanka,Male,1995,66.45570461820219
Sri Lanka,Male,1996,66.14326010688704
Sri Lanka,Male,1997,66.43115176133503
Sri Lanka,Male,1998,66.55424430810534
Sri Lanka,Male,1999,67.26453872975966
Sri Lanka,Male,2000,67.5258317332655
Sri Lanka,Male,2001,68.37869122715459
Sri Lanka,Male,2002,69.22544455376486
Sri Lanka,Male,2003,69.70333030790151
Sri Lanka,Male,2004,66.10361520425623
Sri Lanka,Male,2005,70.30193718330203
Sri Lanka,Male,2006,70.38373421750664
Sri Lanka,Male,2007,70.61817867501274
Sri Lanka,Male,2008,69.44730450756775
Sri Lanka,Male,2009,69.2790584846295
Sri Lanka,Male,2010,70.68544141326906
Sri Lanka,Male,2011,72.20795171228856
Sri Lanka,Male,2012,72.81986439561692
Sri Lanka,Male,2013,73.04276788526582
Sri Lanka,Male,2014,73.27108554106167
Sri Lanka,Male,2015,73.5307601382545
Sri Lanka,Male,2016,73.92165713481931
Sri Lanka,Male,2017,74.03034977300625
Sri Lanka,Male,2018,74.31856654545273
Sri Lanka,Male,2019,74.71661517693789
Sri Lanka,Male,2020,75.40667293955184
Sri Lanka,Male,2021,73.60712587491851
Sri Lanka,Male,2022,73.532278268732
Sri Lanka,Male,2023,73.60695667036246
Sudan,Female,1990,57.352662021513886
Sudan,Female,1991,57.80823266510031
Sudan,Female,1992,58.23472884478074
Sudan,Female,1993,58.47754928207854
Sudan,Female,1994,59.201587021902014
Sudan,Female,1995,59.60048589385664
Sudan,Female,1996,59.91647187970959
Sudan,Female,1997,60.34960459589286
Sudan,Female,1998,60.49708259516462
Sudan,Female,1999,61.236115724596864
Sudan,Female,2000,61.755776017202905
Sudan,Female,2001,62.293014252481214
Sudan,Female,2002,62.77550444448032
Sudan,Female,2003,63.32553603451956
Sudan,Female,2004,63.683414400719414
Sudan,Female,2005,64.56236402030378
Sudan,Female,2006,65.05816966073859
Sudan,Female,2007,65.69330786958201
Sudan,Female,2008,66.321255022151135
Sudan,Female,2009,66.67910314859975
Sudan,Female,2010,67.18736854614339
Sudan,Female,2011,67.64704290958998
Sudan,Female,2012,68.09015981671233
Sudan,Female,2013,68.39290201929482
Sudan,Female,2014,68.84847188100339
Sudan,Female,2015,69.02910161122239
Sudan,Female,2016,69.37345564094674
Sudan,Female,2017,69.68211863099714
Sudan,Female,2018,70.07595971539648
Sudan,Female,2019,70.32449349287309
Sudan,Female,2020,68.74871910364483
Sudan,Female,2021,69.23788919264166
Sudan,Female,2022,70.27504605780648
Sudan,Female,2023,70.51427214806671
Sudan,Male,1990,54.586351885881065
Sudan,Male,1991,55.1504485173448
Sudan,Male,1992,55.60339043550635
Sudan,Male,1993,55.47553947520528
Sudan,Male,1994,56.69887962571204
Sudan,Male,1995,56.94049043973935
Sudan,Male,1996,57.00965381588529
Sudan,Male,1997,57.1948470118803
Sudan,Male,1998,57.224527012696775
Sudan,Male,1999,58.346195933203795
Sudan,Male,2000,58.705011982761256
Sudan,Male,2001,59.273930395272856
Sudan,Male,2002,59.7932751690563
Sudan,Male,2003,60.19971978261863
Sudan,Male,2004,60.12985119349628
Sudan,Male,2005,61.7298317384111
Sudan,Male,2006,62.11920777497545
Sudan,Male,2007,62.79681819345772
Sudan,Male,2008,63.402552680401435
Sudan,Male,2009,63.62401827575698
Sudan,Male,2010,64.25631226721346
Sudan,Male,2011,64.67335062960859
Sudan,Male,2012,65.27136893494544
Sudan,Male,2013,65.54880822611425
Sudan,Male,2014,66.13787788678408
Sudan,Male,2015,66.36861008028308
Sudan,Male,2016,66.85710014444803
Sudan,Male,2017,67.41401519809571
Sudan,Male,2018,67.87799302604103
Sudan,Male,2019,68.19384093126126
Sudan,Male,2020,66.58508123992713
Sudan,Male,2021,67.21547706821376
Sudan,Male,2022,68.30576078089014
Sudan,Male,2023,67.33129538903029
Suriname,Female,1990,73.54721752979978
Suriname,Female,1991,73.6144323274028
Suriname,Female,1992,73.50836153228033
Suriname,Female,1993,73.47592889610043
Suriname,Female,1994,73.6090403596055
Suriname,Female,1995,73.85011294867769
Suriname,Female,1996,73.85277115873684
Suriname,Female,1997,73.84675447850245
Suriname,Female,1998,73.82612969613389
Suriname,Female,1999,73.75668328457321
Suriname,Female,2000,74.02229751275686
Suriname,Female,2001,74.13696972985362
Suriname,Female,2002,74.067320068347
Suriname,Female,2003,74.20530153651126
Suriname,Female,2004,74.35954982264812
Suriname,Female,2005,74.62665918709897
Suriname,Female,2006,74.83102007290195
Suriname,Female,2007,75.05427212064443
Suriname,Female,2008,75.13938564713081
Suriname,Female,2009,75.27154134118524
Suriname,Female,2010,75.4256073729291
Suriname,Female,2011,75.54725466571428
Suriname,Female,2012,75.61374647374308
Suriname,Female,2013,75.76837011923612
Suriname,Female,2014,75.80725397176727
Suriname,Female,2015,75.79804819403833
Suriname,Female,2016,75.84337164612002
Suriname,Female,2017,75.8804187163812
Suriname,Female,2018,75.90362421738726
Suriname,Female,2019,75.91746969387032
Suriname,Female,2020,75.30785687528993
Suriname,Female,2021,71.4718681302171
Suriname,Female,2022,74.96488706529314
Suriname,Female,2023,75.85566024021054
Suriname,Male,1990,68.13162570638288
Suriname,Male,1991,68.02791218160252
Suriname,Male,1992,67.8582215436966
Suriname,Male,1993,67.77284371262317
Suriname,Male,1994,67.79822830810754
Suriname,Male,1995,67.9521783321956
Suriname,Male,1996,68.05635577759178
Suriname,Male,1997,68.05863137247059
Suriname,Male,1998,67.9016433924262
Suriname,Male,1999,67.90119218180462
Suriname,Male,2000,68.06555625581265
Suriname,Male,2001,67.99972011692559
Suriname,Male,2002,68.04632499539007
Suriname,Male,2003,68.13583299688813
Suriname,Male,2004,68.346970067665
Suriname,Male,2005,68.53705969852581
Suriname,Male,2006,68.78206935928216
Suriname,Male,2007,68.98090422075106
Suriname,Male,2008,68.97571965889837
Suriname,Male,2009,69.35448911843447
Suriname,Male,2010,69.4778056334819
Suriname,Male,2011,69.704878628769265
Suriname,Male,2012,69.80362020832435
Suriname,Male,2013,69.71145531257123
Suriname,Male,2014,69.75745456927359
Suriname,Male,2015,69.9145082292074
Suriname,Male,2016,70.0030482380877
Suriname,Male,2017,70.11008866995037
Suriname,Male,2018,70.18295211194162
Suriname,Male,2019,70.21267842886765
Suriname,Male,2020,69.19712775493741
Suriname,Male,2021,64.6733268915424
Suriname,Male,2022,69.2477470311512
Suriname,Male,2023,70.3950776563278
Sweden,Female,1990,80.56712461780064
Sweden,Female,1991,80.70474411906004
Sweden,Female,1992,80.84687106713727
Sweden,Female,1993,81.00145426733407
Sweden,Female,1994,81.27777706516363
Sweden,Female,1995,81.53865242768838
Sweden,Female,1996,81.6115160350646
Sweden,Female,1997,81.78779576498818
Sweden,Female,1998,81.86317803061515
Sweden,Female,1999,81.90135048547167
Sweden,Female,2000,82.0281934095196
Sweden,Female,2001,82.09662223804918
Sweden,Female,2002,82.16235617043485
Sweden,Female,2003,82.41711445363401
Sweden,Female,2004,82.62942246552984
Sweden,Female,2005,82.76571919379977
Sweden,Female,2006,82.89250560258532
Sweden,Female,2007,83.00350709989377
Sweden,Female,2008,83.1772717631833
Sweden,Female,2009,83.36934314755342
Sweden,Female,2010,83.4810019759408
Sweden,Female,2011,83.62236455408856
Sweden,Female,2012,83.63843447498857
Sweden,Female,2013,83.80519464233673
Sweden,Female,2014,84.0181969490207
Sweden,Female,2015,84.08857665484327
Sweden,Female,2016,84.15398000106158
Sweden,Female,2017,84.20636324454607
Sweden,Female,2018,84.39604183627372
Sweden,Female,2019,84.75904722471667
Sweden,Female,2020,84.2552274587218
Sweden,Female,2021,84.74912791925048
Sweden,Female,2022,84.7484855406899
Sweden,Female,2023,84.97752705052164
Sweden,Male,1990,74.8742704579988
Sweden,Male,1991,75.06079065844249
Sweden,Male,1992,75.38373575105877
Sweden,Male,1993,75.65716395959757
Sweden,Male,1994,76.016774163142955
Sweden,Male,1995,76.27963021009361
Sweden,Male,1996,76.50681634440933
Sweden,Male,1997,76.72054518948681
Sweden,Male,1998,76.84927712359685
Sweden,Male,1999,77.08060810321041
Sweden,Male,2000,77.39774371850105
Sweden,Male,2001,77.62493412427949
Sweden,Male,2002,77.73669682831532
Sweden,Male,2003,77.96896159188518
Sweden,Male,2004,78.28853592874363
Sweden,Male,2005,78.45776328471972
Sweden,Male,2006,78.71201901324703
Sweden,Male,2007,78.96337727860511
Sweden,Male,2008,79.15671458022793
Sweden,Male,2009,79.40719197974249
Sweden,Male,2010,79.56678476613476
Sweden,Male,2011,79.78909463546591
Sweden,Male,2012,79.96196623002749
Sweden,Male,2013,80.19441884355007
Sweden,Male,2014,80.36693371751878
Sweden,Male,2015,80.44600110014717
Sweden,Male,2016,80.60134653515674
Sweden,Male,2017,80.76047300015846
Sweden,Male,2018,80.94084671388237
Sweden,Male,2019,81.25494185310474
Sweden,Male,2020,80.57840660947573
Sweden,Male,2021,81.20188422364735
Sweden,Male,2022,81.416506504055
Sweden,Male,2023,81.62095244939988
Switzerland,Female,1990,81.03140220243233
Switzerland,Female,1991,81.21033955837139
Switzerland,Female,1992,81.45031388498504
Switzerland,Female,1993,81.6212122656109
Switzerland,Female,1994,81.77740571559087
Switzerland,Female,1995,81.94053383916517
Switzerland,Female,1996,82.08021504155109
Switzerland,Female,1997,82.29857208185891
Switzerland,Female,1998,82.53291958300396
Switzerland,Female,1999,82.6580650607507
Switzerland,Female,2000,82.86369418213052
Switzerland,Female,2001,83.08214044124666
Switzerland,Female,2002,83.16081510947073
Switzerland,Female,2003,83.25389268264641
Switzerland,Female,2004,83.61558771053305
Switzerland,Female,2005,83.83895360220129
Switzerland,Female,2006,84.04237828951635
Switzerland,Female,2007,84.17210685589835
Switzerland,Female,2008,84.2772986235927
Switzerland,Female,2009,84.37859444620416
Switzerland,Female,2010,84.55498701926648
Switzerland,Female,2011,84.75847464593237
Switzerland,Female,2012,84.77816932068811
Switzerland,Female,2013,84.89422124075176
Switzerland,Female,2014,85.10474440945539
Switzerland,Female,2015,85.13329615667274
Switzerland,Female,2016,85.29999404634268
Switzerland,Female,2017,85.4162106892593
Switzerland,Female,2018,85.50914148027975
Switzerland,Female,2019,85.67034767308529
Switzerland,Female,2020,85.11099890157097
Switzerland,Female,2021,85.56507828592973
Switzerland,Female,2022,85.53888369873658
Switzerland,Female,2023,86.20024633605983
Switzerland,Male,1990,74.24489784422363
Switzerland,Male,1991,74.41618567742734
Switzerland,Male,1992,74.71110366091787
Switzerland,Male,1993,75.02153085951066
Switzerland,Male,1994,75.37803633611247
Switzerland,Male,1995,75.60099601755299
Switzerland,Male,1996,76.02577399500964
Switzerland,Male,1997,76.37274495007965
Switzerland,Male,1998,76.58635165344344
Switzerland,Male,1999,76.89763508720932
Switzerland,Male,2000,77.20399629752445
Switzerland,Male,2001,77.541033178422
Switzerland,Male,2002,77.8720824836018
Switzerland,Male,2003,78.11298952821454
Switzerland,Male,2004,78.58037897047214
Switzerland,Male,2005,78.8494999490845
Switzerland,Male,2006,79.1706385813545
Switzerland,Male,2007,79.43975433189547
Switzerland,Male,2008,79.71629456196845
Switzerland,Male,2009,79.90522055868219
Switzerland,Male,2010,80.12636752531601
Switzerland,Male,2011,80.41929308063075
Switzerland,Male,2012,80.613934531113415
Switzerland,Male,2013,80.79648982965621
Switzerland,Male,2014,81.01162264961896
Switzerland,Male,2015,81.09418511727978
Switzerland,Male,2016,81.40843994822679
Switzerland,Male,2017,81.61121580183654
Switzerland,Male,2018,81.76959242318446
Switzerland,Male,2019,81.95866346177088
Switzerland,Male,2020,81.12989645786163
Switzerland,Male,2021,81.65269007014628
Switzerland,Male,2022,81.72543371362494
Switzerland,Male,2023,82.56808852017086
Syrian Arab Republic,Female,1990,71.24537175447591
Syrian Arab Republic,Female,1991,71.25471821594563
Syrian Arab Republic,Female,1992,71.20367877804154
Syrian Arab Republic,Female,1993,71.3877303836836
Syrian Arab Republic,Female,1994,71.58795609780377
Syrian Arab Republic,Female,1995,71.78883299531985
Syrian Arab Republic,Female,1996,71.9666454263402
Syrian Arab Republic,Female,1997,72.21056876813032
Syrian Arab Republic,Female,1998,72.60713377104258
Syrian Arab Republic,Female,1999,72.90795729023641
Syrian Arab Republic,Female,2000,72.95820836030278
Syrian Arab Republic,Female,2001,73.17826789618566
Syrian Arab Republic,Female,2002,73.39296391323322
Syrian Arab Republic,Female,2003,73.69644937482903
Syrian Arab Republic,Female,2004,74.03903160121484
Syrian Arab Republic,Female,2005,74.43609326265157
Syrian Arab Republic,Female,2006,74.76207418463142
Syrian Arab Republic,Female,2007,75.09640759263877
Syrian Arab Republic,Female,2008,75.44765966821132
Syrian Arab Republic,Female,2009,75.77619793767862
Syrian Arab Republic,Female,2010,76.01588896654705
Syrian Arab Republic,Female,2011,76.01804726920942
Syrian Arab Republic,Female,2012,73.97258195245082
Syrian Arab Republic,Female,2013,72.87650819940161
Syrian Arab Republic,Female,2014,72.3700876092805
Syrian Arab Republic,Female,2015,73.05712585195027
Syrian Arab Republic,Female,2016,73.36049429354671
Syrian Arab Republic,Female,2017,74.44034298376164
Syrian Arab Republic,Female,2018,75.77897391593375
Syrian Arab Republic,Female,2019,76.69607343866637
Syrian Arab Republic,Female,2020,76.55786005333029
Syrian Arab Republic,Female,2021,76.13439593636014
Syrian Arab Republic,Female,2022,77.86732990979468
Syrian Arab Republic,Female,2023,77.07721945717253
Syrian Arab Republic,Male,1990,67.27660689510449
Syrian Arab Republic,Male,1991,67.47684168246774
Syrian Arab Republic,Male,1992,67.61918438317548
Syrian Arab Republic,Male,1993,67.91675170462884
Syrian Arab Republic,Male,1994,68.17559651599488
Syrian Arab Republic,Male,1995,68.45761240342802
Syrian Arab Republic,Male,1996,68.73144271431934
Syrian Arab Republic,Male,1997,68.98887219987952
Syrian Arab Republic,Male,1998,69.27021734935005
Syrian Arab Republic,Male,1999,69.61121449085054
Syrian Arab Republic,Male,2000,69.91820153876746
Syrian Arab Republic,Male,2001,70.29245836897394
Syrian Arab Republic,Male,2002,70.58567262623033
Syrian Arab Republic,Male,2003,70.93210919008176
Syrian Arab Republic,Male,2004,71.31806307984621
Syrian Arab Republic,Male,2005,71.71864532813032
Syrian Arab Republic,Male,2006,71.88574317825415
Syrian Arab Republic,Male,2007,72.2362793620527
Syrian Arab Republic,Male,2008,72.58952276719644
Syrian Arab Republic,Male,2009,72.88968709936634
Syrian Arab Republic,Male,2010,73.22441998303032
Syrian Arab Republic,Male,2011,72.68234200425981
Syrian Arab Republic,Male,2012,64.56218755238875
Syrian Arab Republic,Male,2013,60.90064544337256
Syrian Arab Republic,Male,2014,59.509045865264106
Syrian Arab Republic,Male,2015,61.4730338542571
Syrian Arab Republic,Male,2016,62.01610253879315
Syrian Arab Republic,Male,2017,64.94552779396821
Syrian Arab Republic,Male,2018,68.83619424617623
Syrian Arab Republic,Male,2019,71.54419466582787
Syrian Arab Republic,Male,2020,72.29360412403031
Syrian Arab Republic,Male,2021,72.49580503230695
Syrian Arab Republic,Male,2022,74.42290951755244
Syrian Arab Republic,Male,2023,73.90491103444089
Taiwan (Province of China),Female,1990,76.97802463034618
Taiwan (Province of China),Female,1991,77.25277512858489
Taiwan (Province of China),Female,1992,77.47540848814324
Taiwan (Province of China),Female,1993,77.77724313903632
Taiwan (Province of China),Female,1994,78.01964622325268
Taiwan (Province of China),Female,1995,78.14156007856602
Taiwan (Province of China),Female,1996,78.38959849650595
Taiwan (Province of China),Female,1997,78.84156817394614
Taiwan (Province of China),Female,1998,79.12711228953685
Taiwan (Province of China),Female,1999,79.02657237784405
Taiwan (Province of China),Female,2000,79.74259439597856
Taiwan (Province of China),Female,2001,80.02039781733565
Taiwan (Province of China),Female,2002,80.29613915574757
Taiwan (Province of China),Female,2003,80.45908407156976
Taiwan (Province of China),Female,2004,80.76263307975839
Taiwan (Province of China),Female,2005,81.08284437892168
Taiwan (Province of China),Female,2006,81.5205820648751
Taiwan (Province of China),Female,2007,81.67794739028007
Taiwan (Province of China),Female,2008,82.10853822851561
Taiwan (Province of China),Female,2009,82.32749664790401
Taiwan (Province of China),Female,2010,82.60799274102006
Taiwan (Province of China),Female,2011,82.70570902352043
Taiwan (Province of China),Female,2012,82.90897498804567
Taiwan (Province of China),Female,2013,83.07530770518431
Taiwan (Province of China),Female,2014,83.13470263717844
Taiwan (Province of China),Female,2015,83.3208103773087
Taiwan (Province of China),Female,2016,83.33529461862906
Taiwan (Province of China),Female,2017,83.53549170685268
Taiwan (Province of China),Female,2018,83.8061467076166
Taiwan (Province of China),Female,2019,84.0702837387056
Taiwan (Province of China),Female,2020,84.29795658970576
Taiwan (Province of China),Female,2021,84.12555871315985
Taiwan (Province of China),Female,2022,83.24548742090964
Taiwan (Province of China),Female,2023,83.8763699174523
Taiwan (Province of China),Male,1990,71.8787427146016
Taiwan (Province of China),Male,1991,72.1826474677903
Taiwan (Province of China),Male,1992,72.37348847506217
Taiwan (Province of China),Male,1993,72.55170803871954
Taiwan (Province of China),Male,1994,72.59392668033213
Taiwan (Province of China),Male,1995,72.59856935280932
Taiwan (Province of China),Male,1996,72.79052347277755
Taiwan (Province of China),Male,1997,73.17855844843358
Taiwan (Province of China),Male,1998,73.46611535356651
Taiwan (Province of China),Male,1999,73.55887250256457
Taiwan (Province of China),Male,2000,74.05759161634833
Taiwan (Province of China),Male,2001,74.31563105751137
Taiwan (Province of China),Male,2002,74.66349458372686
Taiwan (Province of China),Male,2003,74.80644804630766
Taiwan (Province of China),Male,2004,74.81367593659348
Taiwan (Province of China),Male,2005,74.88451996493271
Taiwan (Province of China),Male,2006,75.28088510702496
Taiwan (Province of China),Male,2007,75.51945818151458
Taiwan (Province of China),Male,2008,75.87617696147785
Taiwan (Province of China),Male,2009,76.14895399109017
Taiwan (Province of China),Male,2010,76.37660599332119
Taiwan (Province of China),Male,2011,76.38937936950357
Taiwan (Province of China),Male,2012,76.62271692422901
Taiwan (Province of China),Male,2013,76.8620217342992
Taiwan (Province of China),Male,2014,76.8404492468848
Taiwan (Province of China),Male,2015,76.9567243056162
Taiwan (Province of China),Male,2016,76.96487717552007
Taiwan (Province of China),Male,2017,77.26230921795431
Taiwan (Province of China),Male,2018,77.57341829422649
Taiwan (Province of China),Male,2019,77.84236556213804
Taiwan (Province of China),Male,2020,78.07205489763604
Taiwan (Province of China),Male,2021,77.8100042039037
Taiwan (Province of China),Male,2022,76.80175942170905
Taiwan (Province of China),Male,2023,77.30280507394173
Tajikistan,Female,1990,69.48276050518326
Tajikistan,Female,1991,68.98835024838917
Tajikistan,Female,1992,66.78451385540079
Tajikistan,Female,1993,64.65919271571224
Tajikistan,Female,1994,67.16352077482752
Tajikistan,Female,1995,67.8041674559417
Tajikistan,Female,1996,68.29660474751572
Tajikistan,Female,1997,69.56242684585042
Tajikistan,Female,1998,69.8766400574141
Tajikistan,Female,1999,70.2821029752401
Tajikistan,Female,2000,70.44230908233759
Tajikistan,Female,2001,70.45643789919832
Tajikistan,Female,2002,70.58118139831844
Tajikistan,Female,2003,70.79225639263453
Tajikistan,Female,2004,71.2111127876064
Tajikistan,Female,2005,71.65965234134627
Tajikistan,Female,2006,72.15531456345585
Tajikistan,Female,2007,72.54200903502021
Tajikistan,Female,2008,72.99096299861246
Tajikistan,Female,2009,73.30470089568018
Tajikistan,Female,2010,73.57067481341382
Tajikistan,Female,2011,73.80385327926034
Tajikistan,Female,2012,74.19822673866868
Tajikistan,Female,2013,74.62257284484244
Tajikistan,Female,2014,74.70394714571233
Tajikistan,Female,2015,74.58039059147865
Tajikistan,Female,2016,74.43809672968223
Tajikistan,Female,2017,74.61275808747311
Tajikistan,Female,2018,74.89633982699247
Tajikistan,Female,2019,74.80311186603828
Tajikistan,Female,2020,73.41294412027274
Tajikistan,Female,2021,72.15161459471179
Tajikistan,Female,2022,72.59460150565354
Tajikistan,Female,2023,73.01160801547326
Tajikistan,Male,1990,63.55757743647256
Tajikistan,Male,1991,63.0510093165614
Tajikistan,Male,1992,59.435413393223726
Tajikistan,Male,1993,52.464724811525286
Tajikistan,Male,1994,61.1086945333401
Tajikistan,Male,1995,61.29945879888456
Tajikistan,Male,1996,60.66589492283613
Tajikistan,Male,1997,63.34837647145755
Tajikistan,Male,1998,64.03012043398077
Tajikistan,Male,1999,65.21558519048183
Tajikistan,Male,2000,65.78414354747103
Tajikistan,Male,2001,66.12107787912691
Tajikistan,Male,2002,66.45012576128016
Tajikistan,Male,2003,66.77336202387164
Tajikistan,Male,2004,67.18870802602237
Tajikistan,Male,2005,67.60569642188199
Tajikistan,Male,2006,68.23390546910431
Tajikistan,Male,2007,68.78174406477662
Tajikistan,Male,2008,69.25976626858241
Tajikistan,Male,2009,69.6372540376414
Tajikistan,Male,2010,69.91390846861484
Tajikistan,Male,2011,70.2874981113135
Tajikistan,Male,2012,70.69842398442927
Tajikistan,Male,2013,71.09751423541681
Tajikistan,Male,2014,71.16594147953387
Tajikistan,Male,2015,70.99438934304885
Tajikistan,Male,2016,70.86476515179007
Tajikistan,Male,2017,71.251994547483
Tajikistan,Male,2018,71.82985812124414
Tajikistan,Male,2019,71.99559926144792
Tajikistan,Male,2020,70.56289564935794
Tajikistan,Male,2021,69.62622130734577
Tajikistan,Male,2022,70.19794836256789
Tajikistan,Male,2023,70.62152595967807
Thailand,Female,1990,75.33891225278715
Thailand,Female,1991,75.32870062238015
Thailand,Female,1992,75.27534785168564
Thailand,Female,1993,75.27985753086888
Thailand,Female,1994,75.14187794047768
Thailand,Female,1995,75.12393136770913
Thailand,Female,1996,75.6885786766214
Thailand,Female,1997,76.48583504680103
Thailand,Female,1998,76.0848651812659
Thailand,Female,1999,75.15449508123139
Thailand,Female,2000,74.80009177699253
Thailand,Female,2001,74.89308862316344
Thailand,Female,2002,75.11662502435274
Thailand,Female,2003,75.44720805387387
Thailand,Female,2004,75.17755065030948
Thailand,Female,2005,76.05455714595654
Thailand,Female,2006,76.67688888782219
Thailand,Female,2007,77.12366747229615
Thailand,Female,2008,77.62487683926135
Thailand,Female,2009,78.18638568213817
Thailand,Female,2010,78.40992968022896
Thailand,Female,2011,78.85551321975682
Thailand,Female,2012,79.34284965886707
Thailand,Female,2013,79.59096116391721
Thailand,Female,2014,79.83699019476741
Thailand,Female,2015,80.06431028336144
Thailand,Female,2016,80.2690518759317
Thailand,Female,2017,81.03152056978819
Thailand,Female,2018,81.47129187970378
Thailand,Female,2019,81.42176110016123
Thailand,Female,2020,81.68628799039847
Thailand,Female,2021,80.78204806884702
Thailand,Female,2022,80.52552357270739
Thailand,Female,2023,81.41733097463418
Thailand,Male,1990,68.57652918843078
Thailand,Male,1991,68.39154231040185
Thailand,Male,1992,68.08091855854275
Thailand,Male,1993,67.72769886437159
Thailand,Male,1994,66.98450698351589
Thailand,Male,1995,66.39308793189123
Thailand,Male,1996,66.90423399237197
Thailand,Male,1997,68.53887205701162
Thailand,Male,1998,68.689702837478407
Thailand,Male,1999,67.65580569386162
Thailand,Male,2000,67.3576979844157
Thailand,Male,2001,67.57029103630138
Thailand,Male,2002,67.89693935967983
Thailand,Male,2003,68.25279943405783
Thailand,Male,2004,68.3163839132023
Thailand,Male,2005,69.12097896758559
Thailand,Male,2006,69.8335169971393
Thailand,Male,2007,70.44153801244508
Thailand,Male,2008,71.08177592097664
Thailand,Male,2009,71.72641627615455
Thailand,Male,2010,71.95577629536912
Thailand,Male,2011,72.29148678056805
Thailand,Male,2012,72.59003759191046
Thailand,Male,2013,72.79081855415811
Thailand,Male,2014,73.03409762953852
Thailand,Male,2015,73.15339023551513
Thailand,Male,2016,73.1670703128659
Thailand,Male,2017,73.77220254077754
Thailand,Male,2018,74.15256031802967
Thailand,Male,2019,73.9578801175685
Thailand,Male,2020,74.0266329974581
Thailand,Male,2021,72.82927589931228
Thailand,Male,2022,72.55994837499831
Thailand,Male,2023,73.6673859742026
Timor-Leste,Female,1990,58.1657900809984
Timor-Leste,Female,1991,58.541206545058145
Timor-Leste,Female,1992,59.14897730808491
Timor-Leste,Female,1993,59.652218896891945
Timor-Leste,Female,1994,60.374073269864944
Timor-Leste,Female,1995,60.96861315090656
Timor-Leste,Female,1996,62.04639376781891
Timor-Leste,Female,1997,62.278657636503645
Timor-Leste,Female,1998,62.918238739315775
Timor-Leste,Female,1999,61.31653391713811
Timor-Leste,Female,2000,64.38544957483742
Timor-Leste,Female,2001,65.03178670698601
Timor-Leste,Female,2002,65.72473521649565
Timor-Leste,Female,2003,66.28798440208408
Timor-Leste,Female,2004,67.14875565280991
Timor-Leste,Female,2005,67.50730128563212
Timor-Leste,Female,2006,67.95622526610286
Timor-Leste,Female,2007,68.39053221322223
Timor-Leste,Female,2008,68.95189730610736
Timor-Leste,Female,2009,69.17562483734623
Timor-Leste,Female,2010,69.39679258566007
Timor-Leste,Female,2011,69.23329180254399
Timor-Leste,Female,2012,69.24219181464946
Timor-Leste,Female,2013,69.43388649538852
Timor-Leste,Female,2014,69.62883300816968
Timor-Leste,Female,2015,69.65671701497097
Timor-Leste,Female,2016,69.72691176534191
Timor-Leste,Female,2017,69.730888688266
Timor-Leste,Female,2018,69.74517089583786
Timor-Leste,Female,2019,69.86347582338193
Timor-Leste,Female,2020,69.76782696357792
Timor-Leste,Female,2021,69.57761727828691
Timor-Leste,Female,2022,70.01394846249083
Timor-Leste,Female,2023,70.09656531362472
Timor-Leste,Male,1990,56.84346820421414
Timor-Leste,Male,1991,56.75605501051935
Timor-Leste,Male,1992,57.56316361674929
Timor-Leste,Male,1993,57.793931995972336
Timor-Leste,Male,1994,58.746207820868335
Timor-Leste,Male,1995,59.0185960077269
Timor-Leste,Male,1996,61.202258863685046
Timor-Leste,Male,1997,59.91448205852654
Timor-Leste,Male,1998,60.39029145881134
Timor-Leste,Male,1999,52.82491322063295
Timor-Leste,Male,2000,62.87547997431636
Timor-Leste,Male,2001,63.399775199163045
Timor-Leste,Male,2002,63.956556501203806
Timor-Leste,Male,2003,64.61649884843786
Timor-Leste,Male,2004,65.55581372690932
Timor-Leste,Male,2005,65.86949866743177
Timor-Leste,Male,2006,66.16969173087449
Timor-Leste,Male,2007,66.65360207483474
Timor-Leste,Male,2008,67.29038626577835
Timor-Leste,Male,2009,67.51309239455415
Timor-Leste,Male,2010,67.71223042426416
Timor-Leste,Male,2011,67.62070130300343
Timor-Leste,Male,2012,67.67628090495586
Timor-Leste,Male,2013,67.87252122910364
Timor-Leste,Male,2014,68.1055022679295
Timor-Leste,Male,2015,68.1928583019104
Timor-Leste,Male,2016,68.36138677268083
Timor-Leste,Male,2017,68.47530357401274
Timor-Leste,Male,2018,68.59760437328984
Timor-Leste,Male,2019,68.82364260397729
Timor-Leste,Male,2020,68.80417868196187
Timor-Leste,Male,2021,68.69238284655478
Timor-Leste,Male,2022,69.38147897082092
Timor-Leste,Male,2023,69.64715353339923
Togo,Female,1990,58.23895893450611
Togo,Female,1991,58.47492416108563
Togo,Female,1992,58.64571787096461
Togo,Female,1993,58.62549954749608
Togo,Female,1994,58.62446477156307
Togo,Female,1995,58.6209600067596
Togo,Female,1996,58.49315853434455
Togo,Female,1997,58.25136814284043
Togo,Female,1998,58.10801273441016
Togo,Female,1999,58.199766387303434
Togo,Female,2000,57.94674305621016
Togo,Female,2001,58.04749045629691
Togo,Female,2002,58.1879943608685
Togo,Female,2003,58.656672875224686
Togo,Female,2004,59.13424622285071
Togo,Female,2005,59.5329739325962
Togo,Female,2006,59.87234389191767
Togo,Female,2007,60.251382457678496
Togo,Female,2008,60.36331557631247
Togo,Female,2009,60.72987393237668
Togo,Female,2010,61.29645050716381
Togo,Female,2011,61.95016780024631
Togo,Female,2012,62.60626944824428
Togo,Female,2013,63.27996840690196
Togo,Female,2014,63.86044240829158
Togo,Female,2015,63.950746641711305
Togo,Female,2016,64.34377405452253
Togo,Female,2017,64.56433560959945
Togo,Female,2018,64.97309708060806
Togo,Female,2019,65.31110405733679
Togo,Female,2020,65.29250673658638
Togo,Female,2021,65.16285171308868
Togo,Female,2022,65.81543417275252
Togo,Female,2023,66.19955834387787
Togo,Male,1990,53.43179719471861
Togo,Male,1991,53.5349551477287
Togo,Male,1992,53.74547336416753
Togo,Male,1993,53.74896767225195
Togo,Male,1994,53.73439805524622
Togo,Male,1995,53.742041291144155
Togo,Male,1996,53.615376933898766
Togo,Male,1997,53.44071538709527
Togo,Male,1998,53.525400917898
Togo,Male,1999,53.7206023315284
Togo,Male,2000,53.64407241639619
Togo,Male,2001,53.83477584879715
Togo,Male,2002,54.175004253022706
Togo,Male,2003,54.75116783921468
Togo,Male,2004,55.26980390854135
Togo,Male,2005,55.4883641955655
Togo,Male,2006,56.12154495275474
Togo,Male,2007,56.53775835161003
Togo,Male,2008,56.77264089539176
Togo,Male,2009,57.1509974624155
Togo,Male,2010,57.68318487285841
Togo,Male,2011,58.279067601779616
Togo,Male,2012,58.80179574461849
Togo,Male,2013,59.18208258471549
Togo,Male,2014,59.49611767041511
Togo,Male,2015,59.70333385810042
Togo,Male,2016,60.155865369231094
Togo,Male,2017,60.464992929717646
Togo,Male,2018,61.04008484660226
Togo,Male,2019,61.55435925072529
Togo,Male,2020,61.33095639450426
Togo,Male,2021,61.25556983370041
Togo,Male,2022,62.20607944681959
Togo,Male,2023,62.764039834140355
Tokelau,Female,1990,73.68977078761247
Tokelau,Female,1991,73.73267793965917
Tokelau,Female,1992,73.78073606034718
Tokelau,Female,1993,73.8090185483599
Tokelau,Female,1994,73.84670044489746
Tokelau,Female,1995,73.88543310881178
Tokelau,Female,1996,73.93155244284104
Tokelau,Female,1997,73.98013902015951
Tokelau,Female,1998,74.01904141828311
Tokelau,Female,1999,74.12258672754157
Tokelau,Female,2000,74.2277611855845
Tokelau,Female,2001,74.31881116335927
Tokelau,Female,2002,74.39884221101678
Tokelau,Female,2003,74.47556226175257
Tokelau,Female,2004,74.53882647473826
Tokelau,Female,2005,74.6342435308816
Tokelau,Female,2006,74.74492554390798
Tokelau,Female,2007,74.90296561058864
Tokelau,Female,2008,75.04112784477626
Tokelau,Female,2009,75.11276590624607
Tokelau,Female,2010,75.18323674932806
Tokelau,Female,2011,75.2895852971732
Tokelau,Female,2012,75.39088893635287
Tokelau,Female,2013,75.48849415436608
Tokelau,Female,2014,75.55275280739596
Tokelau,Female,2015,75.63785737206092
Tokelau,Female,2016,75.72141688604013
Tokelau,Female,2017,75.84369846437338
Tokelau,Female,2018,75.92399220015868
Tokelau,Female,2019,75.99654327859558
Tokelau,Female,2020,76.88447251083602
Tokelau,Female,2021,75.85193290890152
Tokelau,Female,2022,75.82071650335617
Tokelau,Female,2023,76.08518734279448
Tokelau,Male,1990,70.09421182573382
Tokelau,Male,1991,70.23213155745357
Tokelau,Male,1992,70.3777678214564
Tokelau,Male,1993,70.51763156307621
Tokelau,Male,1994,70.66628701040594
Tokelau,Male,1995,70.80581383898513
Tokelau,Male,1996,70.94394815819653
Tokelau,Male,1997,71.07075492326561
Tokelau,Male,1998,71.21269923038848
Tokelau,Male,1999,71.39629315630991
Tokelau,Male,2000,71.57391521851984
Tokelau,Male,2001,71.73621251177714
Tokelau,Male,2002,71.89004448536824
Tokelau,Male,2003,72.0655463057363
Tokelau,Male,2004,72.23903993477356
Tokelau,Male,2005,72.42121529819164
Tokelau,Male,2006,72.60382576666599
Tokelau,Male,2007,72.8155338124739
Tokelau,Male,2008,73.03403453341781
Tokelau,Male,2009,73.19333574361733
Tokelau,Male,2010,73.35242662318146
Tokelau,Male,2011,73.52897073795855
Tokelau,Male,2012,73.6833906566562
Tokelau,Male,2013,73.84741635324556
Tokelau,Male,2014,73.98489874892422
Tokelau,Male,2015,74.1376297413609
Tokelau,Male,2016,74.28677705947403
Tokelau,Male,2017,74.46576627973347
Tokelau,Male,2018,74.61331909535672
Tokelau,Male,2019,74.75047457315607
Tokelau,Male,2020,74.98601940198803
Tokelau,Male,2021,73.01555218153027
Tokelau,Male,2022,74.23786966989974
Tokelau,Male,2023,74.74931720891914
Tonga,Female,1990,73.5264827364559
Tonga,Female,1991,73.6314488954862
Tonga,Female,1992,73.74068781800008
Tonga,Female,1993,73.74150711071601
Tonga,Female,1994,73.75893898979766
Tonga,Female,1995,73.82536230762369
Tonga,Female,1996,73.8626867269806
Tonga,Female,1997,73.84879682954147
Tonga,Female,1998,73.78865746072161
Tonga,Female,1999,73.8038677791143
Tonga,Female,2000,73.85841328700573
Tonga,Female,2001,73.9039103811943
Tonga,Female,2002,73.94394721215107
Tonga,Female,2003,73.95342802979981
Tonga,Female,2004,73.88842372798821
Tonga,Female,2005,73.8684559141475
Tonga,Female,2006,73.84048289589408
Tonga,Female,2007,73.79220340244785
Tonga,Female,2008,73.74076924892928
Tonga,Female,2009,72.27940110565238
Tonga,Female,2010,73.57343455572097
Tonga,Female,2011,73.52349983666028
Tonga,Female,2012,73.48763506435658
Tonga,Female,2013,73.46013504013474
Tonga,Female,2014,73.42797163655564
Tonga,Female,2015,73.46083275327831
Tonga,Female,2016,73.46415404567173
Tonga,Female,2017,73.51233962039335
Tonga,Female,2018,73.56406785741659
Tonga,Female,2019,73.62453370417695
Tonga,Female,2020,72.88428506603385
Tonga,Female,2021,70.85616686080392
Tonga,Female,2022,72.60829110069307
Tonga,Female,2023,72.92939486712926
Tonga,Male,1990,67.97856450484991
Tonga,Male,1991,68.12756702252356
Tonga,Male,1992,68.23567817518273
Tonga,Male,1993,68.3224655904515
Tonga,Male,1994,68.42417956830498
Tonga,Male,1995,68.58389611960077
Tonga,Male,1996,68.67452076415763
Tonga,Male,1997,68.7156795755936
Tonga,Male,1998,68.70160403664899
Tonga,Male,1999,68.66607214901019
Tonga,Male,2000,68.77072641397884
Tonga,Male,2001,68.94559655594536
Tonga,Male,2002,69.04726198326259
Tonga,Male,2003,69.1558094333262
Tonga,Male,2004,69.31973391524589
Tonga,Male,2005,69.57368935419288
Tonga,Male,2006,69.6389028991082
Tonga,Male,2007,69.69753283157534
Tonga,Male,2008,69.78161859903506
Tonga,Male,2009,66.23209458066276
Tonga,Male,2010,69.82938297254947
Tonga,Male,2011,69.9093639603376
Tonga,Male,2012,69.97435174219812
Tonga,Male,2013,70.04840221525951
Tonga,Male,2014,70.13416074738468
Tonga,Male,2015,70.25968770183987
Tonga,Male,2016,70.3799714356624
Tonga,Male,2017,70.53320269758034
Tonga,Male,2018,70.66943350424454
Tonga,Male,2019,70.7967282809459
Tonga,Male,2020,70.17185225177808
Tonga,Male,2021,68.30172845543795
Tonga,Male,2022,70.04102527850372
Tonga,Male,2023,70.39225305043767
Trinidad and Tobago,Female,1990,71.38224375730661
Trinidad and Tobago,Female,1991,71.45261936409084
Trinidad and Tobago,Female,1992,71.41387625017335
Trinidad and Tobago,Female,1993,71.42575113162434
Trinidad and Tobago,Female,1994,71.44889110815654
Trinidad and Tobago,Female,1995,71.44595501055579
Trinidad and Tobago,Female,1996,71.46148146864276
Trinidad and Tobago,Female,1997,71.57306579631306
Trinidad and Tobago,Female,1998,71.7291243434295
Trinidad and Tobago,Female,1999,71.87615721261723
Trinidad and Tobago,Female,2000,72.28864640760412
Trinidad and Tobago,Female,2001,72.72030056346944
Trinidad and Tobago,Female,2002,73.16208555955849
Trinidad and Tobago,Female,2003,73.38623334222513
Trinidad and Tobago,Female,2004,73.95443822283258
Trinidad and Tobago,Female,2005,74.32004551162464
Trinidad and Tobago,Female,2006,74.75295077797784
Trinidad and Tobago,Female,2007,75.19223911526157
Trinidad and Tobago,Female,2008,75.55775087369508
Trinidad and Tobago,Female,2009,75.88743005447077
Trinidad and Tobago,Female,2010,76.19267594234415
Trinidad and Tobago,Female,2011,76.57582080670579
Trinidad and Tobago,Female,2012,76.86773987801391
Trinidad and Tobago,Female,2013,76.84437115299039
Trinidad and Tobago,Female,2014,76.84113317909521
Trinidad and Tobago,Female,2015,76.83317836526732
Trinidad and Tobago,Female,2016,76.84132571144453
Trinidad and Tobago,Female,2017,76.92434810373595
Trinidad and Tobago,Female,2018,76.97342523212974
Trinidad and Tobago,Female,2019,76.96327046269946
Trinidad and Tobago,Female,2020,76.2740230760915
Trinidad and Tobago,Female,2021,73.18329282870968
Trinidad and Tobago,Female,2022,74.89709516420083
Trinidad and Tobago,Female,2023,76.2291743294175
Trinidad and Tobago,Male,1990,66.84204448731887
Trinidad and Tobago,Male,1991,66.93094027308588
Trinidad and Tobago,Male,1992,66.97990040346707
Trinidad and Tobago,Male,1993,66.88248354947683
Trinidad and Tobago,Male,1994,66.74496243307193
Trinidad and Tobago,Male,1995,66.88291942455575
Trinidad and Tobago,Male,1996,66.75972976651903
Trinidad and Tobago,Male,1997,66.84367082013372
Trinidad and Tobago,Male,1998,66.84404095497534
Trinidad and Tobago,Male,1999,66.93781970847658
Trinidad and Tobago,Male,2000,67.16313000620313
Trinidad and Tobago,Male,2001,67.38020233357157
Trinidad and Tobago,Male,2002,67.66876502289674
Trinidad and Tobago,Male,2003,67.78522557836264
Trinidad and Tobago,Male,2004,68.12165073866353
Trinidad and Tobago,Male,2005,68.47788641039823
Trinidad and Tobago,Male,2006,68.89911432425453
Trinidad and Tobago,Male,2007,69.30531470379137
Trinidad and Tobago,Male,2008,69.5442758620286
Trinidad and Tobago,Male,2009,69.9960215163389
Trinidad and Tobago,Male,2010,70.32186559176992
Trinidad and Tobago,Male,2011,70.69006047069662
Trinidad and Tobago,Male,2012,71.03074640193181
Trinidad and Tobago,Male,2013,71.13467384180822
Trinidad and Tobago,Male,2014,71.12174018494801
Trinidad and Tobago,Male,2015,71.02816945729583
Trinidad and Tobago,Male,2016,70.85112499542744
Trinidad and Tobago,Male,2017,70.8190334916108
Trinidad and Tobago,Male,2018,70.82513871891166
Trinidad and Tobago,Male,2019,70.74210625657209
Trinidad and Tobago,Male,2020,69.72496538517281
Trinidad and Tobago,Male,2021,66.25705548243162
Trinidad and Tobago,Male,2022,68.46293548279255
Trinidad and Tobago,Male,2023,70.30458178905837
Tunisia,Female,1990,71.41875999393723
Tunisia,Female,1991,71.67566831220775
Tunisia,Female,1992,72.026648821824935
Tunisia,Female,1993,72.33521055478803
Tunisia,Female,1994,72.64946068367007
Tunisia,Female,1995,72.81718918041884
Tunisia,Female,1996,73.09333151598965
Tunisia,Female,1997,73.38869474897821
Tunisia,Female,1998,73.58840151933559
Tunisia,Female,1999,73.83648903777546
Tunisia,Female,2000,74.14541123599795
Tunisia,Female,2001,74.4265898619949
Tunisia,Female,2002,74.70898378189533
Tunisia,Female,2003,74.98031259602591
Tunisia,Female,2004,75.27737274238756
Tunisia,Female,2005,75.55689277512079
Tunisia,Female,2006,75.80976491965413
Tunisia,Female,2007,76.0172433083005
Tunisia,Female,2008,76.22752917416481
Tunisia,Female,2009,76.44544197481675
Tunisia,Female,2010,76.69393333026147
Tunisia,Female,2011,76.87024241844004
Tunisia,Female,2012,77.11251971593043
Tunisia,Female,2013,77.35867404736652
Tunisia,Female,2014,77.52882090783913
Tunisia,Female,2015,77.69069780510897
Tunisia,Female,2016,77.8847968915676
Tunisia,Female,2017,77.98685489009786
Tunisia,Female,2018,78.17035988082357
Tunisia,Female,2019,78.3641627913977
Tunisia,Female,2020,75.48090940642827
Tunisia,Female,2021,72.95185969033028
Tunisia,Female,2022,77.28742074254347
Tunisia,Female,2023,77.93583505009063
Tunisia,Male,1990,66.77013288092431
Tunisia,Male,1991,66.94958669093641
Tunisia,Male,1992,67.25467959800098
Tunisia,Male,1993,67.51261049669716
Tunisia,Male,1994,67.77302078793052
Tunisia,Male,1995,67.98347848153743
Tunisia,Male,1996,68.2148674489945
Tunisia,Male,1997,68.47036866692505
Tunisia,Male,1998,68.6460122567633
Tunisia,Male,1999,68.8402183285105
Tunisia,Male,2000,69.05319405324379
Tunisia,Male,2001,69.28045320828507
Tunisia,Male,2002,69.4933215981254
Tunisia,Male,2003,69.6943295228887
Tunisia,Male,2004,69.93249384065865
Tunisia,Male,2005,70.152602757858
Tunisia,Male,2006,70.35054511472744
Tunisia,Male,2007,70.55554218002005
Tunisia,Male,2008,70.78599652619431
Tunisia,Male,2009,70.9975770619693
Tunisia,Male,2010,71.23712037550678
Tunisia,Male,2011,71.38525364670794
Tunisia,Male,2012,71.65933764283655
Tunisia,Male,2013,71.90780111919601
Tunisia,Male,2014,72.10685577801962
Tunisia,Male,2015,72.26603236074361
Tunisia,Male,2016,72.53683522558941
Tunisia,Male,2017,72.71868251542386
Tunisia,Male,2018,72.96787432304315
Tunisia,Male,2019,73.31077719606745
Tunisia,Male,2020,70.2997813623688
Tunisia,Male,2021,68.16266971821935
Tunisia,Male,2022,72.66812843071347
Tunisia,Male,2023,73.3593404145441
Turkey,Female,1990,71.17451611395644
Turkey,Female,1991,71.6180648623745
Turkey,Female,1992,71.85703895060749
Turkey,Female,1993,72.14114665682453
Turkey,Female,1994,72.38938293753986
Turkey,Female,1995,72.74058180192785
Turkey,Female,1996,73.36738269313658
Turkey,Female,1997,73.81423770517173
Turkey,Female,1998,74.19053595618834
Turkey,Female,1999,73.99721558242291
Turkey,Female,2000,75.34859089931545
Turkey,Female,2001,75.95900319821537
Turkey,Female,2002,76.44542509145354
Turkey,Female,2003,76.84309202759943
Turkey,Female,2004,77.30426985962337
Turkey,Female,2005,77.47156761499605
Turkey,Female,2006,77.56897380498043
Turkey,Female,2007,77.90808826112061
Turkey,Female,2008,78.60612009501163
Turkey,Female,2009,79.58754962676218
Turkey,Female,2010,79.99682720204356
Turkey,Female,2011,79.95285683861576
Turkey,Female,2012,79.94618292159242
Turkey,Female,2013,79.57775387615365
Turkey,Female,2014,79.20857868032745
Turkey,Female,2015,79.09914517352891
Turkey,Female,2016,79.12219603386833
Turkey,Female,2017,79.45944553659375
Turkey,Female,2018,79.92107723140195
Turkey,Female,2019,80.11431405708025
Turkey,Female,2020,79.23896141714971
Turkey,Female,2021,78.15216936970627
Turkey,Female,2022,79.60336140060558
Turkey,Female,2023,78.33982589187121
Turkey,Male,1990,65.22369304332004
Turkey,Male,1991,65.55473535439582
Turkey,Male,1992,65.65090232238155
Turkey,Male,1993,65.83240329229025
Turkey,Male,1994,65.86567885976895
Turkey,Male,1995,66.22590581224992
Turkey,Male,1996,66.79624874656618
Turkey,Male,1997,67.314028844952
Turkey,Male,1998,67.7471465965816
Turkey,Male,1999,67.96425558866436
Turkey,Male,2000,69.22350095298944
Turkey,Male,2001,69.93940884952514
Turkey,Male,2002,70.56274146361042
Turkey,Male,2003,71.07052313699761
Turkey,Male,2004,71.54943491859198
Turkey,Male,2005,71.77011268144958
Turkey,Male,2006,71.84606365251054
Turkey,Male,2007,72.20243052413299
Turkey,Male,2008,72.95154445745067
Turkey,Male,2009,74.08626846330392
Turkey,Male,2010,74.55287930888788
Turkey,Male,2011,74.5092393352595
Turkey,Male,2012,74.46750770562305
Turkey,Male,2013,74.02186015530225
Turkey,Male,2014,73.7660860677978
Turkey,Male,2015,73.69044788532968
Turkey,Male,2016,73.64358503955911
Turkey,Male,2017,74.00158327084954
Turkey,Male,2018,74.44161932018551
Turkey,Male,2019,74.68326639155782
Turkey,Male,2020,73.38471954334112
Turkey,Male,2021,72.77855803083457
Turkey,Male,2022,74.25129002035399
Turkey,Male,2023,73.8807856137464
Turkmenistan,Female,1990,69.43382568877787
Turkmenistan,Female,1991,69.23950484921073
Turkmenistan,Female,1992,68.90505726348056
Turkmenistan,Female,1993,68.39986683979261
Turkmenistan,Female,1994,68.23059768024898
Turkmenistan,Female,1995,68.18739511762959
Turkmenistan,Female,1996,68.2508353504718
Turkmenistan,Female,1997,68.65480581822744
Turkmenistan,Female,1998,69.2409010129926
Turkmenistan,Female,1999,69.80559790866779
Turkmenistan,Female,2000,70.23682779155304
Turkmenistan,Female,2001,70.47042250943248
Turkmenistan,Female,2002,70.56148772784299
Turkmenistan,Female,2003,70.58113589557293
Turkmenistan,Female,2004,70.81279400399912
Turkmenistan,Female,2005,71.01995394860359
Turkmenistan,Female,2006,71.33908516123957
Turkmenistan,Female,2007,71.5270408890017
Turkmenistan,Female,2008,72.02238377198664
Turkmenistan,Female,2009,72.54467097084222
Turkmenistan,Female,2010,72.92679393865178
Turkmenistan,Female,2011,72.93686475345933
Turkmenistan,Female,2012,72.96562923923427
Turkmenistan,Female,2013,73.08274978316767
Turkmenistan,Female,2014,72.8988834218781
Turkmenistan,Female,2015,72.9048766894581
Turkmenistan,Female,2016,73.03762105807184
Turkmenistan,Female,2017,73.02592966095581
Turkmenistan,Female,2018,73.174423297105065
Turkmenistan,Female,2019,73.37341308046192
Turkmenistan,Female,2020,72.4104922031355
Turkmenistan,Female,2021,71.86764745374465
Turkmenistan,Female,2022,73.54126279795
Turkmenistan,Female,2023,74.09285187350683
Turkmenistan,Male,1990,62.48615856028551
Turkmenistan,Male,1991,62.046858980995026
Turkmenistan,Male,1992,61.81987577657694
Turkmenistan,Male,1993,61.43908348849892
Turkmenistan,Male,1994,61.18344313668169
Turkmenistan,Male,1995,61.016083566727744
Turkmenistan,Male,1996,60.956997655064754
Turkmenistan,Male,1997,61.22993499562245
Turkmenistan,Male,1998,61.75109646723646
Turkmenistan,Male,1999,62.43891001808488
Turkmenistan,Male,2000,62.904505809929056
Turkmenistan,Male,2001,63.151846736435864
Turkmenistan,Male,2002,63.24421439802818
Turkmenistan,Male,2003,63.16484372088418
Turkmenistan,Male,2004,63.219389998813966
Turkmenistan,Male,2005,63.31551453618669
Turkmenistan,Male,2006,63.695022835128874
Turkmenistan,Male,2007,64.08715174440093
Turkmenistan,Male,2008,64.73989181810384
Turkmenistan,Male,2009,65.51418571809778
Turkmenistan,Male,2010,66.04159076856796
Turkmenistan,Male,2011,66.25475745428172
Turkmenistan,Male,2012,66.31483073522504
Turkmenistan,Male,2013,66.2564019801835
Turkmenistan,Male,2014,66.11516516843261
Turkmenistan,Male,2015,66.1212334885744
Turkmenistan,Male,2016,66.28805423575417
Turkmenistan,Male,2017,66.51100744142556
Turkmenistan,Male,2018,66.72970563885445
Turkmenistan,Male,2019,67.0123395828267
Turkmenistan,Male,2020,65.8594068824124
Turkmenistan,Male,2021,65.64384129684537
Turkmenistan,Male,2022,67.4723707874743
Turkmenistan,Male,2023,68.24625812632559
Tuvalu,Female,1990,63.12405665185014
Tuvalu,Female,1991,63.38288200519813
Tuvalu,Female,1992,63.64342184264502
Tuvalu,Female,1993,63.86151633264703
Tuvalu,Female,1994,64.08535318795813
Tuvalu,Female,1995,64.22955962199995
Tuvalu,Female,1996,64.32336847072835
Tuvalu,Female,1997,64.41553885674102
Tuvalu,Female,1998,64.56071414302038
Tuvalu,Female,1999,64.73802332569215
Tuvalu,Female,2000,62.12777188576114
Tuvalu,Female,2001,65.03045539584404
Tuvalu,Female,2002,65.19670011074038
Tuvalu,Female,2003,65.35664898137352
Tuvalu,Female,2004,65.5076700778189
Tuvalu,Female,2005,65.64904874434538
Tuvalu,Female,2006,65.74877962106115
Tuvalu,Female,2007,65.87361221224192
Tuvalu,Female,2008,66.01187632006885
Tuvalu,Female,2009,66.07817738018906
Tuvalu,Female,2010,66.12502991330224
Tuvalu,Female,2011,66.19717598820291
Tuvalu,Female,2012,66.24045045424712
Tuvalu,Female,2013,66.28606332511538
Tuvalu,Female,2014,66.3581575368683
Tuvalu,Female,2015,66.44773471427938
Tuvalu,Female,2016,66.5172672836363
Tuvalu,Female,2017,66.63308734607129
Tuvalu,Female,2018,66.72975672179159
Tuvalu,Female,2019,66.87690926220351
Tuvalu,Female,2020,66.54185744322061
Tuvalu,Female,2021,65.46706479811962
Tuvalu,Female,2022,66.61794035843474
Tuvalu,Female,2023,66.78967895315616
Tuvalu,Male,1990,56.24147444563288
Tuvalu,Male,1991,56.53549463891658
Tuvalu,Male,1992,56.8440624290978
Tuvalu,Male,1993,57.13115156965864
Tuvalu,Male,1994,57.41597750260393
Tuvalu,Male,1995,57.64314438898073
Tuvalu,Male,1996,57.8007248185253
Tuvalu,Male,1997,57.971246739876605
Tuvalu,Male,1998,58.18398810688873
Tuvalu,Male,1999,58.41148216256059
Tuvalu,Male,2000,54.869443926752304
Tuvalu,Male,2001,58.77407112425087
Tuvalu,Male,2002,58.96532094380014
Tuvalu,Male,2003,59.139586293309286
Tuvalu,Male,2004,59.28409648843219
Tuvalu,Male,2005,59.434868422332016
Tuvalu,Male,2006,59.57817354094987
Tuvalu,Male,2007,59.71151382504075
Tuvalu,Male,2008,59.85986131852963
Tuvalu,Male,2009,59.93470100958796
Tuvalu,Male,2010,59.99794678448454
Tuvalu,Male,2011,60.07908138887101
Tuvalu,Male,2012,60.12758813656675
Tuvalu,Male,2013,60.172661920717744
Tuvalu,Male,2014,60.25172199522143
Tuvalu,Male,2015,60.36903322301328
Tuvalu,Male,2016,60.45322855980038
Tuvalu,Male,2017,60.57205101581294
Tuvalu,Male,2018,60.67037207425098
Tuvalu,Male,2019,60.82198578501131
Tuvalu,Male,2020,60.26675363323369
Tuvalu,Male,2021,58.51190953025544
Tuvalu,Male,2022,60.25538020711417
Tuvalu,Male,2023,60.38606789200712
Uganda,Female,1990,50.0508009187331
Uganda,Female,1991,49.35106967509499
Uganda,Female,1992,49.089507383434345
Uganda,Female,1993,48.859387717642875
Uganda,Female,1994,48.78683838802372
Uganda,Female,1995,49.01142738838696
Uganda,Female,1996,49.26557310738886
Uganda,Female,1997,49.71522665766921
Uganda,Female,1998,50.19980743178594
Uganda,Female,1999,50.76390104923225
Uganda,Female,2000,51.16637441506205
Uganda,Female,2001,52.1284809521024
Uganda,Female,2002,53.07972992390808
Uganda,Female,2003,54.373832326638635
Uganda,Female,2004,56.07421120131933
Uganda,Female,2005,57.834809802755174
Uganda,Female,2006,58.589965232856215
Uganda,Female,2007,59.14905802007908
Uganda,Female,2008,60.26252426821877
Uganda,Female,2009,61.29756698673186
Uganda,Female,2010,62.25612179376943
Uganda,Female,2011,63.01885979194092
Uganda,Female,2012,63.82170687133302
Uganda,Female,2013,64.8987338540783
Uganda,Female,2014,65.72806545417878
Uganda,Female,2015,66.25570602677108
Uganda,Female,2016,66.68364615529929
Uganda,Female,2017,67.03811626325229
Uganda,Female,2018,67.402961973835545
Uganda,Female,2019,67.77058714055933
Uganda,Female,2020,67.62665935480754
Uganda,Female,2021,65.21187743136602
Uganda,Female,2022,67.71683299937195
Uganda,Female,2023,68.1053397117421
Uganda,Male,1990,44.28255156672578
Uganda,Male,1991,43.785622892466634
Uganda,Male,1992,43.80371847489341
Uganda,Male,1993,43.79335461816759
Uganda,Male,1994,43.860122450417286
Uganda,Male,1995,44.13413817620318
Uganda,Male,1996,44.33505082536926
Uganda,Male,1997,44.81013950314337
Uganda,Male,1998,45.25057574575777
Uganda,Male,1999,45.7436423612161
Uganda,Male,2000,46.14618501965982
Uganda,Male,2001,47.12192849816318
Uganda,Male,2002,47.96651787721408
Uganda,Male,2003,49.208748434212026
Uganda,Male,2004,50.813251560581065
Uganda,Male,2005,52.63916231829831
Uganda,Male,2006,53.42560527523972
Uganda,Male,2007,53.8250038912623
Uganda,Male,2008,54.70919841515895
Uganda,Male,2009,55.63953470045243
Uganda,Male,2010,56.480456485749535
Uganda,Male,2011,57.13718494874488
Uganda,Male,2012,57.50679564090533
Uganda,Male,2013,57.99310794310589
Uganda,Male,2014,58.60180073177091
Uganda,Male,2015,59.309883314046495
Uganda,Male,2016,59.956981887323394
Uganda,Male,2017,60.71414722785042
Uganda,Male,2018,61.38204462574852
Uganda,Male,2019,61.98868254087982
Uganda,Male,2020,61.51135382208915
Uganda,Male,2021,58.29877360068257
Uganda,Male,2022,62.35718488513875
Uganda,Male,2023,63.075343954005206
Ukraine,Female,1990,74.96077298120257
Ukraine,Female,1991,74.51205592143951
Ukraine,Female,1992,74.10266457477027
Ukraine,Female,1993,73.44208332888311
Ukraine,Female,1994,73.01865328793176
Ukraine,Female,1995,72.79243504824359
Ukraine,Female,1996,72.94375835485289
Ukraine,Female,1997,73.32012587846916
Ukraine,Female,1998,73.78257142088621
Ukraine,Female,1999,73.7823731739804
Ukraine,Female,2000,73.75335503501043
Ukraine,Female,2001,73.8982642677735
Ukraine,Female,2002,73.83675662779677
Ukraine,Female,2003,73.66786348232661
Ukraine,Female,2004,73.75164268772247
Ukraine,Female,2005,73.63481897447895
Ukraine,Female,2006,73.79020061344792
Ukraine,Female,2007,73.9501303003129
Ukraine,Female,2008,74.2226722008969
Ukraine,Female,2009,74.80226028204146
Ukraine,Female,2010,75.24510232575916
Ukraine,Female,2011,75.78839954626206
Ukraine,Female,2012,76.00820207417678
Ukraine,Female,2013,76.21230772397759
Ukraine,Female,2014,76.63898974875299
Ukraine,Female,2015,77.4381164141608
Ukraine,Female,2016,77.74354319348977
Ukraine,Female,2017,77.72737360103709
Ukraine,Female,2018,78.00233285124943
Ukraine,Female,2019,78.07096327889464
Ukraine,Female,2020,77.0188321757959
Ukraine,Female,2021,75.13784746145362
Ukraine,Female,2022,75.92942475401024
Ukraine,Female,2023,78.46788168313253
Ukraine,Male,1990,65.73141620681056
Ukraine,Male,1991,64.87052839439174
Ukraine,Male,1992,64.07475184347808
Ukraine,Male,1993,63.308002479820566
Ukraine,Male,1994,62.479323409752304
Ukraine,Male,1995,61.631967659431
Ukraine,Male,1996,61.76522544878995
Ukraine,Male,1997,62.488442568511054
Ukraine,Male,1998,63.23524924077375
Ukraine,Male,1999,62.96681885531976
Ukraine,Male,2000,62.568626388503965
Ukraine,Male,2001,62.64376769315648
Ukraine,Male,2002,62.51320884985352
Ukraine,Male,2003,62.44625256719919
Ukraine,Male,2004,62.24424899223292
Ukraine,Male,2005,61.954103947804654
Ukraine,Male,2006,62.28454081637497
Ukraine,Male,2007,62.223952493223194
Ukraine,Male,2008,62.70142658936047
Ukraine,Male,2009,64.29623759098577
Ukraine,Male,2010,65.36103221245696
Ukraine,Male,2011,66.02092731664423
Ukraine,Male,2012,66.16175596784824
Ukraine,Male,2013,66.35937928640902
Ukraine,Male,2014,66.6202340702853
Ukraine,Male,2015,67.89295022838292
Ukraine,Male,2016,68.39937395053073
Ukraine,Male,2017,68.2194671122649
Ukraine,Male,2018,68.44004477264394
Ukraine,Male,2019,68.54181194483479
Ukraine,Male,2020,67.49038215576695
Ukraine,Male,2021,66.27493128526586
Ukraine,Male,2022,61.55475213269387
Ukraine,Male,2023,66.58392967652539
United Arab Emirates,Female,1990,71.86476053988892
United Arab Emirates,Female,1991,72.33658314457952
United Arab Emirates,Female,1992,72.90604519624182
United Arab Emirates,Female,1993,73.16392288480831
United Arab Emirates,Female,1994,73.44017999639107
United Arab Emirates,Female,1995,73.98313201199906
United Arab Emirates,Female,1996,74.29916420385985
United Arab Emirates,Female,1997,74.46721512876388
United Arab Emirates,Female,1998,74.36241944462691
United Arab Emirates,Female,1999,74.50403761133566
United Arab Emirates,Female,2000,74.50758626673854
United Arab Emirates,Female,2001,74.803044181821
United Arab Emirates,Female,2002,75.46258116575038
United Arab Emirates,Female,2003,75.72084033202808
United Arab Emirates,Female,2004,75.58594283997138
United Arab Emirates,Female,2005,75.5807929945022
United Arab Emirates,Female,2006,75.86934744807095
United Arab Emirates,Female,2007,76.03121285122282
United Arab Emirates,Female,2008,76.32989039408366
United Arab Emirates,Female,2009,76.74710055381912
United Arab Emirates,Female,2010,77.30514593535602
United Arab Emirates,Female,2011,77.72379968220044
United Arab Emirates,Female,2012,78.07880125822572
United Arab Emirates,Female,2013,78.28047596132157
United Arab Emirates,Female,2014,78.30323244048103
United Arab Emirates,Female,2015,78.41311990360578
United Arab Emirates,Female,2016,78.70038280009123
United Arab Emirates,Female,2017,78.88625607638423
United Arab Emirates,Female,2018,79.04644361990698
United Arab Emirates,Female,2019,79.1234034874616
United Arab Emirates,Female,2020,78.78031774449946
United Arab Emirates,Female,2021,78.6885765816811
United Arab Emirates,Female,2022,79.43464325734071
United Arab Emirates,Female,2023,79.62040084415021
United Arab Emirates,Male,1990,69.53163416302584
United Arab Emirates,Male,1991,69.92938005292812
United Arab Emirates,Male,1992,70.2726011415054
United Arab Emirates,Male,1993,70.4755937569247
United Arab Emirates,Male,1994,70.6183052416076
United Arab Emirates,Male,1995,70.84008756702634
United Arab Emirates,Male,1996,71.05944540135654
United Arab Emirates,Male,1997,71.25160170173868
United Arab Emirates,Male,1998,71.34335098248012
United Arab Emirates,Male,1999,71.49951734184631
United Arab Emirates,Male,2000,71.69308569457328
United Arab Emirates,Male,2001,71.93167655143557
United Arab Emirates,Male,2002,72.38368300953567
United Arab Emirates,Male,2003,72.89967006443084
United Arab Emirates,Male,2004,73.46211154099059
United Arab Emirates,Male,2005,74.04970741673459
United Arab Emirates,Male,2006,74.30626100070673
United Arab Emirates,Male,2007,74.58318706935914
United Arab Emirates,Male,2008,75.00497491499496
United Arab Emirates,Male,2009,75.54348648897194
United Arab Emirates,Male,2010,76.19605648067332
United Arab Emirates,Male,2011,76.74505698784144
United Arab Emirates,Male,2012,77.25789859357857
United Arab Emirates,Male,2013,77.89257600996145
United Arab Emirates,Male,2014,78.2857356297428
United Arab Emirates,Male,2015,78.62314557744621
United Arab Emirates,Male,2016,79.0765618069206
United Arab Emirates,Male,2017,79.43991951400376
United Arab Emirates,Male,2018,79.8042980024962
United Arab Emirates,Male,2019,80.06860707265781
United Arab Emirates,Male,2020,79.89313373174595
United Arab Emirates,Male,2021,79.78922270674073
United Arab Emirates,Male,2022,80.35453271852293
United Arab Emirates,Male,2023,80.2140289334286
United Kingdom,Female,1990,78.47692419690975
United Kingdom,Female,1991,78.63032500969834
United Kingdom,Female,1992,78.87759408210867
United Kingdom,Female,1993,78.81781948071266
United Kingdom,Female,1994,79.23348082291848
United Kingdom,Female,1995,79.23593757396922
United Kingdom,Female,1996,79.4180240013583
United Kingdom,Female,1997,79.62286849258328
United Kingdom,Female,1998,79.71901827095358
United Kingdom,Female,1999,79.83464306670187
United Kingdom,Female,2000,80.25082448640993
United Kingdom,Female,2001,80.48737175293356
United Kingdom,Female,2002,80.57996200100628
United Kingdom,Female,2003,80.64773112125371
United Kingdom,Female,2004,81.10937070492363
United Kingdom,Female,2005,81.29648920741138
United Kingdom,Female,2006,81.57320832876873
United Kingdom,Female,2007,81.66800155048759
United Kingdom,Female,2008,81.72464452881326
United Kingdom,Female,2009,82.12829074869424
United Kingdom,Female,2010,82.34134104682792
United Kingdom,Female,2011,82.70252662244697
United Kingdom,Female,2012,82.72153763794414
United Kingdom,Female,2013,82.83764605781958
United Kingdom,Female,2014,83.05733709615467
United Kingdom,Female,2015,82.89932274543747
United Kingdom,Female,2016,82.97729141150874
United Kingdom,Female,2017,83.05300105479907
United Kingdom,Female,2018,83.08087268798666
United Kingdom,Female,2019,83.34379191094328
United Kingdom,Female,2020,82.41034063548717
United Kingdom,Female,2021,82.60348301325138
United Kingdom,Female,2022,82.93000279544849
United Kingdom,Female,2023,82.90655135699639
United Kingdom,Male,1990,72.8902397947792
United Kingdom,Male,1991,73.14560434371081
United Kingdom,Male,1992,73.4869183523319
United Kingdom,Male,1993,73.51390117881591
United Kingdom,Male,1994,73.99251182724612
United Kingdom,Male,1995,74.02677504495293
United Kingdom,Male,1996,74.29662893432851
United Kingdom,Male,1997,74.62127218932835
United Kingdom,Male,1998,74.7637715617928
United Kingdom,Male,1999,74.97134310443798
United Kingdom,Male,2000,75.45617547810038
United Kingdom,Male,2001,75.78669190676172
United Kingdom,Male,2002,75.98258189246228
United Kingdom,Male,2003,76.1981911697446
United Kingdom,Male,2004,76.7195872630853
United Kingdom,Male,2005,77.00837872040093
United Kingdom,Male,2006,77.25457984329918
United Kingdom,Male,2007,77.42815532304331
United Kingdom,Male,2008,77.60298963322859
United Kingdom,Male,2009,78.0020740860663
United Kingdom,Male,2010,78.33931903695458
United Kingdom,Male,2011,78.80622513549504
United Kingdom,Male,2012,79.00248465652096
United Kingdom,Male,2013,79.05210527630437
United Kingdom,Male,2014,79.30991388772132
United Kingdom,Male,2015,79.21434424811636
United Kingdom,Male,2016,79.2895667741226
United Kingdom,Male,2017,79.33843111808258
United Kingdom,Male,2018,79.36189043111753
United Kingdom,Male,2019,79.62708482574368
United Kingdom,Male,2020,78.3186407595177
United Kingdom,Male,2021,78.59183006784399
United Kingdom,Male,2022,79.03949106810202
United Kingdom,Male,2023,79.02335097484844
United Republic of Tanzania,Female,1990,56.34484873893646
United Republic of Tanzania,Female,1991,55.88648412670826
United Republic of Tanzania,Female,1992,55.14047045131827
United Republic of Tanzania,Female,1993,54.81717852049376
United Republic of Tanzania,Female,1994,54.33400225174623
United Republic of Tanzania,Female,1995,53.998231931999726
United Republic of Tanzania,Female,1996,53.80244630496861
United Republic of Tanzania,Female,1997,53.56481636025266
United Republic of Tanzania,Female,1998,53.73878845294599
United Republic of Tanzania,Female,1999,54.33481547374889
United Republic of Tanzania,Female,2000,54.902812391191986
United Republic of Tanzania,Female,2001,55.574366204093
United Republic of Tanzania,Female,2002,56.061577445638534
United Republic of Tanzania,Female,2003,56.65769564020732
United Republic of Tanzania,Female,2004,57.29262990699222
United Republic of Tanzania,Female,2005,58.349611248666456
United Republic of Tanzania,Female,2006,59.72691819115662
United Republic of Tanzania,Female,2007,61.20490083025039
United Republic of Tanzania,Female,2008,61.99288396189091
United Republic of Tanzania,Female,2009,62.50799509879619
United Republic of Tanzania,Female,2010,63.41986868004099
United Republic of Tanzania,Female,2011,64.12315978234506
United Republic of Tanzania,Female,2012,64.95109918130879
United Republic of Tanzania,Female,2013,66.10224765423318
United Republic of Tanzania,Female,2014,66.96710115892922
United Republic of Tanzania,Female,2015,67.66100652239007
United Republic of Tanzania,Female,2016,68.2679270612699
United Republic of Tanzania,Female,2017,68.8364181518511
United Republic of Tanzania,Female,2018,69.44373696813255
United Republic of Tanzania,Female,2019,70.04058176514381
United Republic of Tanzania,Female,2020,69.01842981509802
United Republic of Tanzania,Female,2021,66.83048541115
United Republic of Tanzania,Female,2022,70.6508392060939
United Republic of Tanzania,Female,2023,71.13675649765364
United Republic of Tanzania,Male,1990,53.75143267839055
United Republic of Tanzania,Male,1991,53.290455750313626
United Republic of Tanzania,Male,1992,52.68553822895567
United Republic of Tanzania,Male,1993,52.47024812477176
United Republic of Tanzania,Male,1994,52.16181090616117
United Republic of Tanzania,Male,1995,52.05361785800463
United Republic of Tanzania,Male,1996,51.975649411614896
United Republic of Tanzania,Male,1997,52.10418550155797
United Republic of Tanzania,Male,1998,52.466783176779586
United Republic of Tanzania,Male,1999,53.14350899953191
United Republic of Tanzania,Male,2000,53.77333270749632
United Republic of Tanzania,Male,2001,54.45088344120974
United Republic of Tanzania,Male,2002,54.95527256978417
United Republic of Tanzania,Male,2003,55.65379737436874
United Republic of Tanzania,Male,2004,56.390158443838565
United Republic of Tanzania,Male,2005,57.45851593326225
United Republic of Tanzania,Male,2006,58.72868600273759
United Republic of Tanzania,Male,2007,60.065252803270525
United Republic of Tanzania,Male,2008,60.84967565481881
United Republic of Tanzania,Male,2009,61.2490824945497
United Republic of Tanzania,Male,2010,61.48272564472923
United Republic of Tanzania,Male,2011,61.63042620799342
United Republic of Tanzania,Male,2012,62.35681626488286
United Republic of Tanzania,Male,2013,63.22710513085513
United Republic of Tanzania,Male,2014,63.84538054521286
United Republic of Tanzania,Male,2015,64.31634546620292
United Republic of Tanzania,Male,2016,64.76851444554732
United Republic of Tanzania,Male,2017,65.32160464824445
United Republic of Tanzania,Male,2018,65.94226450517934
United Republic of Tanzania,Male,2019,66.51637165565614
United Republic of Tanzania,Male,2020,65.41381090468903
United Republic of Tanzania,Male,2021,63.655154620950974
United Republic of Tanzania,Male,2022,67.21719983105477
United Republic of Tanzania,Male,2023,67.78271944366614
United States Virgin Islands,Female,1990,75.00219017780843
United States Virgin Islands,Female,1991,75.27391002045191
United States Virgin Islands,Female,1992,75.5189437944373
United States Virgin Islands,Female,1993,75.75110938420798
United States Virgin Islands,Female,1994,75.97002010147585
United States Virgin Islands,Female,1995,76.01423311213803
United States Virgin Islands,Female,1996,76.52442823079072
United States Virgin Islands,Female,1997,76.90061682313149
United States Virgin Islands,Female,1998,77.23702454393941
United States Virgin Islands,Female,1999,77.43124137576656
United States Virgin Islands,Female,2000,77.78814224524339
United States Virgin Islands,Female,2001,78.11586007367985
United States Virgin Islands,Female,2002,78.50852118869136
United States Virgin Islands,Female,2003,78.86582712008372
United States Virgin Islands,Female,2004,79.17784957005252
United States Virgin Islands,Female,2005,79.47133309789118
United States Virgin Islands,Female,2006,79.75674322870786
United States Virgin Islands,Female,2007,80.05123843055775
United States Virgin Islands,Female,2008,80.28684389470908
United States Virgin Islands,Female,2009,80.5568734187485
United States Virgin Islands,Female,2010,80.7416125636352
United States Virgin Islands,Female,2011,81.04856251786107
United States Virgin Islands,Female,2012,81.31347889814909
United States Virgin Islands,Female,2013,81.57139288586744
United States Virgin Islands,Female,2014,81.82356356012261
United States Virgin Islands,Female,2015,82.10346156601585
United States Virgin Islands,Female,2016,82.37540562366017
United States Virgin Islands,Female,2017,82.40654583825857
United States Virgin Islands,Female,2018,82.88166293738671
United States Virgin Islands,Female,2019,83.06126981826063
United States Virgin Islands,Female,2020,83.02248791384721
United States Virgin Islands,Female,2021,81.75275690655153
United States Virgin Islands,Female,2022,81.9390952339639
United States Virgin Islands,Female,2023,81.59033559402788
United States Virgin Islands,Male,1990,68.6754000222476
United States Virgin Islands,Male,1991,68.87138012163582
United States Virgin Islands,Male,1992,68.91952363106203
United States Virgin Islands,Male,1993,68.95851189151198
United States Virgin Islands,Male,1994,69.00410485274774
United States Virgin Islands,Male,1995,69.14272536085535
United States Virgin Islands,Male,1996,69.41762531834122
United States Virgin Islands,Male,1997,69.58377475711231
United States Virgin Islands,Male,1998,69.70519577601459
United States Virgin Islands,Male,1999,69.65840438875047
United States Virgin Islands,Male,2000,69.86032721706034
United States Virgin Islands,Male,2001,70.101345432833
United States Virgin Islands,Male,2002,70.38665249057114
United States Virgin Islands,Male,2003,70.62385813769009
United States Virgin Islands,Male,2004,70.8083329918476
United States Virgin Islands,Male,2005,70.92677362266309
United States Virgin Islands,Male,2006,71.07912622149112
United States Virgin Islands,Male,2007,71.09576229269639
United States Virgin Islands,Male,2008,71.30793504360666
United States Virgin Islands,Male,2009,71.32647432521559
United States Virgin Islands,Male,2010,71.30082099229695
United States Virgin Islands,Male,2011,71.387107680313
United States Virgin Islands,Male,2012,71.42410727496176
United States Virgin Islands,Male,2013,71.61830381998706
United States Virgin Islands,Male,2014,71.80148841851815
United States Virgin Islands,Male,2015,71.91237190834106
United States Virgin Islands,Male,2016,72.01100143369534
United States Virgin Islands,Male,2017,72.00586345976845
United States Virgin Islands,Male,2018,72.26402315321342
United States Virgin Islands,Male,2019,72.3447330887378
United States Virgin Islands,Male,2020,71.8201433846544
United States Virgin Islands,Male,2021,69.93410426182525
United States Virgin Islands,Male,2022,71.2455880755517
United States Virgin Islands,Male,2023,71.6512151489398
United States of America,Female,1990,78.85228900004427
United States of America,Female,1991,78.97242753980005
United States of America,Female,1992,79.11683663669324
United States of America,Female,1993,78.92951977469649
United States of America,Female,1994,79.02052283688926
United States of America,Female,1995,79.04984855777941
United States of America,Female,1996,79.17777579199944
United States of America,Female,1997,79.34287559261465
United States of America,Female,1998,79.41235766030938
United States of America,Female,1999,79.35600872941929
United States of America,Female,2000,79.43336757376721
United States of America,Female,2001,79.49673079876015
United States of America,Female,2002,79.57515025411622
United States of America,Female,2003,79.70202859225805
United States of America,Female,2004,80.03796406815678
United States of America,Female,2005,80.06914097628875
United States of America,Female,2006,80.3294420028094
United States of America,Female,2007,80.55857540425508
United States of America,Female,2008,80.59815908715883
United States of America,Female,2009,80.8897622144452
United States of America,Female,2010,81.04628851057005
United States of America,Female,2011,81.08276601455583
United States of America,Female,2012,81.19214447338544
United States of America,Female,2013,81.19729767227199
United States of America,Female,2014,81.24633822192624
United States of America,Female,2015,81.1306835099053
United States of America,Female,2016,81.14422819554484
United States of America,Female,2017,81.13355647732342
United States of America,Female,2018,81.2707095967671
United States of America,Female,2019,81.40544276322265
United States of America,Female,2020,79.87811537679673
United States of America,Female,2021,79.39598349179096
United States of America,Female,2022,80.28447164626347
United States of America,Female,2023,81.13003927835487
United States of America,Male,1990,72.01714361728506
United States of America,Male,1991,72.1824720797129
United States of America,Male,1992,72.40643887627792
United States of America,Male,1993,72.27386637129625
United States of America,Male,1994,72.45902590166986
United States of America,Male,1995,72.64759414101951
United States of America,Male,1996,73.11278222973648
United States of America,Male,1997,73.58296572557765
United States of America,Male,1998,73.84661205835772
United States of America,Male,1999,73.94914659969555
United States of America,Male,2000,74.14120949614774
United States of America,Male,2001,74.26496150958391
United States of America,Male,2002,74.36390592095879
United States of America,Male,2003,74.55335729752547
United States of America,Male,2004,74.96987882880902
United States of America,Male,2005,74.997466143317
United States of America,Male,2006,75.26795591075359
United States of America,Male,2007,75.54099686822988
United States of America,Male,2008,75.68055402101854
United States of America,Male,2009,76.03424131287257
United States of America,Male,2010,76.25698754096064
United States of America,Male,2011,76.35745889737831
United States of America,Male,2012,76.47864044623473
United States of America,Male,2013,76.48744379214722
United States of America,Male,2014,76.53175467875609
United States of America,Male,2015,76.37497744818823
United States of America,Male,2016,76.26784181698996
United States of America,Male,2017,76.22751755941896
United States of America,Male,2018,76.37248269749631
United States of America,Male,2019,76.4665182341094
United States of America,Male,2020,74.35925478537325
United States of America,Male,2021,73.63490130910698
United States of America,Male,2022,74.90188274689964
United States of America,Male,2023,75.9249233968415
Uruguay,Female,1990,76.78089663822719
Uruguay,Female,1991,76.99013895286524
Uruguay,Female,1992,77.16439183129236
Uruguay,Female,1993,77.19061191146791
Uruguay,Female,1994,77.48249067182005
Uruguay,Female,1995,77.58731288442513
Uruguay,Female,1996,77.80629955412364
Uruguay,Female,1997,78.05415384047991
Uruguay,Female,1998,77.96857916504263
Uruguay,Female,1999,78.05651597777697
Uruguay,Female,2000,78.49814813925123
Uruguay,Female,2001,78.6351845972449
Uruguay,Female,2002,78.74288955591611
Uruguay,Female,2003,78.64085752851612
Uruguay,Female,2004,78.84194627092509
Uruguay,Female,2005,79.12435157863432
Uruguay,Female,2006,79.43857984864574
Uruguay,Female,2007,79.3118366646696
Uruguay,Female,2008,79.68508228209119
Uruguay,Female,2009,80.03511089681204
Uruguay,Female,2010,80.02636152111779
Uruguay,Female,2011,79.94046212273282
Uruguay,Female,2012,80.11899865888124
Uruguay,Female,2013,80.34630303713658
Uruguay,Female,2014,80.53824102343364
Uruguay,Female,2015,80.47684885448491
Uruguay,Female,2016,80.44426577296382
Uruguay,Female,2017,80.65656939396838
Uruguay,Female,2018,80.70249322578712
Uruguay,Female,2019,80.92701386270237
Uruguay,Female,2020,81.21547944392294
Uruguay,Female,2021,78.82411385244421
Uruguay,Female,2022,79.67641248013057
Uruguay,Female,2023,80.56250178590209
Uruguay,Male,1990,69.52826035347299
Uruguay,Male,1991,69.75742576669603
Uruguay,Male,1992,69.76110355902259
Uruguay,Male,1993,69.59421626883153
Uruguay,Male,1994,69.75301987766987
Uruguay,Male,1995,69.6953695331137
Uruguay,Male,1996,69.94795275093293
Uruguay,Male,1997,70.22789751706354
Uruguay,Male,1998,70.3119667353496
Uruguay,Male,1999,70.42656413706214
Uruguay,Male,2000,70.87516206811823
Uruguay,Male,2001,71.1419619656016
Uruguay,Male,2002,71.3209278868846
Uruguay,Male,2003,71.34746357838546
Uruguay,Male,2004,71.65094539769554
Uruguay,Male,2005,71.9719700049526
Uruguay,Male,2006,72.1724108007456
Uruguay,Male,2007,72.1659237507666
Uruguay,Male,2008,72.60294444551886
Uruguay,Male,2009,72.77194238276176
Uruguay,Male,2010,72.71337635360398
Uruguay,Male,2011,72.68001365404614
Uruguay,Male,2012,72.80919283936542
Uruguay,Male,2013,73.08522686176174
Uruguay,Male,2014,73.4035177321909
Uruguay,Male,2015,73.44319148354867
Uruguay,Male,2016,73.38871668427453
Uruguay,Male,2017,73.57128122526774
Uruguay,Male,2018,73.58905856738589
Uruguay,Male,2019,73.945770990918
Uruguay,Male,2020,74.30708811930643
Uruguay,Male,2021,71.4296364055392
Uruguay,Male,2022,72.5435417852737
Uruguay,Male,2023,74.07646845559567
Uzbekistan,Female,1990,71.23557735381578
Uzbekistan,Female,1991,71.04501063808654
Uzbekistan,Female,1992,70.55853319823818
Uzbekistan,Female,1993,70.13120446826467
Uzbekistan,Female,1994,69.88655353164759
Uzbekistan,Female,1995,69.90082736145587
Uzbekistan,Female,1996,70.1035723667275
Uzbekistan,Female,1997,70.37176630935949
Uzbekistan,Female,1998,70.59450276436742
Uzbekistan,Female,1999,70.95449051833101
Uzbekistan,Female,2000,71.17789301569836
Uzbekistan,Female,2001,71.35017609645708
Uzbekistan,Female,2002,71.48952094919176
Uzbekistan,Female,2003,71.64900428070037
Uzbekistan,Female,2004,71.83708776291317
Uzbekistan,Female,2005,71.81121004314303
Uzbekistan,Female,2006,71.76869680935758
Uzbekistan,Female,2007,72.00304046878912
Uzbekistan,Female,2008,72.26903319521193
Uzbekistan,Female,2009,72.56702011137462
Uzbekistan,Female,2010,72.77181187527786
Uzbekistan,Female,2011,72.87375905661098
Uzbekistan,Female,2012,73.07717299961364
Uzbekistan,Female,2013,73.38233961399476
Uzbekistan,Female,2014,73.53996482292106
Uzbekistan,Female,2015,73.6984369384458
Uzbekistan,Female,2016,73.79434344387863
Uzbekistan,Female,2017,73.98478558388487
Uzbekistan,Female,2018,74.08922437508728
Uzbekistan,Female,2019,74.21838840188956
Uzbekistan,Female,2020,73.92481581064365
Uzbekistan,Female,2021,74.1715894803609
Uzbekistan,Female,2022,74.6855137175989
Uzbekistan,Female,2023,75.04058874674878
Uzbekistan,Male,1990,65.21663073910572
Uzbekistan,Male,1991,65.08313280585611
Uzbekistan,Male,1992,64.77933146575778
Uzbekistan,Male,1993,64.39571024728714
Uzbekistan,Male,1994,64.09285730027979
Uzbekistan,Male,1995,63.97378264897177
Uzbekistan,Male,1996,64.0292295190958
Uzbekistan,Male,1997,64.38740073486726
Uzbekistan,Male,1998,64.74035162827877
Uzbekistan,Male,1999,65.12619055796128
Uzbekistan,Male,2000,65.29184167026939
Uzbekistan,Male,2001,65.52680650859926
Uzbekistan,Male,2002,65.75629867082533
Uzbekistan,Male,2003,66.00170723199673
Uzbekistan,Male,2004,66.21045871428063
Uzbekistan,Male,2005,66.14835042203734
Uzbekistan,Male,2006,66.15848936113983
Uzbekistan,Male,2007,66.49160728124541
Uzbekistan,Male,2008,66.88163660089965
Uzbekistan,Male,2009,67.29128670199626
Uzbekistan,Male,2010,67.54763629310608
Uzbekistan,Male,2011,67.64931519354225
Uzbekistan,Male,2012,67.849962169777
Uzbekistan,Male,2013,68.14399797433555
Uzbekistan,Male,2014,68.29491898507904
Uzbekistan,Male,2015,68.48270605672663
Uzbekistan,Male,2016,68.674735025234
Uzbekistan,Male,2017,68.88018526444718
Uzbekistan,Male,2018,69.06949523516762
Uzbekistan,Male,2019,69.10946107676706
Uzbekistan,Male,2020,68.57290205820979
Uzbekistan,Male,2021,69.05457908510866
Uzbekistan,Male,2022,69.56067470114145
Uzbekistan,Male,2023,69.9813772956366
Vanuatu,Female,1990,71.53596340937749
Vanuatu,Female,1991,71.3301744845885
Vanuatu,Female,1992,71.20411236089485
Vanuatu,Female,1993,71.14284594255291
Vanuatu,Female,1994,70.97588836406734
Vanuatu,Female,1995,71.31291253789507
Vanuatu,Female,1996,71.29485149299327
Vanuatu,Female,1997,71.42955663340337
Vanuatu,Female,1998,71.55528375426117
Vanuatu,Female,1999,70.87850620690195
Vanuatu,Female,2000,72.1648665668514
Vanuatu,Female,2001,72.1245045463204
Vanuatu,Female,2002,72.91251768370839
Vanuatu,Female,2003,73.59204433354857
Vanuatu,Female,2004,73.6507348426034
Vanuatu,Female,2005,73.24298197986886
Vanuatu,Female,2006,73.16064272144692
Vanuatu,Female,2007,72.9717071742536
Vanuatu,Female,2008,72.91360156005608
Vanuatu,Female,2009,73.12956817164847
Vanuatu,Female,2010,73.228775639492
Vanuatu,Female,2011,73.04414759928204
Vanuatu,Female,2012,73.05020340741346
Vanuatu,Female,2013,72.99548983913645
Vanuatu,Female,2014,72.82405379741448
Vanuatu,Female,2015,72.89593166085677
Vanuatu,Female,2016,73.08639883968485
Vanuatu,Female,2017,73.15462997831766
Vanuatu,Female,2018,73.22697875895003
Vanuatu,Female,2019,73.30567844868825
Vanuatu,Female,2020,73.12079724194558
Vanuatu,Female,2021,72.72185574211085
Vanuatu,Female,2022,73.19303185883794
Vanuatu,Female,2023,73.33059461057569
Vanuatu,Male,1990,62.88547176634198
Vanuatu,Male,1991,62.821869574876466
Vanuatu,Male,1992,62.86003565307158
Vanuatu,Male,1993,62.948547457465246
Vanuatu,Male,1994,62.95766587236225
Vanuatu,Male,1995,63.27140210022146
Vanuatu,Male,1996,63.35501754695963
Vanuatu,Male,1997,63.573003115181926
Vanuatu,Male,1998,63.76861530240461
Vanuatu,Male,1999,63.553963081272585
Vanuatu,Male,2000,64.3816202550199
Vanuatu,Male,2001,64.4576442734611
Vanuatu,Male,2002,65.0765173572859
Vanuatu,Male,2003,65.67119390189535
Vanuatu,Male,2004,65.82782832527354
Vanuatu,Male,2005,65.6449752522158
Vanuatu,Male,2006,65.69155109222432
Vanuatu,Male,2007,65.69785263815005
Vanuatu,Male,2008,65.79308536366942
Vanuatu,Male,2009,66.0546070345033
Vanuatu,Male,2010,66.21874606392488
Vanuatu,Male,2011,66.19820005140704
Vanuatu,Male,2012,66.3067863160935
Vanuatu,Male,2013,66.3727635054205
Vanuatu,Male,2014,66.39457254480655
Vanuatu,Male,2015,66.54318849251155
Vanuatu,Male,2016,66.73705778321114
Vanuatu,Male,2017,66.84815013354684
Vanuatu,Male,2018,67.06706674841274
Vanuatu,Male,2019,67.2301661091505
Vanuatu,Male,2020,66.93546124938828
Vanuatu,Male,2021,66.02787781806866
Vanuatu,Male,2022,67.14140915316896
Vanuatu,Male,2023,67.44144465589069
Venezuela (Bolivarian Republic of),Female,1990,74.63287753817606
Venezuela (Bolivarian Republic of),Female,1991,74.84264553420984
Venezuela (Bolivarian Republic of),Female,1992,75.05534658022104
Venezuela (Bolivarian Republic of),Female,1993,75.26159996704328
Venezuela (Bolivarian Republic of),Female,1994,75.25721129383525
Venezuela (Bolivarian Republic of),Female,1995,75.47156438949551
Venezuela (Bolivarian Republic of),Female,1996,75.83744717101555
Venezuela (Bolivarian Republic of),Female,1997,76.26567195926876
Venezuela (Bolivarian Republic of),Female,1998,76.85660976720128
Venezuela (Bolivarian Republic of),Female,1999,71.45942800775953
Venezuela (Bolivarian Republic of),Female,2000,77.35552311680449
Venezuela (Bolivarian Republic of),Female,2001,77.34503584327511
Venezuela (Bolivarian Republic of),Female,2002,77.40192183385305
Venezuela (Bolivarian Republic of),Female,2003,77.45611037428
Venezuela (Bolivarian Republic of),Female,2004,77.81615288413771
Venezuela (Bolivarian Republic of),Female,2005,78.2354428342663
Venezuela (Bolivarian Republic of),Female,2006,78.54243747285268
Venezuela (Bolivarian Republic of),Female,2007,78.74786393904968
Venezuela (Bolivarian Republic of),Female,2008,78.7710008986795
Venezuela (Bolivarian Republic of),Female,2009,78.83792168740446
Venezuela (Bolivarian Republic of),Female,2010,78.78044897401935
Venezuela (Bolivarian Republic of),Female,2011,78.82437777932049
Venezuela (Bolivarian Republic of),Female,2012,78.99593856368399
Venezuela (Bolivarian Republic of),Female,2013,78.98972783612635
Venezuela (Bolivarian Republic of),Female,2014,78.55848184476693
Venezuela (Bolivarian Republic of),Female,2015,78.17799695380234
Venezuela (Bolivarian Republic of),Female,2016,77.70537290471889
Venezuela (Bolivarian Republic of),Female,2017,77.3670549668032
Venezuela (Bolivarian Republic of),Female,2018,77.0177628713944
Venezuela (Bolivarian Republic of),Female,2019,76.59356921219067
Venezuela (Bolivarian Republic of),Female,2020,75.879265363686
Venezuela (Bolivarian Republic of),Female,2021,74.88345863016757
Venezuela (Bolivarian Republic of),Female,2022,75.27052092138663
Venezuela (Bolivarian Republic of),Female,2023,75.2961332519355
Venezuela (Bolivarian Republic of),Male,1990,68.82768044876445
Venezuela (Bolivarian Republic of),Male,1991,68.84084722029448
Venezuela (Bolivarian Republic of),Male,1992,68.77049353169028
Venezuela (Bolivarian Republic of),Male,1993,68.77197819480811
Venezuela (Bolivarian Republic of),Male,1994,68.70385847492896
Venezuela (Bolivarian Republic of),Male,1995,69.07452354378633
Venezuela (Bolivarian Republic of),Male,1996,69.52062940176586
Venezuela (Bolivarian Republic of),Male,1997,69.926937105202
Venezuela (Bolivarian Republic of),Male,1998,70.08810265841791
Venezuela (Bolivarian Republic of),Male,1999,66.98192341887015
Venezuela (Bolivarian Republic of),Male,2000,69.90101321839335
Venezuela (Bolivarian Republic of),Male,2001,69.82953511082098
Venezuela (Bolivarian Republic of),Male,2002,69.93265457945822
Venezuela (Bolivarian Republic of),Male,2003,69.79928375787217
Venezuela (Bolivarian Republic of),Male,2004,70.16478764301591
Venezuela (Bolivarian Republic of),Male,2005,70.49358132109657
Venezuela (Bolivarian Republic of),Male,2006,70.4740430900056
Venezuela (Bolivarian Republic of),Male,2007,70.22037332214565
Venezuela (Bolivarian Republic of),Male,2008,70.12592712929099
Venezuela (Bolivarian Republic of),Male,2009,70.29894681396799
Venezuela (Bolivarian Republic of),Male,2010,70.56736061178822
Venezuela (Bolivarian Republic of),Male,2011,70.70404549631765
Venezuela (Bolivarian Republic of),Male,2012,70.73290662636465
Venezuela (Bolivarian Republic of),Male,2013,70.67843882733932
Venezuela (Bolivarian Republic of),Male,2014,70.24395039367879
Venezuela (Bolivarian Republic of),Male,2015,69.75553000157502
Venezuela (Bolivarian Republic of),Male,2016,68.97665870808768
Venezuela (Bolivarian Republic of),Male,2017,68.8033151426422
Venezuela (Bolivarian Republic of),Male,2018,68.67995742563275
Venezuela (Bolivarian Republic of),Male,2019,68.48922981843799
Venezuela (Bolivarian Republic of),Male,2020,67.8258227897345
Venezuela (Bolivarian Republic of),Male,2021,66.98618903901603
Venezuela (Bolivarian Republic of),Male,2022,68.01186045496094
Venezuela (Bolivarian Republic of),Male,2023,68.22991452248382
Viet Nam,Female,1990,73.52969819582147
Viet Nam,Female,1991,73.80045764866749
Viet Nam,Female,1992,74.14003707172684
Viet Nam,Female,1993,74.51723117417683
Viet Nam,Female,1994,74.91291390462389
Viet Nam,Female,1995,75.30545411013011
Viet Nam,Female,1996,75.66908811175352
Viet Nam,Female,1997,75.95313791922713
Viet Nam,Female,1998,76.45712337612224
Viet Nam,Female,1999,76.86727375471425
Viet Nam,Female,2000,77.21236377049456
Viet Nam,Female,2001,77.41503520759821
Viet Nam,Female,2002,77.57369185745134
Viet Nam,Female,2003,77.734072680230625
Viet Nam,Female,2004,77.89859468040538
Viet Nam,Female,2005,78.01946831999635
Viet Nam,Female,2006,78.13828245167053
Viet Nam,Female,2007,78.26294825263575
Viet Nam,Female,2008,78.39337587626841
Viet Nam,Female,2009,78.50250663849413
Viet Nam,Female,2010,78.64409838144367
Viet Nam,Female,2011,78.83161853554668
Viet Nam,Female,2012,78.97549000639277
Viet Nam,Female,2013,79.11239386265619
Viet Nam,Female,2014,79.29289400751435
Viet Nam,Female,2015,79.43838212319515
Viet Nam,Female,2016,79.5511987177917
Viet Nam,Female,2017,79.7322656837972
Viet Nam,Female,2018,79.8405552850896
Viet Nam,Female,2019,79.94791052928042
Viet Nam,Female,2020,80.11643753578092
Viet Nam,Female,2021,79.4516999886914
Viet Nam,Female,2022,79.92250314156603
Viet Nam,Female,2023,80.24514459515137
Viet Nam,Male,1990,64.88381251758646
Viet Nam,Male,1991,65.09138053416012
Viet Nam,Male,1992,65.36796348247708
Viet Nam,Male,1993,65.64985081407627
Viet Nam,Male,1994,65.95688573922827
Viet Nam,Male,1995,66.3042975069228
Viet Nam,Male,1996,66.63282488757812
Viet Nam,Male,1997,66.90657760742572
Viet Nam,Male,1998,67.26025148668586
Viet Nam,Male,1999,67.63065139410061
Viet Nam,Male,2000,67.96485374751046
Viet Nam,Male,2001,68.20149922146241
Viet Nam,Male,2002,68.38185910418585
Viet Nam,Male,2003,68.5889515457179
Viet Nam,Male,2004,68.8005833472675
Viet Nam,Male,2005,68.98017296704235
Viet Nam,Male,2006,69.13146516207146
Viet Nam,Male,2007,69.26759429532498
Viet Nam,Male,2008,69.40628982264262
Viet Nam,Male,2009,69.51876142336951
Viet Nam,Male,2010,69.72181049266295
Viet Nam,Male,2011,69.94130591173165
Viet Nam,Male,2012,70.10861392632893
Viet Nam,Male,2013,70.29605791286576
Viet Nam,Male,2014,70.50014017013766
Viet Nam,Male,2015,70.69604620333641
Viet Nam,Male,2016,70.88635879334024
Viet Nam,Male,2017,71.10889454154488
Viet Nam,Male,2018,71.26227318815599
Viet Nam,Male,2019,71.40813523814873
Viet Nam,Male,2020,71.59868003574361
Viet Nam,Male,2021,70.78501851257225
Viet Nam,Male,2022,71.50641992003405
Viet Nam,Male,2023,71.92622299443526
Yemen,Female,1990,62.60333852980797
Yemen,Female,1991,63.08803651233819
Yemen,Female,1992,63.539228115135025
Yemen,Female,1993,64.06217353436276
Yemen,Female,1994,64.45708429870406
Yemen,Female,1995,65.11976653266964
Yemen,Female,1996,65.64417126795071
Yemen,Female,1997,66.27270767536439
Yemen,Female,1998,66.85670109074903
Yemen,Female,1999,67.31267492306159
Yemen,Female,2000,67.81158781458224
Yemen,Female,2001,68.32284535137867
Yemen,Female,2002,68.82832531297588
Yemen,Female,2003,69.2578778904683
Yemen,Female,2004,69.55788671090556
Yemen,Female,2005,69.91015853046454
Yemen,Female,2006,70.23957094958229
Yemen,Female,2007,70.64294204945068
Yemen,Female,2008,70.89201299981757
Yemen,Female,2009,71.25870551458578
Yemen,Female,2010,71.7573604364662
Yemen,Female,2011,71.86888174686001
Yemen,Female,2012,72.09873673657327
Yemen,Female,2013,72.40192838941681
Yemen,Female,2014,72.68725482020774
Yemen,Female,2015,72.61324672600875
Yemen,Female,2016,72.57095987506962
Yemen,Female,2017,72.68986289823684
Yemen,Female,2018,72.43321506758997
Yemen,Female,2019,72.64783532448952
Yemen,Female,2020,72.22054167622166
Yemen,Female,2021,72.37045330862627
Yemen,Female,2022,73.75901850723334
Yemen,Female,2023,74.19801906974612
Yemen,Male,1990,57.31034205982049
Yemen,Male,1991,57.80767983827347
Yemen,Male,1992,58.23546214650671
Yemen,Male,1993,58.77435426307043
Yemen,Male,1994,58.898914565371015
Yemen,Male,1995,59.7668942838268
Yemen,Male,1996,60.34552793189801
Yemen,Male,1997,60.99102789099479
Yemen,Male,1998,61.59061461328234
Yemen,Male,1999,62.13535882625618
Yemen,Male,2000,62.649512434944526
Yemen,Male,2001,63.260171635378605
Yemen,Male,2002,63.78485391540016
Yemen,Male,2003,64.27862617252038
Yemen,Male,2004,64.66555577697886
Yemen,Male,2005,65.06508485820106
Yemen,Male,2006,65.40438649114081
Yemen,Male,2007,65.78050675423687
Yemen,Male,2008,66.01846755104319
Yemen,Male,2009,66.33525627698745
Yemen,Male,2010,66.8538966845643
Yemen,Male,2011,66.84953805790366
Yemen,Male,2012,67.05647605780695
Yemen,Male,2013,67.55754672101308
Yemen,Male,2014,67.67789899692782
Yemen,Male,2015,66.99085045673552
Yemen,Male,2016,66.13477336922763
Yemen,Male,2017,66.15892849050668
Yemen,Male,2018,64.43694586858062
Yemen,Male,2019,65.29453312256982
Yemen,Male,2020,64.23744451074941
Yemen,Male,2021,65.22806374372699
Yemen,Male,2022,68.45790469874404
Yemen,Male,2023,69.42925229204955
Zambia,Female,1990,50.054848097989606
Zambia,Female,1991,48.8660726764528
Zambia,Female,1992,47.75857426183586
Zambia,Female,1993,46.939684480899246
Zambia,Female,1994,45.97199020815366
Zambia,Female,1995,45.062830651246294
Zambia,Female,1996,44.33611772683112
Zambia,Female,1997,43.91912194325749
Zambia,Female,1998,43.70220185117118
Zambia,Female,1999,43.61152334837564
Zambia,Female,2000,43.80314297050084
Zambia,Female,2001,43.38853833524598
Zambia,Female,2002,44.27605092199574
Zambia,Female,2003,45.9726660387322
Zambia,Female,2004,48.171467595271295
Zambia,Female,2005,49.57864861840435
Zambia,Female,2006,50.99531351735441
Zambia,Female,2007,53.180155868616545
Zambia,Female,2008,55.07130916335563
Zambia,Female,2009,56.21771004574115
Zambia,Female,2010,57.00013711603653
Zambia,Female,2011,57.6149734722485
Zambia,Female,2012,58.464734563807546
Zambia,Female,2013,59.219209923761575
Zambia,Female,2014,59.86018048740323
Zambia,Female,2015,60.40935673575819
Zambia,Female,2016,60.93686680214837
Zambia,Female,2017,61.32001275938748
Zambia,Female,2018,61.71023436617832
Zambia,Female,2019,62.03973026458519
Zambia,Female,2020,61.31851959773216
Zambia,Female,2021,59.03296108169811
Zambia,Female,2022,62.28368971024516
Zambia,Female,2023,62.58599564448305
Zambia,Male,1990,47.815721393732275
Zambia,Male,1991,46.65298634006371
Zambia,Male,1992,45.52387192592596
Zambia,Male,1993,44.705213389263506
Zambia,Male,1994,43.77324427763635
Zambia,Male,1995,42.9535097879643
Zambia,Male,1996,42.37090309231715
Zambia,Male,1997,42.15629610733368
Zambia,Male,1998,42.119196261995334
Zambia,Male,1999,42.19792384489659
Zambia,Male,2000,42.53514910635478
Zambia,Male,2001,42.332562883831095
Zambia,Male,2002,43.248576916704145
Zambia,Male,2003,44.57646879484253
Zambia,Male,2004,46.310583081099075
Zambia,Male,2005,47.5173333131799
Zambia,Male,2006,48.739296199798474
Zambia,Male,2007,50.50008607139674
Zambia,Male,2008,52.16890436280823
Zambia,Male,2009,53.18689804985798
Zambia,Male,2010,53.85236683453366
Zambia,Male,2011,54.30234357835245
Zambia,Male,2012,54.96866306262052
Zambia,Male,2013,55.79667064794835
Zambia,Male,2014,56.49803765140459
Zambia,Male,2015,56.847369905289966
Zambia,Male,2016,57.26698322093495
Zambia,Male,2017,57.72360191699884
Zambia,Male,2018,58.04539160503914
Zambia,Male,2019,58.47804894068357
Zambia,Male,2020,57.13872663011075
Zambia,Male,2021,53.82843484158831
Zambia,Male,2022,59.53627309001511
Zambia,Male,2023,60.35297403395417
Zimbabwe,Female,1990,68.61374289469848
Zimbabwe,Female,1991,67.40036213790043
Zimbabwe,Female,1992,65.57817722010343
Zimbabwe,Female,1993,63.82477795955463
Zimbabwe,Female,1994,61.5094063633449
Zimbabwe,Female,1995,59.35032739468074
Zimbabwe,Female,1996,57.05913603832049
Zimbabwe,Female,1997,55.00187472662884
Zimbabwe,Female,1998,52.8173142528778
Zimbabwe,Female,1999,50.9224985049533
Zimbabwe,Female,2000,49.303215002581965
Zimbabwe,Female,2001,48.52257223508033
Zimbabwe,Female,2002,47.87677329197202
Zimbabwe,Female,2003,47.20479728590522
Zimbabwe,Female,2004,47.5832847580775
Zimbabwe,Female,2005,48.76143721074379
Zimbabwe,Female,2006,50.26314388780264
Zimbabwe,Female,2007,52.3173607854165
Zimbabwe,Female,2008,53.016490831360024
Zimbabwe,Female,2009,54.96612146215056
Zimbabwe,Female,2010,58.56209017114882
Zimbabwe,Female,2011,60.60498048363336
Zimbabwe,Female,2012,61.915201460772614
Zimbabwe,Female,2013,62.93106424784776
Zimbabwe,Female,2014,63.653230733567675
Zimbabwe,Female,2015,64.19409188751268
Zimbabwe,Female,2016,64.72669239456339
Zimbabwe,Female,2017,65.47710266861782
Zimbabwe,Female,2018,66.04795496687623
Zimbabwe,Female,2019,66.48206437281995
Zimbabwe,Female,2020,65.86943571445126
Zimbabwe,Female,2021,62.17124317998039
Zimbabwe,Female,2022,67.1345578619441
Zimbabwe,Female,2023,68.41759673713962
Zimbabwe,Male,1990,61.37730533860248
Zimbabwe,Male,1991,59.88121798155561
Zimbabwe,Male,1992,57.82228995182895
Zimbabwe,Male,1993,55.70077462546001
Zimbabwe,Male,1994,53.297874681479946
Zimbabwe,Male,1995,51.046895455424206
Zimbabwe,Male,1996,48.88961265944801
Zimbabwe,Male,1997,47.34555902578417
Zimbabwe,Male,1998,46.05616827172624
Zimbabwe,Male,1999,45.212251575041165
Zimbabwe,Male,2000,44.630868222066745
Zimbabwe,Male,2001,44.734235264953504
Zimbabwe,Male,2002,44.89333490705997
Zimbabwe,Male,2003,44.8659385313123
Zimbabwe,Male,2004,45.56844703454784
Zimbabwe,Male,2005,46.673274663432395
Zimbabwe,Male,2006,48.18797159739489
Zimbabwe,Male,2007,50.30624350823026
Zimbabwe,Male,2008,51.27527717896431
Zimbabwe,Male,2009,52.69242062580968
Zimbabwe,Male,2010,54.75357448102829
Zimbabwe,Male,2011,55.79574271022845
Zimbabwe,Male,2012,56.67422349209637
Zimbabwe,Male,2013,57.78377753845062
Zimbabwe,Male,2014,59.162962409358
Zimbabwe,Male,2015,59.882287113064635
Zimbabwe,Male,2016,60.223409367808536
Zimbabwe,Male,2017,60.86850756065223
Zimbabwe,Male,2018,61.44287892717997
Zimbabwe,Male,2019,61.95388696191603
Zimbabwe,Male,2020,60.988100913516845
Zimbabwe,Male,2021,57.01501060587332
Zimbabwe,Male,2022,62.46687753824338
Zimbabwe,Male,2023,63.79732089741486
