location,sex,1990,1991,1992,1993,1994,1995,1996,1997,1998,1999,2000,2001,2002,2003,2004,2005,2006,2007,2008,2009,2010,2011,2012,2013,2014,2015,2016,2017,2018,2019,2020,2021,2022,2023
Afghanistan,Female,59.77890528365816,59.753692736559394,60.19465921919776,60.47221449244656,60.694719710475006,61.14556750512128,61.59604560904807,61.594499898071064,60.71221087961494,61.98458351274075,62.09798884549935,62.26516119649785,62.68606361735124,63.562502170802624,63.9587819686119,64.33321004783785,64.70528788088639,65.11216041524251,65.4617939674922,65.9334284659171,66.33794277553034,66.69758107212492,67.0155798352697,67.31232977441036,67.30685800518283,67.36719997035054,67.66723682419506,67.86636755890127,67.89357817013705,68.00752743878753,66.43828141217344,64.44202351617473,68.65512217403696,68.98984779332262
Afghanistan,Male,58.05358744319745,57.73091316105908,58.03529226970499,58.55686726772582,58.20203852798106,59.34921657033471,60.09455713045416,59.62140037702043,58.203917373218495,60.27664449482486,60.3271409652448,60.396990636336966,61.5712120946804,62.64741399677665,63.10169737148222,63.322691484363105,63.273698059276214,63.46316659110058,64.10148981710645,64.56609904203812,64.9581886320498,65.39786217397065,65.75685998021443,66.13080646191045,65.81845054833835,65.35764028209661,65.53091387517034,65.52916665284455,64.89134635532939,64.71305535793384,62.95543219457443,59.78230152557298,67.498312153062,68.1381192500209
Albania,Female,74.93069834115472,75.13507956427145,75.5116293090851,75.97416726234204,76.37359172740142,76.66689963279268,76.95484005852205,76.44163432533762,77.53014083724335,77.84321651744716,78.06574809079054,78.35173843760258,78.40811071648295,78.43035633567469,78.68016241925945,78.97277468869349,79.42997997348334,79.94096978255564,80.08061809636608,80.30830684782829,80.4560522063843,80.6741231593958,80.73803514121812,80.74619876094091,80.78430558440316,80.80112458241966,80.90001012814822,80.97611375467396,81.20873782466336,81.34775867102627,80.0311921455793,79.4930517548413,81.28212022785964,82.05155116643024
Albania,Male,69.18655416744394,69.41339933268668,69.7817003774623,70.16640345075041,70.57594582417998,70.81799212630803,70.8254856987501,68.47568255961342,71.7686702008545,72.12005163475729,72.44660720321075,72.78703970001345,72.98273500243928,73.15071301983544,73.43637685769997,73.88050261121577,74.45564415005222,75.03331211503415,75.34649275220343,75.7149355164767,75.90543190412255,76.12078881132489,76.21771747242674,76.31355132582965,76.364486543934,76.39157262115906,76.53159645706457,76.60565821845597,76.6497926603287,76.54037888491483,74.97225604350122,74.4673204797482,76.18526956963183,77.27016315922253
Algeria,Female,69.90140755850288,70.5062162265868,70.930213811906,71.28509123678916,71.63208062352138,71.96747708315553,72.37102145665722,72.70297824895633,72.98620662532672,73.32882855525398,73.62803798907107,73.86222137058012,74.23490954375293,74.22016921690417,74.68389320806594,74.94852511347547,75.17443581638919,75.31403106182181,75.4877240242491,75.62695568254014,75.72573532234901,75.82553318541324,75.95079577378502,76.10937478895829,76.21394004829533,76.27067001186812,76.51267722396742,76.61326270232145,76.67101554691739,76.79573322432282,76.14505941340796,76.37138148571653,77.23330961209203,77.60937965508472
Algeria,Male,67.03243554646512,67.40662705383608,67.80319834423578,68.12344155844605,68.3437121923835,68.60078947843702,69.27876651631281,69.5698747714377,69.79632693471824,70.43669441424123,70.81015795169401,71.18994081677013,71.53274785097835,71.70206835402847,72.15872477228075,72.47386403445856,72.70301059434429,72.86825852027326,73.07411447600157,73.20233782193786,73.38201401545605,73.52253872816998,73.6262522774026,73.77766209162972,73.88085706245653,73.94882094933895,74.02787691818428,74.07748753732375,74.14349852819494,74.2370565892666,73.44704720544712,73.67292958989772,74.33899105366169,74.54653840685305
American Samoa,Female,73.21136723656167,73.09928427772302,73.00975673908891,72.90257901521734,72.8126336262377,72.7208076855033,72.6167004779006,72.50226455631807,72.42525313761818,72.41955996123825,72.3977046432259,72.35482390940211,72.35329430466098,72.02649045638421,72.37743267820447,72.45064075673518,72.50815230713745,72.54434786556037,72.54901756301726,70.58425246166473,72.61516491175865,72.63564555668361,72.70870129735272,72.73997465373634,72.92694461937148,73.15620014220438,73.36399915055937,73.70514444008468,74.00470003533316,74.33178599633361,73.88724166199077,72.20362717658047,74.15876141463416,74.38214305879542
American Samoa,Male,66.28026241964925,66.2472247030431,66.23368355480679,66.2004123740345,66.23926852677235,66.3135609285654,66.35700355744856,66.38453289528141,66.39418634964434,66.3868947985745,66.49098667239944,66.57423137357705,66.56429045851289,66.35708251489356,66.73310525092006,66.84307333750574,66.9914128479301,67.16971561378546,67.42070608505834,66.51600221380153,67.76736904023375,67.93671166947875,68.02113339646644,67.91742082047166,68.09756241884521,68.14603963521671,68.15598614922953,68.17523571664734,68.1365270937228,68.10645288787627,67.1380934681026,64.51309290121537,67.21739514784842,67.96911160634538
Andorra,Female,83.09396282680055,83.18358847546324,83.29439005564326,83.46385934465552,83.56041422246881,83.66128347796355,83.79630482023606,83.89920235535708,84.02073123969166,84.09992813195076,84.18907788145171,84.37928898035962,84.42951182384297,84.72040037214975,84.8732602572602,85.02287455799639,85.21970472124119,85.306887189002,85.48215877307962,85.5992276997845,85.66360801822556,85.77092570792419,85.80168178604161,85.90457234221019,86.01117283845294,86.06195983798504,86.14151367028518,86.15201955571969,86.24794975620405,86.37460886408941,85.29794352382225,85.89595326542255,85.61253768957403,86.20459372979367
Andorra,Male,76.54616095249533,76.6691710772051,76.85575407822591,77.00778960630409,77.19954768647419,77.32076238343721,77.46946725152908,77.64151351384012,77.7724415880835,77.96916761929758,78.09017409645398,78.5713691924473,78.8889076458497,79.14680902497129,79.41975775142211,79.66966147855096,79.92354227550076,80.11739774075082,80.15283337184506,80.24640682321436,80.27069140575634,80.48003584268848,80.61474349928046,80.76858368927103,80.95459811773127,81.08676452800185,81.24968170508069,81.40425861360632,81.52214878437876,81.70186201141843,80.420072279481,81.11454977757681,81.13350436321991,81.79346924987193
Angola,Female,54.00451694848496,54.531653173140754,54.83640692216163,54.303673644609106,55.0120510135542,55.76167016220913,56.77053127862902,57.3449976947326,57.40139387837707,57.66727647704328,58.29456261735928,58.788197919148,59.45487086902652,60.08475859136397,60.69602137558294,61.39578234997287,61.65200142068539,62.53361646687877,63.13284860846952,63.60148166266198,64.13651050869677,64.5946013982252,65.17970328340732,65.8095971426519,66.4869038939868,66.8835456465694,67.06068146288905,67.19215365162296,67.41230341485523,67.63899477609907,66.97577886196157,66.0446044836946,67.74471841299976,67.91318832336236
Angola,Male,46.40403513653824,47.265207660476946,47.24120731873948,45.24130346339449,47.15114072044319,48.35933702851071,49.267165508240495,49.75978492549818,49.687255905569934,49.76278920021051,50.47746436245526,50.7620484977315,51.59310145185264,52.25693020594886,52.854431624034845,53.52031648627421,53.87662251080227,54.70940140029867,55.3645013334388,55.86835819176645,56.40535811413091,56.88556351413289,57.40954207525032,57.8961842920154,58.3942512281958,58.817607633509645,59.202579546798944,59.56056570660084,59.89328667588403,60.14432848341988,58.982688320463666,57.94406552759885,60.432536984126855,60.73878054045339
Antigua and Barbuda,Female,76.11513824323416,76.24884076489685,76.46517458129831,76.48906618936373,76.63194366277898,76.52777787487396,76.68365355688476,75.36794272698748,77.03784872541753,77.40865714947599,77.7399072880048,77.91108261414576,78.18759159813769,78.32182684226554,78.53833772571662,78.72990337132727,79.11965807500923,79.52061241722707,79.76555657584309,79.99116319780794,80.13026285729354,80.25846969063774,80.25318894638963,80.24404563173997,80.26962537731664,80.24225840780527,80.0866285195085,79.9251051065995,79.97699367762374,79.98085323345046,79.66363201762866,78.67776676278775,79.2186212623216,79.71707074949991
Antigua and Barbuda,Male,70.46193228868978,70.53649880705605,70.77577024334647,70.90531568864856,71.10164018177511,70.96559847934577,71.3495567860863,70.69839361455726,71.70042364780895,71.89253904537016,72.3665878955579,72.49501604384152,72.76180390365725,72.9678583708632,73.23875220924731,73.36566198550715,73.75549012852824,73.84815290682761,74.15443547230166,74.64784617913155,74.85045831837814,75.01072297632443,75.09043515139608,75.00741509385696,75.13895385292591,75.0768891842325,75.10507559763808,75.33611701612284,75.6054391097805,75.79740377559946,74.94321466216464,74.05869066174772,75.27098470332199,75.77834343664344
Argentina,Female,75.82844182767363,76.15664808393244,76.23668411899192,76.48124121153748,76.99916952178619,76.96200502613536,77.2492158027861,77.40755020027966,77.35728274907237,77.37097010779061,77.91679119998365,77.99011219203632,78.0167539331968,77.963658193566,78.29160345812113,78.6164642869267,78.76659555281857,78.46526698954439,78.92127131496595,79.04535834177443,78.90811420985216,79.1049936973254,79.36733548583048,79.43111140730748,79.6688570338108,79.67860751354621,79.41977074614974,79.78939408525562,80.10993820491757,80.31268434598263,79.51487329196836,77.76076502626915,79.36275715918168,80.32644454412616
Argentina,Male,68.92061863716641,69.13434830767164,69.11203588547174,69.2819487600831,69.69113897191214,69.61212668876531,69.72226274561761,69.8598679487614,69.88919750019264,69.93699299898216,70.54047618652675,70.61995070567114,70.58775810359577,70.75253657055424,71.38846589105734,71.74132253273756,71.93088276526395,71.64209566397415,72.15033243911085,72.4438341883398,72.51778292983174,72.73452613262828,72.85754628350173,73.03554151646811,73.41834442679736,73.48539341427089,73.32156612918907,73.83256828593173,74.10515802575907,74.52974619402663,73.33839333799833,71.41227275264187,73.18197739907875,74.65790266980105
Armenia,Female,73.72405883399655,73.3843803478466,72.95815294533176,72.93996394163676,73.38481349686754,73.80500238574562,74.1927529934808,74.55621913203358,74.95879927641633,75.20478454015823,75.43517356509115,75.64189059623558,75.64085366473518,75.72771251035668,75.92447769850187,76.32093893648114,76.49587278708462,76.54357918894766,76.76637687761966,77.02402748306676,77.28719383082459,77.53628148360089,77.77354317363181,78.2137376489555,78.59513689758606,78.96715987829313,79.2543709398975,79.45638850675702,79.99316912084817,80.29010384087377,76.72667071415646,78.04182675676317,80.98150244481161,82.5518357700207
Armenia,Male,67.01842357626843,66.30128438843919,65.7725521756027,65.73117069872967,66.24827356180084,66.60372255042459,67.21625488202932,68.06373931157542,68.85824384408845,69.30691440035483,69.67588131883323,69.81429367825993,69.8400359871856,69.86034249699709,69.93935220024161,70.02267956139889,70.03356005135127,70.04788693992545,70.20472361876698,70.38457943059227,70.66557499078984,70.91973100288689,71.32132082243825,71.76075311875643,72.09738537575353,72.43315520400893,72.5975958162398,73.1273667407969,73.71422265284313,74.03240765857305,65.088410352012815,71.74851123333853,73.99748906182013,76.32174986360069
Australia,Female,79.91116513780213,80.27066937497702,80.39206284417133,80.69618324126768,80.75397058018508,81.01934662656721,81.13884530552001,81.40371407486332,81.72678557297262,82.0223935599432,82.28654281016271,82.47425902298674,82.60494644868575,82.92626950638872,83.22346354717375,83.5266445757915,83.70052441583746,83.72939186443448,83.71325848994572,84.0062749444132,84.19126968753477,84.2798075768609,84.46240335745321,84.63452057339826,84.61303621628572,84.67167771673842,84.92465084274188,85.11389417212091,85.33429073974784,85.38881559199196,85.83382352261847,85.68021719628106,85.09349098021124,85.84619380479462
Australia,Male,73.75713688948602,74.2293466342171,74.44443863853405,74.79407495326073,74.89151978226394,75.24329216316708,75.40210956935765,75.76403363822,76.08012343553614,76.46419521968473,76.9070126708668,77.27479007715806,77.55567336787205,77.94221431448808,78.30344183171728,78.74849362578034,79.00415683285685,79.05378510559494,79.10901565564001,79.44385231707422,79.69882626246866,79.89912650525758,80.255820123554,80.4393099700937,80.45659224633401,80.50206038914024,80.72631938808414,80.98674937986529,81.21529548445183,81.21066634329449,81.73412443603185,81.70976726914289,81.06474760720084,81.90262725713532
Austria,Female,78.96363927018464,78.98815422863383,79.2183207491914,79.45544308528132,79.75558133151327,79.9189634127036,80.13250593129456,80.47765943483746,80.73330152213096,80.8703426120952,81.1664173453928,81.4642047652184,81.56020986639295,81.67865092491682,82.0399714381005,82.22871222232787,82.44910350075291,82.66693115804635,82.7913674532946,82.8820485077132,83.05663247361184,83.29334192429461,83.25661605248298,83.44225100622437,83.64383335058672,83.5820601612386,83.78140648058992,83.85149298346498,83.96823471272842,84.16332157435777,83.65868924848705,83.62252439399305,83.84263222386414,84.24159569996122
Austria,Male,72.27222480408041,72.38831225151127,72.550205486344,72.83358379808904,73.18264275460756,73.35905765385542,73.63347784562602,73.99270537823959,74.37000914709138,74.73161855818753,75.15171391858203,75.5323564964942,75.69573738473183,75.89252983754695,76.26929913815506,76.55664981466538,76.86659769772349,77.15784116897908,77.36227228160315,77.36894567879915,77.60672121956955,77.94378476555427,78.15229750575205,78.36322766750268,78.64893655189717,78.630973808096,78.94377341192069,79.15218656640354,79.26112503522457,79.49556679140234,78.83530518894862,78.68962735216552,79.06001243490472,79.53899131149706
Azerbaijan,Female,70.06842900696222,69.95014798582116,68.99147541990862,68.73568370825674,68.68382376969797,69.14573603164065,69.7613119803704,70.37430607683797,70.83771813343792,71.16875649868119,71.58363494017713,72.0371297791679,72.19595487579002,72.18760805884052,72.32564952910144,72.54642838070559,72.86814637688161,73.32762883960027,73.65073244016438,73.87518501341272,74.10298403545178,74.29226497500841,74.49462752090446,74.63115925933222,74.7813011421661,75.02947747864148,75.11218385256987,75.31108222482227,75.59615020239254,75.55567510287072,73.56177711003518,73.26778882812911,75.67751940986078,75.3890570524035
Azerbaijan,Male,62.06330358581542,61.72497277771848,60.051377153561546,60.40008567413691,60.32188656832117,60.939351870036795,61.87104396244121,62.83114590432285,63.76381597622529,64.59668995964545,65.34762315455976,66.0428315159046,66.32636689541397,66.4616638111989,66.61826010247042,66.80788802666642,67.21225092854553,67.7754852231799,68.20469906202095,68.5445345698325,68.7733417002832,68.85363583648937,68.97333137755886,69.2743200678478,69.53635984525573,69.77103340067065,69.86493167842465,70.05442132235375,70.31358704602907,70.21484014873785,66.84214367704817,68.54700702149364,70.48477916015392,69.88006687388433
Bahamas,Female,74.7479600301357,74.79024646283378,74.70486146244238,74.74789078974177,74.78584888874825,74.88413787022589,74.59131440522327,74.89594823174714,74.97499271325324,74.82657111760443,74.68606636234064,74.71642488490916,74.75978479310439,74.857880768482,74.7525133281644,75.0222729523636,75.41441093295596,75.63708972238534,75.61563233065536,75.42232081415756,75.46809432660865,75.5239482442382,75.81334164580372,76.0045588592874,75.84097890510975,75.45696662701943,75.73248787448402,75.80164625703131,75.85076564377827,72.22995061551526,74.55424328615757,71.0039140736732,74.61497042261078,75.78035172903265
Bahamas,Male,67.16344372780826,67.01774416709534,66.96300947868123,66.9559760593159,67.16587391966476,67.2876895933498,67.5685124455412,67.86307609528085,67.9783280270362,67.65121948310282,67.65786556485861,67.63120220535232,67.90925414654316,68.21613611458152,68.12324788329892,68.47945585003649,68.65065114540852,69.03963267750467,69.169356838854,69.21827773138162,69.26537020407362,69.54600466062291,69.74892808416193,69.80601282395028,69.74931213725363,69.6395053525954,69.80635361287325,69.87433433322562,69.91104605433291,67.7870378214127,67.89155393804698,64.02882169603683,68.47816762704193,69.84124829123277
Bahrain,Female,71.06701125322006,71.25229334353048,71.27021703001643,71.46105617472362,71.70831135026984,71.74479557678386,71.7902767079366,71.82616784577158,71.99434987325441,72.28157140320205,72.31503352833445,72.87084507752016,73.10097230508113,73.20761229020687,73.4280262973222,73.7693351689731,74.17398856940629,74.70275083330485,75.15034910522307,75.54653714672534,75.80347361441326,76.06962679903323,76.26316683354854,76.54215291713972,77.02328214600858,77.15372421313013,77.38743183276907,77.71761897737952,78.08488502432152,78.34447269977657,77.42804067168474,77.06582083174077,78.81314335242757,79.11775344391192
Bahrain,Male,68.9928279420708,69.25190618880433,69.38737795774331,69.57892257021743,69.67612985826358,69.62307755090949,69.58617606093264,69.65756892902559,69.77347033367313,70.03377208533418,69.51796876859208,70.63767110175435,70.8990636260556,71.13847132738643,71.50141066817694,71.89084584783942,72.07169161185898,72.81659621501433,73.30619230255057,73.74796788980454,74.1075867894224,74.47249084695588,74.90959769747306,75.23742739913722,75.45783079710345,75.62254914869558,75.77643637238994,75.84978089749052,76.00901514832358,76.04944687330796,75.07604296521946,74.46494362007337,75.70314493379357,75.92452241612948
Bangladesh,Female,56.604650066499794,53.857437894617064,57.97880819228541,58.778479927769666,59.583862056894205,60.27757238232978,61.02378164447712,61.823220942798905,62.50889545595592,63.05049556940927,63.75163394748334,64.39333289312151,64.84492527288097,65.41000399598369,66.1705704938944,66.84093166645258,67.42986151071761,67.9267525411904,68.68396639934446,69.06481259686595,69.34979339410994,69.75693667444881,69.98802426983649,70.22276110062363,70.44028722994217,70.71153479517355,70.88688082458278,71.04692899908164,71.18174600473242,71.32269678810906,70.50935483327522,69.28552191670673,71.2472986176947,71.21338607370322
Bangladesh,Male,57.47920586142921,55.86079306052407,58.759262813654246,59.41523405536433,60.02553482276615,60.548311685710544,61.180573497114096,61.85201190931663,62.45382589585219,62.957333713181754,63.50916982925631,63.99273848355136,64.36529152499831,64.6474833238624,65.06469835730384,65.43249910107546,65.83218532195782,66.2068549143182,66.7669112180832,67.0739978231065,67.3517571818178,67.79980198546379,68.13277314782532,68.40775515470514,68.72791575236505,69.12736250429452,69.44343498040007,69.70905862884084,69.99249323940407,70.27669943517174,68.7780694571099,67.64375892318434,70.71172929689361,70.98588326213938
Barbados,Female,76.4231141742942,76.55799418547376,76.58040102690741,76.72927209825086,76.76402325369838,76.83250189080034,76.9304648477756,77.07671912484487,77.47178701558862,77.6175077922675,77.55606650891994,77.80010380431247,77.77602534854273,77.8003465049662,77.94669833209655,78.31349486629684,78.56964365660811,78.77543458116938,78.97871399908345,79.24838049435311,79.50788768810716,79.54402984959145,79.7122446498007,79.6439335620252,79.5996835778672,79.54146724027919,79.49090471934736,79.4510769201195,79.43084984893773,79.37995613000655,78.82439951172364,77.80123979400061,77.88479667705025,78.95559192872163
Barbados,Male,71.39083041794888,71.30678381209519,71.14310127586828,71.17022252555351,71.20637917676103,71.25666871335754,71.39836825588034,71.57674553484881,72.09702131699233,72.62556432171019,72.88563754091615,73.14413604965637,73.3443751869938,73.29181851393592,73.49806974853885,73.59317323464352,73.59978916511066,73.6503148227254,73.80898852168497,74.23288901066107,74.48421091656884,74.705563221749415,74.92597079632674,74.97197068159561,74.98066202158684,74.98394033195059,74.96319807758472,74.94346878184307,74.91794504686713,74.8003215586297,74.07583231527359,73.14087609748302,73.18147953656299,74.3324182453631
Belarus,Female,75.56307017298627,75.28973428620773,75.03955816140817,74.45664213546354,74.23723308654495,74.15856282375718,74.16832749521795,74.12907953498649,74.15033788198332,74.1263844719018,74.37153488511767,74.36437630474141,74.24667349996638,74.44005830711124,74.81864425255502,75.13567643244699,75.55582752650768,75.9673430467114,76.2240732800114,76.39270449666017,76.53574615349488,76.9908645365856,77.4924546392985,77.86554314321683,78.34957701691876,78.71865878683111,78.994145597573,79.18958360525647,79.25063113769458,79.32014735755487,79.03813617033009,78.51229654236737,78.42565004164565,79.19272657928869
Belarus,Male,65.9995275263353,65.42459061456,64.74712882112807,63.79356758416943,63.33150780415033,63.00273191230917,62.92253345881184,62.785603135241765,62.67298827564932,62.680444113659135,62.906364247936786,62.78228334355026,62.45232002224443,62.61590054930212,62.96094639038294,63.17933364889002,63.72663857197587,64.32319893694236,64.67584130638333,64.73238132651457,64.73282822629773,65.31284188876201,66.34246095653288,67.25875453071475,67.99914460240487,68.58345211865782,68.98267740164873,69.1951491072063,69.28980430921975,69.34882608183052,69.14407566669357,68.9312402807522,68.89984383202359,69.51889178822685
Belgium,Female,79.27345791499516,79.50298093277235,79.69883166460959,79.75631263730554,80.04092103118938,80.21322386994076,80.33032527342527,80.5503547995505,80.62259692239923,80.75522454022853,81.02105073176308,81.23548764732402,81.27056359113823,81.35254015153471,81.75439262857782,81.94876138471194,82.1890450194994,82.28494375147494,82.32992929981862,82.44587276799615,82.58543150475553,82.78025911435323,82.80488705451982,82.97329911466997,83.31163011568007,83.2792044384713,83.51592070187017,83.65621946086524,83.77834178769884,84.0171895383447,82.81435819232483,83.82774374310672,83.73145952700692,84.19592914811695
Belgium,Male,72.63274731976416,72.84955859028966,72.97456909277444,73.03625879811175,73.3709758354406,73.5035070366754,73.79679757427182,74.16347866365507,74.32678844889296,74.45563233792527,74.71758926186753,75.03447497625538,75.19978563310983,75.516905653254355,75.95005384631516,76.23674677705107,76.6150673503501,76.81079964584485,76.88064357007732,77.09692701677334,77.31832696058751,77.5925495894081,77.62359300034478,77.87660695567351,78.35171868252633,78.47418956238246,78.67371872515804,78.95726302968257,79.2126210734425,79.43991141158128,78.01236039928538,79.11293590082143,79.40179327023277,79.97539987015476
Belize,Female,75.48012025081808,75.65183062302967,75.99396917977622,75.92882103512461,75.73246048661558,75.46432946125825,75.0251541326213,74.60933511689448,74.24631974327619,74.08143981996433,73.60001135918036,73.80097048002908,74.49813077166446,74.58835222360187,74.87054745849144,74.99540060927677,75.33773672722923,75.69546897186679,75.99194479044974,76.20026152021927,76.47285167202696,76.53105230231026,76.80662581790524,76.96706716104298,77.12759400589513,77.1702486809055,77.15773161915735,77.22366609246315,77.29549112624534,77.35655548996296,76.36108899320944,74.71772987253361,76.70278462014441,77.96769347646264
Belize,Male,71.06590333685217,70.7929208631771,71.25229104353531,70.94156024196212,70.3353880247202,70.05929988466708,69.63924850437303,69.21429353355772,68.5887296329789,68.00183927272805,67.41069238355979,67.81910779808497,68.44881388334518,68.71884542851852,69.17388774512338,69.67493166545788,70.1934475357055,70.60113960998252,70.94815278783305,71.13006157346875,71.29009796559376,71.44706370952002,71.58697532085402,71.58968380728777,71.37845933302616,71.24673825018661,71.21514554426692,71.38797320047034,71.57423052055036,71.73076482896235,70.2944386383075,68.75331863531302,71.1429083008835,72.5944419001514
Benin,Female,57.66713166105287,57.89441201626683,58.43723893730853,58.773498731997854,59.03415279846353,59.40234919142293,59.57732099318418,60.04847719671142,60.347514757384744,60.82565290467114,61.102879878703035,61.82908895404394,62.51793851128046,63.20708239347372,63.97611738556993,64.4623216240175,64.71481301444857,65.18705699520802,65.57444812970168,65.81257928846644,65.87420759787081,65.82978544888395,65.86893283558034,65.90744605996636,66.05189804478816,66.22373041831285,66.78822214575104,67.20655901974426,67.72663779544749,67.98717208587607,68.26791044776674,68.54798811697368,68.92443053799055,69.18201694052472
Benin,Male,51.27103021032086,51.630173270080995,52.28739068041697,52.73982842903074,53.11817529133313,53.583028971057935,53.83601555681173,54.27756222876042,54.51912056607747,54.957873442058926,55.19092336295523,55.78015662829375,56.339154673656395,56.82132583513446,57.52958078266718,57.96187832365811,58.17668227780649,58.63166491611421,58.95165918878662,59.21125768008235,59.39200830937122,59.47570005517523,59.666794198495666,59.80445173413986,60.08042722494317,60.34470051176421,60.8461898644088,61.246376659926305,61.68207696267179,61.98086177278134,62.19212268828361,62.48435561193848,63.119825211188896,63.43695490513956
Bermuda,Female,78.09034549077907,78.20140788321832,78.35685289108304,78.62141737436353,78.66406324527824,78.74835643860689,78.92813318262762,79.29769910675614,79.55399562788237,79.76890636242983,79.9594576125949,80.38045024177931,80.80716812435908,81.01538912843012,81.41342967995566,81.6817264953,82.05244403277915,82.37232861062911,82.88143452245455,83.19142478935811,83.34955711097707,83.410709722213,83.67183453964594,83.85241315753525,84.04724545792998,84.32031532714079,84.47620326250598,84.61910464474775,84.63297703591539,84.58390339587443,83.9108988465942,82.72365827931962,82.7092884238293,83.39099764161709
Bermuda,Male,70.42576467510644,70.71856698100163,71.00788268994708,71.36130391975563,71.54724211920303,71.75173446512528,72.08020194587272,72.63667882841263,73.02638555718978,73.32642973112554,73.07425069320142,74.28121578630817,74.80765679203371,75.02012048377043,75.36344679022369,75.63551391950013,75.91310914952899,76.3105533638768,76.71572144983057,77.17837239598616,77.53984974466604,77.59397838045903,77.77338394699332,77.93481029867371,78.0914648334033,78.02426238989652,78.03146908902595,78.15455974090592,78.15748853160206,78.13023513308248,77.46117411353222,76.76278695669897,77.36145742308962,77.97483515220138
Bhutan,Female,58.71228407828816,59.08819234864948,59.581373387422794,59.93751317199505,60.340771103711106,60.87758311651912,61.41387045192645,61.72544632048611,62.53074049318222,63.255943819670605,62.970889821886274,64.23927831530523,64.79142867621684,65.21363325925579,65.70974270920813,66.28420635011894,66.9245507161286,67.5756363187715,68.25132460836343,68.86282973111854,69.48844048050849,69.87698122055657,70.17579704061029,70.55331450580135,70.83350285045557,71.13623206802752,71.38364869451541,71.64691756973284,71.90413807990106,72.17702881481955,72.18590502543248,72.34735692535193,72.25280571985796,72.41102578922154
Bhutan,Male,60.03960688216628,60.353787716258616,60.83925125197517,61.21520399397704,61.629787984921414,62.11713221665185,62.60353844534863,62.901938007819446,63.5351480933519,64.02111988496074,63.92363408671279,64.82179090003078,65.26199272517454,65.61814882793165,66.04417323598695,66.52662960776723,67.05444687385248,67.65942456967738,68.22158979570129,68.7829521450608,69.36199421919525,69.77099154484269,70.14134031379741,70.51371642367975,70.83068382233039,71.16511969810365,71.46690579887698,71.7717434932621,72.06777263650739,72.37474660706651,72.40473100832119,72.69277511760542,72.65995938554019,72.87329903864904
Bolivia (Plurinational State of),Female,65.62476494141812,65.80752162573233,66.08674902777216,66.56436173220317,67.08191186330788,67.4725411951421,67.82668523146788,68.26784387980916,68.66040816477442,69.04416375006107,69.36074187869309,69.64963410518055,69.8922930157931,70.1143924899898,70.33519872559707,70.55718552185546,70.78123490748649,71.05238970735947,71.3420869854325,71.66980938025415,71.90931844510331,72.08215937838203,72.31323627430803,72.53223525242304,72.82643076118558,73.08008897367874,73.286124276928,73.55243641670363,73.7374159232006,73.93278339100249,68.38735943833557,68.8782543285742,73.37355326071587,74.53589771891343
Bolivia (Plurinational State of),Male,60.50997732300755,60.71293723239351,61.0646282009725,61.56352179799304,62.126501460219394,62.547197491219535,62.92292325012682,63.38244384800528,63.754680881881654,64.08622337553177,64.38223786613025,64.70332192531718,64.92947945944461,65.1611322207485,65.41359808282571,65.68867936989975,65.90504363736392,66.22217234607326,66.4691513427364,66.80910260109559,67.05717364309344,67.2525415821495,67.51983819318413,67.75045010867488,68.04292920075548,68.31781130393288,68.56425265377207,68.82304240543868,69.02731789324797,69.23715793149819,60.71979870857544,61.56279288985421,68.00445748182672,69.33483517316843
Bosnia and Herzegovina,Female,75.3128847321995,75.57236273292109,69.90853131883193,72.81930725486781,74.59342047274713,71.47656612223784,76.78731496119353,76.93245657532466,77.13828708171864,77.22125585182683,77.25708354269065,77.30269164070978,77.4825978592601,77.62118560716252,77.69475528743037,77.7597169857253,77.93431477539485,78.04288786589368,78.28541328570806,78.4041680507402,78.58225048217368,78.7489401738985,78.98114596500162,79.1492312063939,79.19249476815303,79.16306269036332,79.37644167511222,79.41076168376001,79.53778953322056,79.57135961302961,78.62438566861498,77.18589510764477,79.13182219598124,80.07194464259817
Bosnia and Herzegovina,Male,69.48656999718796,69.7572232457599,50.858640084993525,58.38883678615365,63.56888361427285,54.075099440483406,71.11428129860327,71.43936640718871,71.83712131282856,72.10586302752202,72.2364155584102,72.42755795322492,72.57675461929368,72.69501386032516,72.7929530167021,72.75698826569118,72.93445782082014,72.99757144947583,73.28523437064864,73.52250757567194,73.71788514226336,73.88191886934021,74.04651272032226,74.20899552026833,74.31726539102252,74.355889359764,74.53314169141926,74.61280658347293,74.655291665833,74.58177396245895,73.07947316331355,72.01300406449779,74.00634083464178,75.32302932096684
Botswana,Female,67.82469478504389,67.53148320447859,66.84273642884777,65.89936520888372,64.76973449879662,63.32860449256806,61.39602041723021,59.059480177505186,56.35797240927903,53.982840465886795,51.49581313067899,49.409019963130454,49.84221458567855,53.57075378585663,59.1623882758756,63.21483091286526,63.13034384280534,66.1371551276741,66.72547501473761,67.44922391714789,68.41114726180575,69.1683258841054,69.70774130667806,70.18379857514478,70.66936745614343,70.810524754645,71.12388565888537,71.57411205686591,71.74901755578537,71.98599466191425,71.73862880056741,67.86706522702842,71.78732387433595,72.67461591605891
Botswana,Male,61.034441742051314,60.70166138542248,59.94345786801147,58.87580286423052,57.639667027543915,56.07023212861107,54.0191254032949,51.7400493720431,49.48145649086223,47.946592496817715,46.61460795115888,45.64706396522174,46.799781217257994,50.40984500612752,55.07478396631447,58.367492942469326,58.86672519271565,61.14891642982723,61.91283348053689,62.587777886332624,63.06973729217259,63.45388478186853,63.98356025445929,64.37188645966825,64.88926062383894,65.1176728851488,65.42839732515611,65.97874501304042,66.19598407981266,66.36956568201929,66.20751320621785,63.71686094069561,66.64202071612466,67.35203685173252
Brazil,Female,73.46024177026601,74.0592467585907,74.12159037142061,73.87599021089707,74.0828664400588,74.41444166298253,74.77985501032236,75.27229422055626,75.50369918036789,75.78984989085211,76.16204407175083,76.46602821561112,76.68607558467437,76.89515165410623,77.12503676253203,77.65151500466824,77.87918991002414,78.11054964239283,78.28937611934451,78.42177758998653,78.51463367831765,78.58955055760087,78.89645150748804,79.07718289324684,79.29672877552937,79.32319952744619,79.36782578755222,79.65852609733082,79.91446256096076,80.06069075270167,78.87708191955223,76.90516040182195,79.44244487442961,80.20039700306316
Brazil,Male,66.1200550856024,66.73328750933636,66.73013148129006,66.37140658012365,66.62422513200733,67.09535873898581,67.45850791460872,67.95512480269508,68.15113042262459,68.46984189961604,68.8379317197873,69.09821395016962,69.34783388392731,69.52517373777911,69.78854690522682,70.43436019578219,70.74981789189924,70.98693346515286,71.13111538319676,71.26792789849631,71.34170307670257,71.4761288987492,71.75526446159974,71.8932738406981,72.15416361119563,72.26781241266453,72.21775869114633,72.59762592893378,73.05005254204309,73.3214172327902,71.58822783246693,69.75254261501723,72.70765065744654,73.50118399461849
Brunei Darussalam,Female,73.83882061397092,74.0272452482901,74.1923521959886,74.39009255673035,74.62159490148446,74.66726207415986,74.89954119767273,74.99080540580002,75.21554850006443,75.53118632298772,75.64290434286022,75.89825721750772,76.11618004831483,76.34956707964602,76.63130832116205,76.72237474207871,77.01534273693845,77.29238391953132,77.62840477014241,77.90335293498362,78.02691589341892,78.25506694902346,78.42938376363047,78.46963140392472,78.70974626965716,78.71884974043974,78.8140977674251,78.99792162307236,79.2092555892771,79.34097027398943,79.43703548779314,79.1658970017213,78.87616252826831,79.43642546039504
Brunei Darussalam,Male,70.23300680036967,70.4891231520051,70.73989207373943,71.011033183697,71.3641927211526,71.54852788158075,71.90110928236683,72.13721366812108,72.26578918676901,72.53014243761879,72.70415949686485,73.02992684699493,73.27602805561378,73.47641086496148,73.77086049119877,73.95012026116744,74.26338748179894,74.55822403849015,74.77767374804267,74.94489480753121,75.10098319171001,75.36370396382216,75.58479974765987,75.7268400833856,75.86827652396263,75.94576125212086,76.13119496777685,76.3234175227512,76.5529327419655,76.67032842210791,76.71979873573646,76.39644120028912,76.0335382868046,76.85831624457151
Bulgaria,Female,74.71273604910328,74.73741541316927,74.92041022321938,74.7599651659792,74.82094119267562,74.743595532521,74.63774679602508,74.5208862512549,74.73597427076153,75.0348047297194,75.14017292415912,75.359220773652,75.61328389037031,75.92272034640715,76.24397591741483,76.23762925145044,76.36274616755301,76.68076654309701,77.07233202086306,77.3354450494863,77.56151476765525,77.76883318937762,78.05139609804769,78.34896280756384,78.37804209448045,78.43931830593641,78.58222461773603,78.68384305875867,78.87790380837176,78.9196533625303,77.8672286229335,75.8313719962482,78.1739566846525,79.49936154835456
Bulgaria,Male,68.0340621304703,67.96168748937085,67.84040441572951,67.38250865971389,67.23730165725455,67.13271406044656,67.190116879845,67.16328688924301,67.46418919578244,67.99550350286646,68.23058708450355,68.51937132303712,68.77052236023539,68.97251066723427,69.16155622495967,69.08199080823796,69.24008037140557,69.57697761187605,70.04292052530171,70.35413470280804,70.60583550133809,70.87788667576338,71.1932008943262,71.48993355318245,71.52356591554869,71.66414312541282,71.81132867529224,71.9643350303935,72.15320956320699,72.18051656986499,70.67264325439163,68.90049914884338,71.06797867982765,72.47132818630674
Burkina Faso,Female,51.84878843472339,52.09858626191252,52.206344764380994,52.32929788327372,52.57700548669265,52.81633807393708,52.31818524245108,53.354508671460565,54.40982497050968,55.13087211057395,55.80164087049924,56.6678091428188,57.49187251273715,58.74015416611347,59.77303687858264,60.64599122349148,61.51214345857975,62.435975167939965,63.60344777928046,64.51683538576314,65.46835445257696,66.36123661630593,67.04046882361081,67.65686039043952,68.26004517677748,68.3721343124135,68.64148684822523,68.95835240195328,69.4054010682394,69.73366071111941,69.74831465381932,70.01450185165403,70.21042711641132,70.13226162894514
Burkina Faso,Male,48.29787074073775,48.35056980494057,48.400828358116264,48.46035461632791,48.660931946030175,48.821034299835205,48.01360962292144,48.98611586738649,49.89948005284564,50.49332757784038,50.986075158705795,51.610514138214526,52.34671211741291,53.295903054167816,54.22448445211969,55.160568095537904,56.20734978398974,57.33230962145322,58.71217472322195,59.83388218427732,60.85120803104699,61.819883508128086,62.53405952949892,63.1970982479245,63.88378496961904,64.2613173040323,64.59527403102021,64.97567677338775,65.36079478143799,65.3874947967746,64.73965661033985,64.55151750059233,65.48879916454185,65.38731859619442
Burundi,Female,50.63611400146685,50.24705214182831,49.699935105624526,48.04694922825492,47.210679186300595,47.141117776628526,47.223474606565794,47.229804874669775,47.75612518038771,48.50967347193937,49.322871294930025,50.59793364522046,51.96026926389224,53.39745778420876,54.71538377482882,55.93175928999366,58.345443281208496,59.3387614471219,60.12201645974336,60.91486841934575,61.678002872314984,62.166318563033265,62.61891928899091,63.22963402219108,63.54004635098736,63.70635568120641,64.04653664269911,64.29928330753134,64.57416557717028,64.65951078103778,64.12734789698396,62.65036149116572,64.10540335768752,64.22999575097776
Burundi,Male,45.47634264270219,45.01919963231624,44.6919468718459,40.36899998814409,38.915435813361455,38.99342860806587,39.54665119497112,39.642522114430136,40.11087442432282,40.908170453544635,41.73235337487922,42.83037403668194,43.97102773847135,45.15984457981823,46.43345390408405,47.579040234391606,53.18593315251586,54.26466170678669,55.04091486634944,55.7762056915791,56.60444138010714,57.142774751341925,57.50120382561969,57.89364817366305,58.22458052760388,58.4193333518706,58.82706844463264,59.15857097813522,59.442859716895825,59.66261893587833,58.767567457359895,57.02108960120373,59.432551703447615,59.76355112600912
Cabo Verde,Female,72.34624910077807,72.38633276056765,72.67496539522922,73.00829294536771,72.95442605919844,70.83099709713623,74.0562035412022,74.40793549331426,74.73793576509165,75.02701716231063,75.46022849905813,75.7690722627918,76.0921882982616,76.37964734268769,76.709713044469,77.07872550391525,77.4344976016395,77.56484420164499,78.08630423298196,78.25783584672263,78.52079546527145,78.4185697629526,78.44176199676622,78.54363110217092,78.4827250576471,78.15366058613971,78.16490680408873,78.26407481838793,78.4012863879308,78.54294384273544,77.07374112117843,76.03257301563795,77.88673500841509,78.50714251452187
Cabo Verde,Male,66.42529899334916,66.36438144663649,66.54339749441284,66.77878415721565,66.7399831394281,64.91503875940852,67.60448759780043,67.81978600459718,68.07492379906923,68.09636237992784,68.6012834309815,68.7787527275271,68.97990823279613,69.14375018723155,69.36861358372741,69.65763629838357,70.12860870538461,69.79494746330056,70.72408678471115,70.89810416963014,71.16059237534763,71.25373405710971,71.33111709376128,71.51876942419226,71.75898179584128,71.72628661759441,72.15297094425492,72.2831061127511,71.66607140366334,71.96816818197954,69.60690704251657,68.65135867306216,71.71002736874384,72.81787883003693
Cambodia,Female,61.26269830476739,61.364363000553205,61.55570559779514,61.72991481756595,61.78920451434601,62.20760952277245,62.68113405675685,63.24609726015898,63.64873504022335,64.49773921228868,65.21774155133723,66.04433479981918,66.86311048056346,67.78932855828029,68.63799954493393,69.4203860114793,70.2958290508265,70.9620589561021,71.71473269587445,72.34746659839283,72.81860504040132,73.33926360552601,73.733865789066,73.98170935387219,74.42083826503307,74.71799221820142,74.97319546827981,75.3447480326347,75.54050410598335,75.64668234213873,75.700488624406,75.46819622014787,75.52738342200293,75.24658740232398
Cambodia,Male,55.18800196200663,55.5148373171945,55.9433857402591,56.22633589439645,56.37263191714892,56.6932280124316,57.0397242845278,57.56627849500833,57.908506249849935,58.691116787713995,59.37272758652648,60.11258763297584,60.90027198184125,61.810866426717666,62.68810810112874,63.565248378985814,64.54790407894049,65.27579687937232,66.02579980200274,66.6388767933255,67.04816273307459,67.73064770288886,68.20209381547467,68.59150921912773,69.05301846847523,69.3894714519426,69.71077995033384,70.15105544049261,70.48754724070193,70.78485917597159,70.94611641611262,70.34717924073422,71.00420487184638,70.76720945925688
Cameroon,Female,56.81995930197791,56.81135391060732,56.67883361177504,56.44458926169323,56.22352558138299,55.79044446505955,55.199659727082945,54.650625160186536,53.97454214107118,53.47605991136313,52.84594555534631,52.83003956782144,52.68713348044865,53.00241272981302,53.7550474034787,54.437762358258055,54.630854342907895,55.31863799551133,55.822941752336085,56.195016219323854,56.54094869200602,57.015182883979854,57.790788882417445,58.3229204907497,58.67869987736528,58.922245555998614,59.84570533775801,60.77011192365076,61.37058128102028,61.90052342451998,61.39290616910772,60.21369136965294,62.495149333555105,62.931440082643775
Cameroon,Male,53.30997774998744,53.30546089939337,53.2683798027923,53.10634102095511,53.024246314673455,52.63796216417091,52.303449464589455,51.97088241289135,51.4790612507884,51.26865497470104,50.98992725262711,51.067804913982854,51.11375173506943,51.40544623366837,52.08915331078577,52.68886156571067,52.91846459368561,53.53274228995394,54.10130333183448,54.57249735855154,54.97512049501407,55.39477623224874,55.68896431490741,55.82469703341123,56.18442502470423,56.67545518976147,57.67988742642707,58.54026247505621,59.100421806025416,59.68114643461671,59.052735426121494,57.8760442365945,60.60303644610086,61.06460795609661
Canada,Female,80.56516410110116,80.72865203663953,80.9000800577173,80.82262108633792,80.90437295432335,81.02361127542292,81.14785670210603,81.27078772676582,81.46489211633396,81.6949134099936,81.90292862255006,82.07474093523726,82.15013972904879,82.34918474128185,82.55288649875395,82.7137349991165,82.99220311637235,83.06720173118552,83.18512149064014,83.42810200790638,83.62989570524974,83.77437321803164,83.9202284630909,83.97789480809352,84.01476686747692,84.05805571949426,84.16024278966755,84.223120632017,84.26475633094846,84.40663169060004,83.90239400514636,83.96242325587465,83.54714462463328,84.0918367301714
Canada,Male,74.15784175651542,74.40245984541856,74.6196806944208,74.64690404416487,74.87066405613811,75.06008951985642,75.36892942108437,75.68110637889505,75.92641660881006,76.21201832685432,76.60692890989304,76.94160664804502,77.14350135202739,77.34827491849761,77.65235508220918,77.92312772794159,78.24813637129691,78.35930892937056,78.56619386964701,78.91153903808112,79.2717113379946,79.56161765429661,79.6876007986283,79.78633169584806,79.82192727953176,79.9312129354892,79.98252135485842,79.94971044334876,80.00100310100929,80.08275801504907,79.31369712771618,79.11821312629246,78.9585377158083,79.64076080053681
Central African Republic,Female,50.15245264493609,49.31670864385306,48.43793405156749,47.25631292476318,46.3313593899891,45.60011522333206,44.61727420813847,44.15379929475005,43.747941864160744,43.56228117457446,43.7941461779984,44.11733262253738,44.56459143864998,45.20978734574715,45.87972415364614,46.73806496667231,47.720167727812594,48.90326222056172,50.35383147375204,50.99946782831022,50.888832985484555,50.88245668506581,51.43556214022157,51.25099467643642,51.86394073425477,52.96193654146497,53.684562459325136,54.020070983785416,54.50466112543666,54.74969673643367,54.81042031377898,54.961656128929825,55.4610156499438,55.86745702595003
Central African Republic,Male,46.88088110982978,46.393628751079795,45.86293511574467,45.198818014180105,44.78828807257141,44.54753750896064,44.18589844003518,44.20459077925856,44.39089668036817,44.63011665816012,45.00622713736195,45.397045938335246,45.88055885422694,46.530654174399565,47.11074181448898,47.73374660514158,48.31689797832342,49.13470987386886,50.1288142019736,50.55032880953106,50.64558600975411,50.7130528766363,51.242441667558715,49.716636328677325,49.99217573747193,51.83134913932955,52.04169841931183,51.338686526011465,52.495039506704494,52.979902717548214,52.90088690640965,52.92621487537142,53.73581825350478,54.30316580587142
Chad,Female,49.721767968926315,49.74211463025445,50.17492028333731,50.28438642847537,50.572165850545474,50.86266115538461,50.84511016718938,50.850533311160504,50.96796620322907,51.29333638466647,51.31979894728816,51.63668773085556,51.938872755407864,52.3266270594751,52.76412025961061,53.28651553044428,53.766271435269005,54.55158127109858,55.197318652097714,55.872346360631994,56.27303518478884,56.59410471669688,57.084324172856256,57.40123976914505,57.731512228605055,57.87878466308208,58.29737192576488,58.6121855114931,58.85241631489725,59.11307860760189,58.66848622492952,59.71923520127259,59.476879532614205,59.72332897991701
Chad,Male,46.70696312616949,46.985713004546135,47.0939200089474,47.61118160041176,47.84283231897864,48.28792989131464,48.32306338695882,48.311540861650585,48.33654564307347,48.559926649912114,48.34954578178821,48.82577947284992,49.04576963648053,49.41534977524172,49.70738926750052,50.13316645210854,50.14100956897497,51.27499163330933,51.7191576554245,52.44958166470249,52.86491381315483,53.16144728326863,53.618340875134486,53.972954353943784,54.37815276523301,54.62046315509244,55.101547680167535,55.40141507785573,55.65564915575445,55.91504147209804,54.883344528230865,56.3199990970397,56.3296098732656,56.71203212583511
Chile,Female,76.87401236008274,77.32318662189037,77.75018085613836,77.99015101886197,78.35285425128177,78.55584301972213,78.86963911960403,79.31600086623577,79.47321696209342,79.67478747599961,80.06231546229286,80.15721657293726,80.41400813239602,80.56383727521019,80.726516443626707,80.94689910573533,81.21308604039987,81.33298575460682,81.71956481012774,81.77650576630593,81.58951721073976,81.892057180074,82.03235246468492,82.20770571619317,82.33987948871179,82.46072671533891,82.72102061157221,82.93497742604043,83.24646127498617,83.38306491829256,82.19758262687704,81.6462696114293,82.34449210120323,83.25180337755259
Chile,Male,70.10509942941432,70.97479689079115,71.73774559224377,71.94581545173202,72.09233191309531,72.0711202304577,72.33363567059686,72.88176241559924,73.24663669102308,73.59690493565911,73.976541592181,74.05278000647932,74.34844420132573,74.5326365514508,74.77263861148926,75.1406704117638,75.47997902508929,75.61165813216697,75.8968251855727,75.9391736318802,75.90096267273914,76.3618431777006,76.64475170818608,76.75964740750311,76.90755150214113,77.10119243094164,77.46830305111187,77.74255741392756,78.04250763436856,78.17889843755457,76.52500763134037,75.83019672787606,76.84333335083251,78.21180525447808
China,Female,69.7591370548521,70.00373020574067,70.31508808255089,70.65902794549565,71.00320569817603,71.39739086624931,71.78749208819089,72.17483086631867,72.51397414008326,72.81671151409014,73.10700669459126,73.49011771573205,74.02825362435122,74.59262582912928,75.25847347721519,75.9263654201274,76.63999833235681,77.22778153870857,77.54415697714003,78.29021647041165,78.85078378881946,79.4632211822279,80.1046248588798,80.58669247845404,80.9581561922236,81.18228578819705,81.20071055848261,81.37151964223533,81.99346705633577,82.7783846375132,83.34792642900612,83.04525830956565,82.88659857393631,82.75358595782455
China,Male,64.28510633364554,64.46566545586636,64.75084011056067,65.08661484330504,65.42717426133133,65.83725812555419,66.29662053612536,66.76391231389248,67.18113428973534,67.58382959501539,67.94014810529839,68.31937430415518,68.817107618728,69.29581639393467,69.88414736035932,70.51351677051515,71.15496624831745,71.66703916848239,72.09965037746167,72.81872958249654,73.49500325699331,74.16725437515994,74.73730828017035,75.28044087675993,75.71853259789489,75.94705383622421,75.94218579186543,76.1177430609334,76.75801893384535,77.60459927264472,78.18707782988679,77.67671987690647,77.22131581181854,77.64573220419715
Colombia,Female,75.37812534026469,75.74073528649721,76.03899454223559,76.37126845395528,76.61016563890688,76.80570627228033,76.97719800564494,77.50817763348685,77.7825583629425,77.55695259516445,77.6670683447963,77.94045315490133,78.15409775486943,78.57326429950717,79.05213647279363,79.46400884262357,79.74518178028917,80.10180022410637,80.38450638915343,80.86466472811071,81.14485250058895,81.5605902074797,81.9164361849697,82.08510478479981,82.0628947062769,82.07990660284766,82.25982420330237,82.37275207400255,82.49705717184848,82.79812124533751,80.98457182437446,78.94929610690201,81.90697025384326,83.17680287272727
Colombia,Male,68.51309273167982,68.39143075508656,68.41890210951169,68.86598026906964,69.31772405534592,69.6614220327385,69.96961982279954,70.57782262323282,70.68403749170481,70.42618278197794,70.01797817157235,70.19356483242379,70.26324178964381,71.66431851710314,72.33084165103524,73.06387493937615,73.49860130965149,73.94384354851906,74.25128031434552,74.54253878936682,74.91940342715685,75.5207686933276,75.90658782653546,76.222439509285,76.41831329940162,76.4397259383439,76.54051579130893,76.67760908833158,76.70945043511975,77.0342819837463,74.07987115585979,71.76188737439406,75.5061175130477,77.00203717312579
Comoros,Female,68.82212786584954,69.12776642413343,69.5394704988757,69.96790456056189,70.33165736896915,70.87460223311149,70.62607512821836,71.62453164853301,71.55247284154785,72.53163485747038,72.1361764426548,73.22364091385833,73.11566369022171,73.89527764406037,74.73299469344101,74.63353666661337,75.39522094981518,74.75961606135729,75.41543440538831,75.64828598404925,76.6845433994851,76.485560525263935,77.00052059505545,77.1860706908676,76.78369467756045,77.07888069053175,77.28821602561901,77.52275615705064,78.04269980227018,77.94431279181336,76.97896406952547,74.902036803768,77.74467529315025,78.36204752267972
Comoros,Male,64.35965170554256,64.74483030636964,65.22124177592568,65.71032847134406,66.09800228503356,66.62202303971685,64.87780681003828,67.08071919828369,66.88655973661375,68.45473220086183,68.20504082216529,69.30827990237515,69.17002598554367,70.09247237038934,70.89548196506615,70.72258090702307,71.34589159936885,70.65326784017951,71.87294210810252,70.74366979346607,72.93366965375982,71.92189597073504,72.9407612336822,73.07250696466548,72.87319288695429,73.23485451468552,73.43486115352667,73.40899502008554,74.0282745842769,73.52841527817885,71.75226921417668,68.59612004761628,73.12146920059189,74.26371972972596
Congo,Female,56.66837803099999,56.48935082461826,56.16851864285847,55.66721910369935,54.95263605420675,54.82480374240108,54.758488145233905,52.09522089048382,54.32555958342352,55.237712439893066,55.92934856709548,57.080384910324085,57.71475679544734,58.1462973659993,59.06893252976656,59.930037960141,60.69586201976393,61.18081557562024,61.98243802733544,62.63258224730899,63.02368512049564,63.68274390288296,63.96781097827919,64.18665714643801,64.39100062656352,64.45669438502313,64.61504777565008,64.80647417593927,64.88671375138651,64.66855391368061,63.85513527338538,62.89796869145757,64.34738718860297,64.49770510098332
Congo,Male,53.6895744440808,53.50332860094371,53.48001629472966,52.74914144144971,52.81236098851403,53.0687983554539,53.2191039493528,44.46918279254237,50.43021914957851,53.41737819329821,54.43247373529464,55.75385473719827,56.196810765218075,56.83484471883827,57.63847167603024,58.432706191990654,59.16481727805137,59.60162364996885,60.22240265768286,60.62853101726719,60.95011272358578,61.4715076677995,61.31368444224665,61.803053079598335,62.05156616176279,62.24091687485482,62.38426342043719,62.63788254910959,62.790399831771225,62.65224239966559,61.63905249830685,60.903894620168174,62.660264280415824,62.92183741413869
Cook Islands,Female,71.2968555526346,72.54904467806698,72.70856286836188,72.85404524519883,73.01129343400893,73.16028490029967,73.31295859125035,69.94615021355007,73.51767665853524,73.7068351776367,73.87844554799223,74.11269447430094,74.32089208590365,74.52373318356592,74.69512836215951,74.8376528520525,75.01307390039987,75.15477803222763,75.33576361039317,75.4343585694506,75.4946997021718,75.5672311823309,75.65902384906039,75.77471426657871,75.83570636146499,75.90813292001435,76.01794594668652,76.1720262596972,76.3010890619706,76.39632844380333,76.14433305536781,75.13028638913413,76.17913988722727,76.51408174837186
Cook Islands,Male,65.60984555152658,66.78944305559544,66.94960264942432,67.09153250716659,67.2383598813245,67.37444953460196,67.53619059269276,65.68221542979165,67.73324656892622,67.88929818054504,68.00363601985809,68.16848154157539,68.31181138726951,68.50822751876866,68.67438419389465,68.80103203861023,68.99023459028791,69.13168284921757,69.2359424740981,69.25279850316002,69.22289677210861,69.30691094419869,69.3537349594109,69.4127679567073,69.50282652197828,69.52396446223231,69.64215265206406,69.80805968734398,69.9644770843949,70.07076112292884,69.55436891637538,68.00841800107536,69.50554364936819,69.7198393296104
Costa Rica,Female,79.0760580071363,79.07935445970274,79.20315610554566,79.27173546175848,79.13861267424498,79.1607847050253,79.2962217432327,79.74073670682998,79.82166275400988,79.8853179231922,80.16286065799969,80.38909576611336,80.8106387230792,80.95517010512849,81.1593962357133,81.63732317175824,81.90556299450319,82.21746096544733,82.36583301304171,82.4616158559263,82.35794865171809,82.53674459584032,82.53911338998802,82.61160792015984,82.65795405800726,82.69750892725284,82.64073371190156,82.6602902542021,82.80973015724025,82.96870629585213,82.27386356318657,80.86205319688358,81.7820435463147,82.17626045144551
Costa Rica,Male,74.49417349953342,74.49576420348552,74.52743174099115,74.45865823126908,74.39648040246648,74.45009222858366,74.46350601334905,74.7145656580046,74.96062252914604,75.0762178373484,75.18846382464778,75.56559250423128,75.86627061520741,76.1495794276035,76.34091552210872,76.56846205227048,76.78694022159054,77.16590497395364,77.29202124316625,77.29325838089281,77.19776807372605,77.34057404329425,77.38689990664237,77.45874322902219,77.38754540983204,77.35482102913755,77.30675968759823,77.33816127747193,77.5565098369752,77.84302424073063,76.66844129509965,75.06424029575369,76.39707382570131,76.85834663967829
Cote d'Ivoire,Female,56.231505866790386,55.85088568445351,55.23546521711616,54.49678184549036,53.79464632820188,53.178605478922435,52.68879362211795,52.35491605131472,52.1523810838392,52.1743675203785,52.23218498473928,53.03425817721944,53.53597636201303,54.487549130903254,55.31196423521843,56.628728374395585,57.87505536844884,59.00197572454139,59.965382539382155,60.53051542749747,60.875198605982824,61.474855856570095,61.92568349655823,62.01471610696278,62.51097643137561,62.761821945709,63.35394550777735,64.06409843925006,64.67765674006185,65.38261894108314,65.16819442242766,65.49075024971607,65.99215473314457,66.16096225959988
Cote d'Ivoire,Male,53.03669642296289,52.61365997078911,52.18483115576194,51.70233352157375,51.31773316704551,51.034241275640504,50.964238607180974,51.00517455362187,51.167347467552645,51.504698582660296,51.829948219306104,52.62292946239885,53.08894676171508,53.88285522221776,54.598084598403794,55.597623934038154,56.58168683026733,57.33292486500424,58.0239153220157,58.42276403089324,58.46480147186527,58.28936931717947,58.53389902390748,58.759488446061106,59.26802396378991,59.60114786915047,60.13755659186987,60.68850787344055,61.23984995869194,61.78170761305849,61.26349071035562,61.28594319275069,62.07793086277555,62.59561985213784
Croatia,Female,76.17551109527514,76.14569973671607,76.47797780745063,76.87945339269014,77.04339347427575,76.66237596037533,77.13684514360958,77.27638280619607,77.51395431311688,77.74889908786278,77.9534032880634,78.24720073734332,78.39719140837137,78.38558672391859,78.79371321161449,78.9135067155749,79.1547771227523,79.27741921052714,79.4699029729588,79.62201083010963,79.82362438071543,80.15884554655395,80.42888888059865,80.6382540276631,80.78050292455899,80.80207213869991,81.06538408887377,81.13133019002998,81.27704329773982,81.4089066497151,80.7478185953434,80.14268854176035,80.66923590624909,81.68689143561379
Croatia,Male,68.75169026267616,66.26197665204548,67.54557009219377,69.04568631327247,69.6407012155107,68.82683971122935,69.91785708772707,70.0657419190113,70.26111670042886,70.58033817099167,70.83457316924759,71.13472216772357,71.30279770675946,71.48359155785352,71.90456099378629,72.0906333953749,72.34132054757615,72.50174242347482,72.75509289010179,73.03407939593662,73.35501546591286,73.75318305282656,74.00318638065937,74.29851519059204,74.52798751058457,74.67931524871197,74.93511219756213,75.06777539821994,75.26279486667734,75.45261072587515,74.6373431233836,73.82758743646903,74.37096941713824,75.4614000336298
Cuba,Female,77.3490431724302,77.44078646779535,77.3234266639883,77.35440174764983,77.5819185344453,77.69956564638473,77.86492940567707,78.35918773359776,78.66167231968478,78.96073777389395,79.30057526322784,79.53889349067713,80.01379931801947,80.10116451665048,80.11684935887136,80.11929444637454,80.45774559384215,80.5691211678624,80.47124106374561,80.48410386309318,80.52859504542722,80.86653432774584,80.97229498856733,80.89435319144945,80.7248327339402,80.70640924006992,80.74447438919893,80.56947711175653,80.59664647210397,80.73665210759296,80.31592856817745,76.13286447777404,79.8016284828459,80.55893360896461
Cuba,Male,73.49032013303204,73.56949913061823,73.4824925378464,73.30953700864218,73.4329143009779,73.67129393558956,73.92606231912892,74.25451233774565,74.52164766514042,74.78104183446614,75.21911510763147,75.57248936865899,76.03700663981817,76.13332770935459,76.14252266854582,76.12715189167706,76.44387999520238,76.61268402389518,76.58407962119315,76.51383123376833,76.49141068936697,76.84158120795564,76.83334085669142,76.65683699728908,76.4517178531205,76.24871215370601,76.13755555059325,75.92875315637399,75.90401035088489,75.89831348531195,75.4854252745707,71.28466666074318,75.37734141645544,75.84226727347975
Cyprus,Female,77.41576500415968,77.55900283773894,77.6644592410364,77.76509695517169,77.93739609251394,78.11811014210016,78.36092009818847,78.40067241809906,78.49391872439912,78.9588655876099,79.40603480767523,79.73608872437927,80.0292802837193,80.18804715892612,80.38392106665742,80.5654330119403,80.82706510906527,81.01445449750102,81.23603505482048,81.48227759084024,81.59972958530918,81.69114835009003,81.86764219144129,82.00439239808668,82.07073752178148,82.12937327141924,82.28214218215572,82.37481755776558,82.47237352538328,82.464113221839,82.11061964740686,81.69656555602056,81.99544395416311,82.58642582449163
Cyprus,Male,72.80817151115663,73.0256546532561,73.29805528139468,73.57202893046258,73.84698760088804,73.95803275251147,74.02353084661459,74.17154829061997,74.15599621895022,74.60634690309622,74.81043377630667,75.16815695802912,75.44026391967576,75.60534211337668,75.82205565330551,75.87045473700786,76.15901476927189,76.35271389602163,76.62347412726761,76.83407091645293,77.08220411965362,77.2657293743663,77.52736624766372,77.70656195203456,77.88484563295803,78.05197686724767,78.22906950675467,78.30780833677007,78.40341943442237,78.27607929384453,78.19281520031222,77.83315309812653,78.091100610476,78.58250267742392
Czechia,Female,75.3870632414756,75.74579012884591,76.13940525813645,76.38308526885007,76.6141440226161,76.81257604772156,77.20008218310372,77.49617437769957,77.83760145275954,78.08190895156196,78.35599743471475,78.53058349815483,78.68572513711246,78.8344509793395,79.16367111765031,79.45665373915128,79.86183394256972,80.11357135808643,80.32692153016747,80.46580308465656,80.66910141736189,80.87726911893078,81.05731296696507,81.22265245246221,81.5762722126975,81.64513534524342,81.89208400757809,81.93333571449413,82.07038780587999,82.21530020054188,81.40144975583867,80.62211059846065,82.00907629257422,82.78416537780508
Czechia,Male,67.74469980475641,68.08844768401208,68.54740188990385,69.0751689418458,69.48049843744737,69.74373690509171,70.14245478662161,70.47169271561965,70.91861756503675,71.27929590793329,71.62656345470721,71.93149344148898,72.12993480872464,72.28313148086019,72.6425321564542,73.05106664522941,73.50938315861663,73.80250534545709,74.05022593733987,74.24740602584498,74.4715999596232,74.74740407211789,75.01382778046583,75.28829034687335,75.66179318852689,75.81310385779355,76.02600187489634,76.14571958085767,76.26171945527919,76.34691969852841,75.3439012474891,74.23207715515854,76.15193327038756,76.94817706427224
Democratic People's Republic of Korea,Female,74.68320408450963,74.65584569598902,74.6316943020605,74.61925162499385,74.61030400696373,68.26065873926329,68.14415665270108,68.09478358888465,68.02272844877567,71.91209436204936,71.92765166763787,71.940591742167,71.98590932894557,74.62555262189578,74.6683935493971,74.72326968857949,74.81327350927087,74.87966068618657,75.10707479377041,75.22918956989432,75.294559589262,75.3313177938355,75.38651189923203,75.44018234233727,75.57518387658003,75.68910275704863,75.75013531033521,75.86154736697743,75.88578903843207,75.9660318201214,75.94322764711997,76.07162259096658,75.92329489957335,75.99534023391799
Democratic People's Republic of Korea,Male,67.72677971917459,67.77031695028403,67.83629342645808,67.84490372749535,67.93362047992892,61.94922469438647,61.88248383091126,61.84887255076899,61.82003106033081,65.64769997459409,65.73366875555233,65.79805389608511,65.88794975921125,68.58452853384533,68.70855162582906,68.88250910517469,69.03389639593158,69.15058298110579,69.38790752101347,69.57893271266109,69.71060003411083,69.8316807282133,69.96146315091751,70.11094909330136,70.31043839588422,70.48683308828907,70.62561134445029,70.77068590536908,70.90537891382682,71.06942486011354,71.03053357765621,71.25929430892283,71.24877003965432,71.3452393231487
Democratic Republic of the Congo,Female,54.57611013183412,54.41327520157858,54.46179059877485,54.33618250587729,54.206211135561965,54.34371854910353,53.69337959765307,54.25857854822696,54.34280743567474,54.35283232530688,54.48009243034925,54.70316228653198,54.67594477536842,55.01915370214381,55.55553445314618,56.11830532904908,56.57738679691333,57.06571935448393,57.44433504398816,57.896531882196655,58.47622217114153,58.97402303086261,59.49371727986643,60.0534334949275,60.50368139667728,60.959015473893785,61.402490759973894,61.78245983451741,62.05931854709556,62.0825929857316,61.54197530526925,61.61162771124945,62.17117231428249,62.62687782535533
Democratic Republic of the Congo,Male,49.948747526033635,49.88547055073921,49.9768939561628,49.75426404548912,49.82574727574733,49.99333880260118,47.938254871795536,49.38747248018189,49.84573401761129,50.023508607575806,50.48105108977636,50.905209587064974,50.78597139170255,51.45041808869124,52.29285097724684,53.02236042449776,53.609945511804646,54.17830107288391,54.56540835749433,54.85553287869029,55.556994243177634,55.973494374469176,56.34648049848924,56.78392589032213,57.19766545973223,57.72620601469663,58.18840532623012,58.51175103974187,58.93327811685718,59.11706438975052,57.69666551941051,57.920171015602506,59.11686828117536,59.978754898036094
Denmark,Female,77.83107120828043,77.92845639884203,77.92688079402241,77.7529258893902,78.01079812566967,78.0030122856339,78.2534065869688,78.54510394947548,78.7421642499747,78.72809810691844,79.11397647190726,79.28428656182622,79.44732801683256,79.73594064870018,80.12943405794347,80.37748081565636,80.48182143660749,80.61012374325401,80.89207679308647,81.06315941923418,81.33505588972997,81.75982591751058,82.02372766468841,82.29897319662162,82.6088623122516,82.69156819940686,82.82463914799027,82.96360161433593,83.08350686185804,83.31454733906102,83.39553273552127,83.30388008383633,83.09404288757557,83.57272204827908
Denmark,Male,72.23531259179701,72.51620498424805,72.63108141860269,72.58007831919515,72.75150821811731,72.84682105226624,73.18713751341114,73.590529166629,73.91149893438237,74.1705371958518,74.58264458827422,74.76530977066872,74.90680630963035,75.12538044348229,75.48975900087123,75.83338184670002,76.02349345464572,76.23319246117617,76.56707389346143,76.82722418906309,77.18373889332851,77.67606502787845,77.9989673566716,78.2673924852816,78.59672810650788,78.79199805342135,78.92678568873208,79.02031495103759,79.13554417402814,79.38057537631443,79.50744192390128,79.50524726476502,79.2498463940703,79.53134468055401
Djibouti,Female,64.00157972896463,64.43491199842639,64.69175773668094,63.58587327919134,64.00376528753756,64.89482189787098,65.09884948406705,65.06585277112887,64.94898709271425,65.14462675899834,65.12927310734874,65.16522261337218,65.22416323183123,65.75554852615363,65.41877350574099,65.85129599100692,65.9696845722743,66.344376318519,66.49296328866777,66.7543531589283,66.71089503508405,66.9772128035696,67.27811859772332,67.60426405761424,68.15161308637346,68.22430094950687,68.60880494010615,68.81051185004446,69.37622291106507,69.46826373705926,69.10773282250139,67.76106855667933,69.48121639292769,69.92756944684035
Djibouti,Male,59.4482246919547,59.53854891028612,59.98130519269484,59.54451308509482,60.116904451061146,60.72491322289787,60.992901662851054,60.94381976341616,60.82019032678523,61.09403006339067,61.28781648455212,61.3994582419074,61.485715378617115,62.000313010090466,61.88765796330682,62.26779084928767,61.88460881384661,62.86548985561375,63.09422329579073,63.344221606371086,63.519833501396725,63.850224355753106,64.18564691228622,64.51850124242769,64.9589157429088,65.07218416431375,65.55232833063937,65.7400397772577,66.24207736634331,66.3082705034771,65.50687411348237,63.508051562989955,66.53197212606462,67.21293273488587
Dominica,Female,76.81717603313226,76.73807806493241,76.79926377356891,76.83830381265906,76.92340608836675,76.95065070948489,77.17092387877757,77.3769197844653,77.29343961079819,77.66448515205386,77.7604488687683,77.87977671005086,77.9269849050967,77.7511478596882,77.82784100036046,78.02993110963207,78.12337070117626,77.96056613987672,78.24048608053508,78.3097270718466,78.17016418915767,78.34679554847914,78.3505058884121,78.39490961330024,78.44718663384162,76.66792842979432,78.37009838295498,75.32763202362537,78.6463642175752,78.63001907656285,78.09370336239844,77.02765099797463,78.33373568506556,78.74244473704844
Dominica,Male,71.8598275196238,71.73366803843524,71.58123927268619,71.5098913629385,71.52016982579417,71.53264535787257,71.69960209179665,72.04424728167426,71.39966285543807,72.32567048725159,72.4224741647604,72.56908088853999,72.67054589136937,72.68626874801114,72.78423116655568,72.96226856852066,73.05268623263774,73.00187876347022,73.18722640079012,73.22340567032035,73.03514154123386,73.14075586913607,73.12796414269363,73.16206557231311,73.1736414176642,72.26883451826076,73.01006315991965,71.66899312264549,73.50023347382817,73.54265469841042,72.86378123069238,71.8997962057776,73.31781964046617,73.80649900314998
Dominican Republic,Female,73.43968812335451,73.90181873025412,74.31960051598169,74.70688395384589,75.18271871331977,75.60569883740335,75.86733259460398,76.27912908637379,76.51731749429898,77.04653211414805,77.27498619960419,77.43829333606158,77.6892393310785,77.73037877264804,77.44109331636943,77.85044439495356,78.01723832700345,78.0776846182451,78.20987086973811,78.21374624134639,78.17795977359721,77.95947592474977,77.72899110805469,77.67259174636104,77.57483635061539,77.34354251290654,77.13045251070858,77.02011678616239,76.88190132682507,76.78123321579235,75.95618156254064,75.86233463309641,75.93172407307998,76.35728091134466
Dominican Republic,Male,68.4214661378049,68.75604805296761,69.06846151200853,69.40619649823785,69.63932644421081,69.9317597975258,69.87849973690273,70.24337952873512,70.39972071389272,70.71785627959933,71.00833798443263,71.24274889757491,71.46702810876073,71.63147173370788,71.55898683404992,71.89474184515424,72.06887965290994,72.13768246022127,72.2604956175361,72.24253776752144,72.140807940609875,71.86297962715891,71.55255635541843,71.44187670059316,71.33694360731855,71.06414818661688,70.83327613863194,70.70869056682369,70.56016845896428,70.40456623124473,68.50854839361388,68.97156943817733,69.18303540636708,69.923833042166
Ecuador,Female,73.26906048386486,73.14562397798807,73.43444620709126,73.73329297287077,74.17269121477216,74.59227873094949,74.57355056054334,74.6992429494984,74.67717073173085,74.6070061900462,74.61433670963271,74.93190248902607,75.27413947162837,75.74369554170966,76.1436106363608,76.250453762096,76.59300331492607,77.03498315032587,77.5488164192327,78.07415771664928,78.51642601193892,78.87334854625865,79.27700440852085,79.82308223277641,80.31359905414345,80.67473486250033,80.66143986310496,80.97123703151355,81.10436528153974,80.99929737082728,77.38147042021902,77.93629063578982,79.75168087166664,79.89058672465119
Ecuador,Male,68.74414018977967,68.44135624683611,68.66851864579678,68.9351102320074,69.21884285525303,69.548747756917,69.4719700091368,69.44305534166932,69.22434478016828,69.0075989106003,69.08114828742049,69.31987179187104,69.66415181132376,70.07187262542082,70.3324258137817,70.48754183322355,70.76899594827412,71.27597509870532,71.87110864972392,72.51533828765322,73.17319045844373,73.76973770350219,74.49716181888978,75.28359076033895,75.95916822811324,76.37355662173198,76.43859314902608,76.64272735840802,76.68561260588471,76.51957698476917,70.35231635096476,71.72437181076434,73.6592056333019,73.59409083781831
Egypt,Female,64.65768161170573,65.38073485912587,65.90892166746615,66.23428766061954,66.60286176657937,67.04352269955459,67.27161814447831,67.3719310716591,67.53441503663423,68.08505635475395,68.65074398414657,68.6464390864371,68.5663930675191,68.59686535729185,68.90761352160251,69.26123691291531,69.37538525742364,69.5694939624259,69.63491606789917,69.72454003480537,69.86973054908636,70.11134562974914,70.09017548752801,70.50005034338764,70.47922925177751,70.26571961305345,70.79756583084207,71.25612013347124,71.41518781846929,71.69178894753156,70.25571746025678,69.2550882754958,70.56150572571624,71.07249666679813
Egypt,Male,62.96348349460548,63.673452168902195,64.26153873096408,64.36492939260717,64.45371397780735,64.79539742233014,65.23600322036077,65.43651337982133,65.63765576842505,65.90101576066158,66.21444159516957,66.14780855859021,66.09779917986256,66.17072830450833,66.52127803041176,66.93012324323317,67.02803653258202,67.26444087998277,67.3889938180724,67.49382345647793,67.63254479628581,67.65463046080097,67.6708268912359,68.01481112361326,68.11695631090896,67.93971639441197,68.449860721443,68.94299698756487,69.19224014600015,69.51701767385353,68.0923030816169,67.5774457224406,68.76044853161875,69.12653162952057
El Salvador,Female,73.29108297551166,73.70249032273699,74.05268596005709,74.2408662934409,74.39491362738251,74.77434735099575,74.87078434498359,75.03980432547407,75.06504689853827,75.85835960911005,76.2905246841488,75.79298649112846,76.84693720128193,76.80338203057252,76.96118499601874,77.0057308646037,77.246647555817745,77.31836356492911,77.44280755951694,77.26015735021764,77.70263422280549,77.79206370657425,77.24152121111338,77.00815280629686,76.720674604785,76.5694619011813,77.3036483725364,77.37695031680865,77.45075746991877,77.22383097718844,75.85999429669356,74.87914045534242,76.46476478417074,76.76603694646433
El Salvador,Male,63.929823283342714,63.87416699004759,64.79785649947317,64.95040143273441,65.09752943629381,65.48584139891699,65.92772010580198,66.1304966776557,66.24797393626983,66.97486359360452,67.42953638691796,67.55601906284528,68.21648064272576,68.01694098593777,67.84622954426536,67.71364400922806,67.71108599659138,67.9003126713565,68.21842891113342,68.31504264608624,69.0199456713809,69.56079746197963,66.67176118314734,66.53824897707793,65.63188193510729,64.6758432214425,67.24654752144309,67.38573788449476,67.57556387501222,67.88403076318846,66.40100276393522,65.7998175612393,68.46677704454346,68.99045461310654
Equatorial Guinea,Female,52.47805039356111,52.75083805206204,53.160009461263435,53.48448810884231,53.89732037854744,54.08119265144521,54.54320570145675,55.73201102476999,56.54723600251039,57.16620481500474,57.74992095138647,58.57696849325707,59.29464552107544,59.84013464437367,60.37733675424723,60.71462693268128,61.5166313282901,62.13449832510239,62.31309926531125,61.9586358205644,61.86727798817803,62.38109504811643,63.350281147142184,64.02185271877941,64.5911676933485,64.66302732672557,64.67457576544591,64.93348166365384,65.0931945981036,65.13157076922312,63.22254900839035,62.82966256568694,63.691910006596046,63.8711381994801
Equatorial Guinea,Male,45.91085639363261,46.12526453056784,46.42236797796082,46.693941561600774,47.0148120094723,47.254160737533994,47.68140745526994,48.7688091797401,49.548325434610994,50.280056993859155,50.98690872514915,51.89851073093799,52.64068576693041,53.29890837448123,53.85835263441988,53.962890653989774,55.06765135061292,55.70498136949369,56.1222760377541,56.47923256422148,56.79716162501573,57.25720664123647,57.96808017221767,58.4886942665748,58.81776302398579,58.77256643632867,58.540209444476226,58.6971489933791,58.89025958263142,58.946830776544154,56.82152832713317,56.79040682656378,58.23301857482302,58.55492687396936
Eritrea,Female,50.28681270770044,50.840224802089864,53.52129833298809,54.23977535044613,55.07875276926256,55.709547453949305,56.381556740491,56.99843654775902,57.422366601946386,57.19373514140452,58.19798950144681,59.07910926473125,59.414935598915065,59.85624746618867,60.24251043658636,60.63898857921273,60.9994595149497,61.310481079241754,61.43946447218622,61.56638937909508,61.79749719375353,62.13250297345208,62.37892924498741,62.601279533709274,63.14660971146687,63.23479037592408,63.47537138823179,63.61929319641215,63.8417554213207,64.06234051665908,63.92491014687218,64.08742340203405,63.6498853992504,64.498680615399
Eritrea,Male,40.46392166802042,41.273955742020256,48.807660460571384,49.61670503930176,50.625982077550645,51.44042929804631,52.19348884692125,52.98619191864828,53.09247670701421,51.387557883291976,53.59980233319604,55.39591856114603,55.801125666016226,56.223174939654626,56.66158818889629,57.042136299076375,57.462750037712745,57.76187261365966,57.861966677191056,58.021168356535405,58.25185849913081,58.590425848219375,58.889898051416345,59.1407728046325,59.636081835591355,59.781906432279015,60.071165563748195,60.28693521524908,60.553857294337966,60.855736493655336,60.22681231094261,60.15451249224883,59.118025225230326,61.28423725270068
Estonia,Female,74.88161260904458,74.78197026180936,74.69784904767168,74.56473500423368,73.99159268286081,74.7977899543909,75.22538864997985,75.57264636316083,75.78238098260037,76.09367850259473,76.40566656112962,76.74563101189729,76.99783789399395,77.30932995827247,77.7415783550399,78.165171711412,78.62442213942032,78.98719436256339,79.36189753419018,79.79092558833943,80.26074349419571,80.72298283635405,81.0155704894689,81.25413510042459,81.54477801225921,81.81212449923498,81.93997885306729,82.1868070233027,82.45087923057775,82.76459995009789,82.56700087446131,81.52386200437554,82.10857482980663,82.88042305317407
Estonia,Male,64.82435689389726,64.26009216942327,63.49235616637036,62.84442097382043,62.017124844313734,62.67422160945648,63.37574442982653,64.02954429967946,64.47190597742187,64.87793734641268,65.28784011089971,65.6500016465808,65.9878219133496,66.3448366621943,66.7901097851578,67.17323690070855,67.62151523747366,68.1497848879608,68.84671441962968,69.62109208319961,70.32908010976051,71.03573865889413,71.48603900841246,72.05228477417471,72.40788926050156,72.87873130100535,73.1920832321875,73.55938729876974,73.9273767122894,74.33866116685721,74.0811060239933,72.93954601887413,73.28290944172736,74.19981054251957
Eswatini,Female,60.64140176598258,61.005043318150605,61.17938719206436,61.53481250347357,61.52376040135518,61.35840127293986,60.679690049030015,59.890983415707154,58.48436758657339,56.49494441074284,53.8770429606842,50.767530375533234,48.31412373242752,45.20903110071402,42.53321332494212,41.69610667816893,42.88777601177836,45.40593245057036,47.62554917592357,48.91579779011325,51.4426600075908,53.89043538332421,54.96866557082754,55.93253817061921,56.91588771276463,57.964245930734094,59.05516982354324,59.98727284278122,60.65702823964052,61.02330299296128,58.12941715552387,56.43903996597657,60.651203909647016,62.40225981515358
Eswatini,Male,52.51950201464275,52.812937166103495,52.94704852141765,53.17381276884753,53.12665341097442,52.9095927694153,52.23364792997722,51.49492566253716,50.26817891108421,48.63413704603245,46.57260273333563,44.257697973306726,42.65478184760303,40.79142433334575,39.40314114544971,39.54720991376245,41.02085095888616,41.78921022911333,41.870191974225534,42.47672272508033,45.0414186487733,47.7503802344184,49.03624886626845,50.56625910836286,52.33823054114691,53.94025917045143,55.50106770826361,56.441962513318366,56.77947858077963,57.04758461531942,55.68676216522255,54.50497590669292,57.653359343371065,58.81425871913392
Ethiopia,Female,48.018565258539944,48.63486016645706,48.82854346453221,48.98327014408481,49.15326704859216,49.42104753720304,49.85781596339019,50.38585458424601,50.955849772006296,51.27825836892016,51.96072962051773,53.37931142723904,54.325309192886294,55.26155221104958,56.288310446027296,57.32045279008528,58.3521190784445,59.554267634325875,60.57171230184154,61.55960652306974,62.44124836528827,63.17048240138027,63.829856329377094,64.37718808458277,64.89545912329835,65.35394069666073,65.71783450052448,66.07779360726973,66.33081424973253,66.58416287639093,66.45367818680533,65.52403095388246,66.61094838823809,66.71007771226283
Ethiopia,Male,41.45231524423249,43.47715199306726,44.2599356915176,44.68427025768904,45.09833810414129,45.606790390021835,46.345299405780686,47.106783896696314,47.87382656750471,47.47587829361233,47.80530466304533,50.70130811692896,51.71216114984448,52.72475043535613,53.7645109953699,54.79672916326031,55.73669100892191,56.7010162183606,57.48550191282896,58.20909869924565,58.90272300186074,59.48624111785722,60.005128870188926,60.47466260155985,60.90600487273957,61.25466621951501,61.567339033233864,61.94994119024753,62.231607759869014,62.56049663408311,61.37570134328515,59.40028267237286,62.4670670613966,62.95962641770736
Fiji,Female,70.60134017836923,70.47953425877598,70.3329444222862,70.1496330062975,70.13338177403197,70.02745369267839,69.94738333432629,69.77129545476525,69.86067881122767,69.73713631296732,69.73926542354945,69.84433211264687,69.75488722514726,69.52189726261739,69.54652189635128,69.57884882913912,69.50962966378121,69.4107556855037,69.27481247624209,69.16091326820585,69.19935435322714,69.231324281226,69.26118832644434,69.39838446963537,69.51009925615756,69.62030971715177,69.61003640896313,69.94170276401799,70.01920432520001,70.110224095774,69.83090369360387,68.02804368667425,69.45303253193016,69.48350644919492
Fiji,Male,64.69787452695142,64.69744469351852,64.67401792682455,64.63899349938372,64.69201219290746,64.73134648632097,64.77794694154919,64.71821047811876,64.88313658913619,64.81761707959443,64.96042000707749,65.07756881407009,65.13128665835868,65.14292773229978,65.27678857066934,65.37884995327329,65.43941017551761,65.45605945485123,65.46159459481699,65.46814655282262,65.53251341762513,65.62546320842131,65.66235486527863,65.79527239563518,65.89881109807475,66.03180878004189,66.08476496364409,66.31397877424605,66.4363371582439,66.58052286767122,66.34267458121133,64.66063312768156,65.98338187175024,65.97496868978452
Finland,Female,79.13095617882637,79.3626027465759,79.52353504796756,79.63620136339127,80.11520133311411,80.31890670216117,80.55450571438793,80.72965347633624,80.93002427105289,81.13084832944854,81.28403570724663,81.52571375123797,81.64163474087965,81.9072972341198,82.31296708858987,82.59983692941701,82.77167587757191,82.94048894763694,83.04029563146565,83.20968702193251,83.32796792158513,83.51606594690368,83.60436898987838,83.78873218950741,83.91244754530838,84.07487350253369,84.17175315559996,84.29015053905432,84.45076413133671,84.63075004309424,84.58034614176272,84.51121106635505,83.74612380251426,84.2668334631095
Finland,Male,71.13482396361222,71.46096125603506,71.73651278652768,72.19355497384429,72.75120893400327,72.89731047674837,73.16991324054453,73.45232969299136,73.56698266062556,73.88335392075085,74.31692045782407,74.69161611174235,74.95820820027299,75.20668937088755,75.49790827703868,75.70543648009183,75.88302797619234,76.08158449238906,76.40628586220164,76.61486033446836,76.87959968917582,77.2618669345157,77.60518377909838,77.93833185542226,78.24753524252407,78.49045449383084,78.58609442792626,78.81091557578625,79.00024670330538,79.22103644255279,79.13183524443151,79.19736714712135,78.59216847292181,79.16424288277575
France,Female,81.4460044386605,81.64896064295344,81.90554895322023,82.01293955154533,82.36091612828955,82.38963569017426,82.46671906654323,82.67420111594264,82.58634407035129,82.67177603197243,82.91707410241588,83.053647120182,83.10945883907462,83.13243462549924,83.88913629735478,83.98632933989923,84.24181227409852,84.39352767308144,84.39155085034851,84.49217567351444,84.67629069987744,84.9623136000601,84.9608908077762,85.16421768310968,85.42742279096801,85.317561425859,85.5081996438556,85.5980726058634,85.71224459916674,85.7847817853249,85.1659869137473,85.642999949351,85.27411292321634,85.49070650811397
France,Male,73.14910410182239,73.28961016624454,73.54293033659779,73.73741157820992,74.1245947119164,74.25398740101807,74.48264100585524,74.88954394852915,74.96837089891855,75.1740731033691,75.44855587584325,75.66386408083683,75.87561644039802,76.0752089636241,76.82929881896126,76.97802918617721,77.35269234883533,77.59217137581814,77.75405798550304,77.94331910302719,78.15831752403459,78.52098691870177,78.7060066707551,79.02419593976825,79.40854956487902,79.30544516829288,79.56005587353856,79.77412881159333,79.95016103385329,80.09419263098451,79.37214428811171,79.82694805189678,79.41861987328919,79.70249321741204
Gabon,Female,64.4124398091754,64.30807733066905,64.32502152736815,64.39411733197504,64.05990146133037,63.66957316090817,63.19518221093178,63.124805106925095,62.88485585374763,62.77143441055277,62.45715105123922,62.26377195323355,62.21945881404247,62.34060051972275,62.88931384360619,63.838087438921995,64.2397476158404,64.34005752122171,64.53365740064734,65.04054627490366,65.6088872913385,65.94201193425639,66.43934989555122,66.85219250282358,67.18338423681777,67.09993154684597,67.02562111422303,67.01502738659782,66.98207655074945,67.07141146817442,66.04084093634027,65.6515163191192,67.28376414820183,67.77770902773983
Gabon,Male,59.68018475786056,59.5183451804857,59.932209407584565,60.03916458849607,60.144042005442536,60.1304129960048,60.05635955921901,60.24800414900903,60.34572340273597,60.55529992088173,60.613794661286455,60.75224904295036,60.85737366467645,61.164181717376216,61.65485957893068,62.307669644881926,62.684747466000545,62.88590306773656,63.079138746856,63.50003437294863,63.89928770411879,64.18110145057773,64.4308000284333,64.43918446144238,64.7544450696434,64.89448584233696,64.98438900655528,65.19618547441775,65.36646076918014,65.56483165440274,64.79513263070545,64.65417618902912,66.02739335227321,66.42956427208534
Gambia,Female,63.18794524945232,63.41185189146718,63.22755812555614,63.82331187568245,64.3109004973627,63.6602252884724,64.50431116202091,64.5105721804513,64.55850856511975,64.08361514470577,64.98210013369949,65.71153048297603,65.89715241899101,65.88648164117902,65.39771789978657,65.36417636101376,65.82023790795803,65.95241285562444,66.68781619932264,66.76018693983076,67.47112995102768,69.11044928855442,69.43571967565275,69.40351867172448,68.61163139296913,69.04668686221116,68.67924698246004,68.03331869070945,68.43066022212435,68.07823099960954,66.38793213439888,65.4731814842085,67.75689004104385,68.57213155068985
Gambia,Male,58.97397705233767,59.205790889442035,58.855527549614415,59.7277555444624,60.068309909825544,59.72080167700656,60.35774550015768,60.23190685153259,60.509376192963856,60.31805735462767,60.99645347136264,61.65214284764392,61.88714618140587,62.0463133101539,61.89165381205757,62.010387593148955,62.527468823995505,62.690378059619526,63.41971889766687,63.614892153762895,64.27025492767504,65.518755961532,65.76933120920809,65.72469159078207,65.21936818256955,65.58783601050729,65.37841659703611,64.94923688975183,65.30885094714239,65.21114833608284,62.64590180970751,62.07181644965151,65.09705712197645,66.08211959288174
Georgia,Female,73.10759814956381,73.24540848579136,73.14903809537249,73.26190504201513,73.99272104903774,74.24438356995539,74.09460647188637,73.87747899597187,73.51539985867225,73.15717587120747,73.0693732607018,73.0623885863645,73.21729929819111,73.84575412004733,74.67514839580264,75.69997703155938,76.56279731619983,76.80930275086988,76.34424899087908,76.4209267470428,76.38599386740209,76.64354653964581,76.77489331109184,76.99652274592884,77.13815430126904,77.35206846822207,77.5965047189293,77.90689995627515,78.31914916469069,78.71361415152829,77.79404719086807,75.54244357613959,78.14103174753038,79.3953585769284
Georgia,Male,65.07639844542275,65.07634122828297,64.6619505483304,64.24772572344895,65.97650382836096,66.11809012281648,66.06782254261331,65.96761707909444,65.68756301431306,65.66782685683903,65.72180504491773,65.88234992922712,65.95753987012338,66.40988763634907,66.8118298419654,67.1462419079064,67.26216617771534,66.98025003854109,65.90511509604801,66.76951949384761,66.9709127498241,67.32712434346709,67.51501705588078,67.87122007634942,68.09544562304619,68.20355830651037,68.48452667142502,68.77987908537568,69.1490208805159,69.6637484816833,68.65187186592665,67.18270073286342,68.98347561181026,70.07278850730641
Germany,Female,78.61538373577672,78.83163249668556,79.18415745145144,79.28104506583796,79.55473675769488,79.81038631433688,80.00345223387667,80.32594536070216,80.5777669890856,80.7986238886945,81.12835740896136,81.41960252706525,81.51915282289852,81.63477267754455,81.95129304715903,82.06044973552918,82.29240319366653,82.50145892422486,82.59213859316763,82.68758819815379,82.80945946048283,83.00948156174917,83.11631443544333,83.10539341970932,83.3561762833196,83.18373705244575,83.3238457746201,83.4036935320607,83.41546663663735,83.59844887530792,83.41517771651668,83.11412980926674,82.90787024114643,83.3680878815518
Germany,Male,72.14189266558279,72.30661386552829,72.67017255807868,72.80856643940078,73.13513521342131,73.37383095331272,73.68026710475071,74.14085542194323,74.53712026829386,74.8541261709252,75.20253109668593,75.61782927987258,75.80688228892244,75.96053400870225,76.42712820295907,76.66254151274987,77.0127682118619,77.26105489065927,77.46395892974995,77.58840263264422,77.76176822051868,78.11141614808655,78.27415308987896,78.28041483956463,78.56687144479082,78.34978432655005,78.52385569877829,78.67186163180945,78.68658140846496,78.90394378482378,78.62737163310987,78.19778801228594,78.19254806526149,78.50669841730256
Ghana,Female,58.44721518823548,58.84089399065037,59.062982680653185,59.29704528152981,59.23920599014758,59.69843332952264,59.927951022800734,59.99875290280108,60.35140662046555,60.72518869072154,60.9781312462128,61.35880795665192,61.745582021538816,62.43594898712336,62.94118620035425,63.30805408885338,63.544615190524986,64.07256229402901,64.64563199294143,65.16257235071375,65.57633345041468,65.95123079749926,66.47044576067066,66.85208412952794,67.22240034425816,67.16495882135115,67.3755707043265,67.56700330267739,67.62069315346996,67.72422964663959,67.42630611969369,66.87939092967018,67.7688337793661,68.03018372184808
Ghana,Male,54.15762313829766,54.51240297701975,54.77190329406745,55.02475187219969,54.85482334421419,55.472034873981286,55.73811260958099,55.76050353820781,56.08671359407441,56.364417716539464,56.51192448820984,56.77265013966393,57.05845296038896,57.53303311730251,57.87887922518753,58.122891321035866,58.29300522589615,58.708877592259896,59.120719602453015,59.48581851933636,59.805862825689104,60.066513653501694,60.38339487032003,60.62402578237227,60.90221885954157,60.890388004074794,61.0065035728858,61.176831737477414,61.44637612826236,61.73914640275558,61.469178276032025,60.91811694148326,62.372909693636174,62.93165884948278
Greece,Female,79.40907424976164,79.44757676561564,79.52546007041055,79.72507627067903,79.87620773063816,79.97514299866695,80.14504803421367,80.31684707983283,80.41339759284861,80.55627035023016,80.77291929731042,81.0914019378479,81.26091419478804,81.37725409089495,81.67412455572584,81.95601415240041,82.14490504785338,82.11235731075708,82.4597045939933,82.62614273087438,82.80622718779134,82.88275650861397,82.88305685585954,83.26819382171611,83.49921958015192,83.32626143059782,83.57095943747697,83.61706358362358,83.97983138825398,84.10116540491923,83.74401042555678,82.83872447584054,83.09259688594553,83.75724925813496
Greece,Male,74.71957721630014,74.72862947203963,74.80542065274638,74.99934595644311,75.14951329390608,75.17043673075379,75.28509541301395,75.52816707797233,75.68521328544382,75.71600041007714,75.89394200044396,76.33027039858766,76.5305877720476,76.649951249017107,76.78904411908351,76.946153287073,77.12252931437075,77.00498274957107,77.33161397640083,77.48466647484776,77.76000405729499,77.7729114927505,77.8186795025159,78.24026904920972,78.392790932349655,78.21836560563094,78.55568938280307,78.6130531221305,78.91333342339055,79.058818705505,78.67025152404678,77.56233860532625,77.6096103299423,78.25672554343267
Greenland,Female,66.60615839225143,66.62674139136692,66.6255585724691,66.67424341036686,66.80112759324211,66.7882403432908,66.83537987437846,66.93692035917307,67.13701097964201,67.3282335419441,67.5937172838896,67.78704069735242,68.01362797801022,68.32369155306809,68.78909942049974,69.10218061216142,69.34502997128743,69.63739713838532,69.93532362615326,70.30552623181119,70.62088328255255,70.85105488768366,71.09294581105979,71.36264210980846,71.61849504162872,71.84885721130027,71.96255830183264,72.11789270951232,72.24981254985303,72.49929767822343,71.72050487419165,71.54768782940393,72.58670526539042,73.44708258425877
Greenland,Male,60.019898873286806,60.17288831468416,60.3576113120368,60.601147269367296,60.877495524827786,61.10342147949848,61.36980713005229,61.60541561890403,61.92590434690021,62.25277189008983,62.60205469137705,62.85963056909414,63.272596102318566,63.67201057391484,64.03993397853715,64.43055309037929,64.77936511890461,65.20661504481217,65.60934801548296,65.95682401638804,66.36515663886789,66.69334877455793,67.04968643352196,67.37751468473814,67.69780677938903,67.93664414424305,68.17240919758873,68.39775874395772,68.6533232103945,68.97912391747845,68.08982200709049,67.7172251881333,69.14145464282394,70.00351088737291
Grenada,Female,73.05639107519383,73.24303895013921,73.67731831768269,74.13087651935655,74.24263739595756,74.41375050536226,74.59693605390474,74.88181590363855,75.14560292819444,75.58764537256913,75.82633752933835,75.99972777165316,76.20826797192674,76.43643542221089,76.04963191215498,76.89205633659203,77.13271860972053,77.36624140762233,77.38934035801152,77.49059470555672,77.56675199686391,77.65048482823032,77.85310551510882,77.9647856569256,78.1649262352228,78.45268830574355,78.2856579721651,78.41212293799794,78.36371306329391,78.19830722164146,77.58069209815217,75.39640945692227,76.53915533541308,77.16240983188833
Grenada,Male,68.08486129058734,68.46322025360843,68.47436971254028,68.8525218948386,69.24031659157465,69.52566388104503,69.80115936269162,69.79084191397298,69.85269524566539,70.17499661943907,70.40624383665218,70.48426601438696,70.78292428196858,70.84521717679223,70.730207600815,71.28696266776628,71.83745346246124,72.33516015313502,72.30623616860362,72.68980181115532,72.82391522559531,73.0395465168702,73.04982623605247,73.01761943385279,72.95246091215407,72.9596621502572,73.02526266264157,73.06208672336095,72.70812443645322,72.71603058082736,71.95398758087848,69.44833730438181,72.19776675812399,73.36558682446396
Guam,Female,77.24017465985602,77.15539729558365,77.12188261022085,77.2952925919693,77.5191748325227,77.6242100715187,77.77260119624592,76.28449796930576,78.09520492868876,78.30112536705512,78.558915554317565,78.8635763764183,79.11275025338341,79.40141096899369,79.64997140667874,79.88733412079179,80.01159627766451,80.07999331838742,80.29814756595168,80.33729989528412,80.38556610138279,80.46784769180505,80.28615917369109,80.01283229042158,79.80271453101591,79.87115650877021,79.95692438428307,80.07291742577414,79.98412029201157,80.06139367598196,79.11439934880023,78.20614039095508,79.08374353050851,79.48452141835133
Guam,Male,71.25053047316321,71.24844872306463,71.37559903483202,71.51571892132368,71.55747531004333,71.77800803869934,71.9164791057465,66.4049884915205,72.25575635749422,72.46615566187214,72.69577730987959,72.9291020415547,73.05130232029617,73.24012423334273,73.35029028158797,73.43584954411865,73.41165007675995,73.27846201115888,73.19531396318133,73.17552361721438,73.0707863669608,73.07791487372127,73.02983972695009,72.83858756073528,72.89335908518571,72.90110943185464,72.88134481693582,72.9109887488616,72.88264711525557,72.82837005465194,72.18902435551323,70.86608680817356,71.3644179630712,71.90545057225722
Guatemala,Female,64.7974622768733,64.52426877809194,64.78682281315677,65.45190059525176,66.54217415858818,68.0434862091853,69.10105199210003,69.65207282644602,69.91799401175518,70.43733595998987,70.86426997139517,71.12124244540911,71.80658417098077,72.17679207880911,72.51442962472245,72.6465842442718,73.09382889628849,73.48085756940401,73.80560223649911,74.02852624918754,74.19424990926552,74.41778765997014,74.61853429523404,74.75137102737284,74.73445562782098,74.82720312343645,74.93144295411794,75.04339222594527,75.2123631883492,75.42928642786578,74.3263294745207,71.93988535990603,74.34333782072015,75.50639437884514
Guatemala,Male,59.73955337526524,59.45607410669862,59.429642365428634,59.77998379875496,60.646632596219206,61.99223749244325,62.82691096615875,63.276951134691245,63.405829158226425,63.90435455657095,64.5910756197131,64.79495381783573,65.44776307980464,65.88019385249278,66.08958995982171,65.98076674780405,66.62415470725404,67.18150358621237,67.59576791848694,67.69556933740863,68.38616274568965,68.76317395216668,69.15193324156122,69.40451613991375,69.48339582240385,69.54564640740784,69.69662841721124,69.97552076628745,70.26378745728061,70.63064231512573,68.081704468311,65.76718813664058,69.25345530345957,70.8139447109126
Guinea,Female,49.31435613719368,49.84681917010425,50.332969416421534,50.91649685101975,51.34575440527952,51.807695124794094,52.55759463926604,53.193572918307865,53.67883385319613,54.24299055965423,54.72376606842557,55.35532484536845,55.95958646268256,56.61300278647243,57.253897334038584,57.76891834665664,58.09126488056406,58.550997267849695,58.94457944904597,59.32885871362462,59.732117616696215,60.04450928523872,60.31794479687849,60.704443504241475,60.04158486284444,60.55651507397337,61.29868887066578,61.719243509302586,62.13576358575698,62.53103162208001,62.35896577896737,62.55178219830373,63.00010723227716,63.44663011830144
Guinea,Male,47.867804467220026,48.28125784702155,48.428663337127055,49.04720138961506,49.35387090341356,49.66661414485285,50.38239927384607,50.930854543934096,51.34726923706284,51.89775590900075,52.33886679705856,52.88449471023103,53.64276038125004,54.316762402758194,54.94108942583113,55.51503361221057,55.890725204002464,56.3423587146139,56.7899184018022,57.13700563517752,57.59440274571825,57.92126362010755,58.1776096418919,58.46024895051807,57.9673848510066,58.544945487323474,59.25108943016923,59.79083398677275,60.26146724812715,60.594563595132904,60.143046114862535,60.18397942508108,61.13635509799267,61.76021159912513
Guinea-Bissau,Female,52.8269683515015,53.23207295487473,53.55098688555299,53.82795192419125,53.64678897161714,54.381291715208434,52.26148011729408,52.98756079143606,54.46734534123216,54.21328014474843,55.61613962186118,55.776729681518994,55.880974808270025,56.01208593389741,56.09710635831904,55.345748514337245,56.53973131918883,57.20927976513028,57.36513814925145,58.216562232071496,58.55781103884453,58.99668488202469,59.36941618111301,59.87957959591819,60.12669431837331,60.21055194506114,60.47026687647613,60.621531136864945,60.883614153275865,61.14023149208027,60.58204572192604,60.90825109118877,61.365827752983314,61.888065964926135
Guinea-Bissau,Male,48.75214579138792,49.123813345815485,49.45818588424075,49.75921890834498,49.68246627118106,50.312854345707215,48.65441643923571,49.34522681470209,49.2115730818164,49.83327047962476,51.82043912109377,52.081849480809545,52.373010555260805,52.699410753357206,53.04696189880613,52.65898695724173,53.91772336509769,54.80349222827457,55.23129150528624,56.06157720086912,56.67557571754527,57.25883380018122,57.4537607990862,57.765833417719705,57.96216512892134,58.31375791215631,58.71781622508135,58.97635144633582,59.11209916221119,59.44528294701431,58.16132706198051,58.82927030950643,59.84677070996087,60.54566770696352
Guyana,Female,68.16197831045253,68.52013436912425,68.67420370160802,68.40348006082475,68.45787265731114,68.58022391953203,68.4403611441725,68.76989768696637,69.25437110471053,69.59855527484406,69.65227517289352,69.4004075476164,69.33937813145245,69.59557604726835,69.69846254486178,69.8086797175364,70.26411790767148,70.55220600171008,70.64751031919619,70.9717179248261,71.11194162462893,71.16225508761845,71.36199912763718,71.8129523856837,71.92012592325487,72.24594999149791,72.61941510399181,73.00655743490007,73.31173197743543,73.3834092254652,72.83341448559551,70.19734224270218,71.70443879430078,72.46199114033021
Guyana,Male,61.87030681433157,62.477024369896405,62.67695363976272,62.578208243276514,62.626423124708936,62.62173576041098,62.529671845730626,62.67169681190072,63.01099782634053,63.37919692906658,63.51785312829707,63.38969391174291,63.38960450302427,63.50523391294953,63.58497072748946,63.82769811212507,64.19263393561647,64.40892942437775,64.46444155586023,64.59817283377444,64.745930399379,64.70787502306926,64.66420022466612,64.8495399354377,64.92993849785218,65.28060380608666,65.73884539136968,66.282926776336,66.77108312418633,67.22282746219548,66.59181739254204,63.64143308323686,65.21267367972551,65.76900477451423
Haiti,Female,52.22190197212611,52.6767652711208,52.80314873551122,52.88212008251833,53.26367244943351,53.96202055170454,54.52343552802173,54.8713661883403,55.81114415662475,56.25645294585176,56.84272224551473,57.28353420808786,57.845175024946734,58.263442651131456,57.23112203766013,59.14717843226238,59.73258959227955,60.172100869452635,60.467600956267376,61.04279161876084,27.946722902157298,60.36160432086041,61.61633449325683,61.68590776829814,61.98274215672306,62.14033549129085,61.97759541521141,62.46311688203759,62.633255181505696,62.651471178796854,62.672688143721224,61.89644549820584,62.304162870249385,62.160373874050926
Haiti,Male,50.53254054738583,50.86349373546751,51.067098754511555,50.47429171583949,51.75942616073673,52.37059023256978,52.95541436160369,53.233276893833306,54.39208835319974,54.93462124524107,55.50924093116564,55.918356314642296,56.4193144842836,56.76724939305558,56.157938197475175,57.50810981768391,57.94626310452973,58.28824809013242,58.49939000149555,58.9625433568582,34.81013476431213,58.02418786422573,59.33237972514157,59.34364420819921,59.59541856164644,59.77887652374249,59.73570309147537,60.19613076910608,60.3808460498747,60.51591034927901,60.43599472146311,59.87699314210365,60.45612205846288,59.91223330078455
Honduras,Female,73.01248652916401,73.33719680454192,73.37084152629978,73.27958852996801,73.65082866227587,73.55115986897316,73.30557090913352,73.53574210004466,66.11498390875929,73.88802838021627,74.09654665538507,74.26308202713814,74.43666178508788,74.56863878235137,74.73844934969003,74.98378540427282,75.23731905668302,75.45437702816663,75.56851224940118,75.71712045915801,75.67438728868365,75.67048171802134,75.24123148268181,75.49995498861368,75.66708831316973,75.77195624976974,76.40489491988907,76.60604491363794,76.71760159247991,76.8707351652482,74.63287304507602,72.88103643028997,77.0634941856315,77.63010602464969
Honduras,Male,68.09104786954809,68.36132653413527,68.58784456617322,68.58806079924094,68.87922606936128,69.16727608731966,69.44616322946537,69.62228279860636,65.19753069150337,70.03916820083396,70.28905506587503,70.54911122944702,70.77695957718592,70.92705005539374,71.14210639005645,71.47582329118474,71.77938680880823,72.06111851433973,72.24228913664912,72.46919216363399,72.49634125165656,72.53264604872463,69.42110039995853,69.96434587216083,70.16772953296241,70.02925157792205,73.05706494551876,73.3002366011561,73.13557197456359,73.51506070803282,70.43235268047464,68.6716379949205,73.80935338562469,74.44431799735985
Hungary,Female,73.80139594840115,73.86041828997747,73.9309716441829,74.04225294904728,74.3714073416276,74.63623876594234,74.93417747367405,75.28170169259339,75.44683469120636,75.58941548695721,76.05207163838939,76.4795556643106,76.68370348442818,76.83560737472355,77.09090149614599,77.10175268948464,77.46317118905516,77.72855623503017,77.99876780228604,78.24154461439308,78.36786359986476,78.61740774345789,78.80895632377191,79.04630021448786,79.19898786257977,79.17604820558427,79.43160998157202,79.44983804726202,79.57883573653181,79.71409714427122,79.00275723200711,77.77759319560164,79.32975263194784,80.06724473277988
Hungary,Male,65.18120469638825,65.00059210684944,64.72487151217709,64.62812638791137,64.94355388358852,65.43807675205704,66.03420159460453,66.4254124563715,66.54650677621319,66.82776214972458,67.4668341855359,68.0421688219441,68.30342163461218,68.4321320978091,68.69946700352781,68.76732641026452,69.13037316380957,69.46574446273009,69.91945806448737,70.29352443725088,70.70982744596579,71.18523249847743,71.62888683037093,72.06081523081906,72.3125299172398,72.39765353344225,72.5170440564585,72.59094593519673,72.75745821921679,72.99535809820452,72.27333657345916,70.78473552877495,72.51789988285735,73.42692087237941
Iceland,Female,80.39007127864318,80.48028878257956,80.61174024765441,80.73702195568481,80.64278420322655,80.65945724476232,80.98725673793116,81.13829230166718,81.2577789782372,81.37221555765939,81.73512648788584,82.04063368401819,82.32975048067927,82.52425315563337,82.65863753004372,82.74892789619783,82.74606230795982,82.92348281188767,83.09867418040207,83.25655254135958,83.51196024313316,83.616062093064,83.62412726792375,83.63940860844767,83.74285737692716,83.73508091715419,83.85182949136164,84.00615374374495,84.16063247303727,84.40851241778432,84.26926418067818,84.25013740538876,83.77767345887736,84.25152283434957
Iceland,Male,75.46225284134664,75.69130193986402,75.9383984656071,76.2714918031442,76.35292184452965,76.19537975090905,76.50930352189161,76.69380906030734,76.98605280200368,77.4005089035144,77.88501448231617,78.18142910054448,78.36411948780358,78.56423311335729,78.81858088963887,79.16179122516496,79.26654428640683,79.34977747205748,79.53685752067199,79.72343805118997,79.923403913929,80.1886012078491,80.41449189480507,80.50889891781745,80.56432989165006,80.58985588989196,80.66428519649,80.812393180507,81.00851914527725,81.32979152591514,81.19814264512507,81.41084918011575,80.72484762178098,80.79723755207063
India,Female,58.91406791278441,59.51307469149465,60.254009808002685,61.30208963789075,62.044481069295784,62.18286151454526,62.31460619474657,62.65403539269225,63.093012267374945,63.97607540507202,64.88951739423715,65.49513464759525,66.04433349506388,66.58830003031368,67.17741398869262,67.68523774084983,67.86601647923335,67.99287510438211,68.42723575696489,69.00790029673087,69.55721625094098,70.05785817359812,70.34035817570188,70.54562124904317,70.68338523290873,70.89698057531382,71.05544873495866,71.34014107293962,71.69251569131394,72.28381396961987,72.12921039752567,71.26634462278976,72.66904893853247,72.95562715035774
India,Male,58.1207899408234,58.73017620974108,59.32855890117628,59.903669381916046,60.313109715087805,60.66329666958375,60.896358723584186,61.03091474964058,61.28640828222326,61.8795668437399,62.51031914898251,62.97558156583803,63.37824870264697,63.80178142002435,64.37913635695757,64.78092692734666,64.81518956548506,64.77921727184932,65.00700235434904,65.43127032358893,65.75820885102245,66.04685851537447,66.43501929010516,67.0014790782221,67.61276103057598,68.05943105972658,68.22844822920081,68.45127353550605,68.84903498153051,69.5875620667583,68.64867991066542,66.58976253070361,69.88016152728828,70.24195080564584
Indonesia,Female,67.90014584313174,68.4589066554188,68.92789437958243,69.45358044660668,69.92257664487512,70.37326057554746,70.75052401003397,71.05953335597287,71.39517201645951,71.72236739095747,72.04397809908568,72.37987830768667,72.62846430182857,72.7992842469702,69.30835269396685,72.97011033626805,72.92829875772428,73.12534880233697,73.18197969381171,73.25920926498297,73.40982308129793,73.6791890350815,73.89455464152606,74.12523457941982,74.35893577676615,74.52782020451212,74.73400604362449,74.98311005923756,75.08980663319463,75.36165841482098,74.53344628497261,71.94820221741927,75.12644326517959,75.17681859891631
Indonesia,Male,62.47533901182854,63.02693166678093,63.54043407382799,64.08647739658946,64.59764459970961,65.07401042765744,65.4654882431242,65.75403908412495,66.02678680639292,66.18152015628435,66.36314303220234,66.52682239669161,66.65657152181485,66.71948379717938,64.8498881966656,66.79487555678016,66.7569718770584,66.87500126323008,66.98339717258139,67.09113529754406,67.28870991236772,67.52173130220056,67.7996602857309,68.11524001711608,68.41854577687006,68.69887060478582,68.99619252194829,69.30025031577648,69.52970242193365,69.84929081711225,68.61994741852257,65.79437915866481,69.88151359057564,70.00604056961792
Iran (Islamic Republic of),Female,67.81363235170096,70.88041479846551,71.39872184288424,71.8167519188882,72.31275805812783,72.7438896726273,73.14630624941793,73.38146720458214,73.86672709697343,74.22168475905671,74.55981972055453,74.89597641999961,75.29930058847931,73.80257181368553,76.20837758272016,76.65498778531108,77.10232686407018,77.4670382397453,77.78993593462184,78.04582791396345,78.33467737106321,78.5693002971631,78.80812051775979,78.94198388534664,79.03862949845902,79.03631365821991,79.11740814823312,79.24060135485298,79.55158380946177,79.7434415605912,76.24056694026736,76.58607838836943,79.81771773276793,80.59354744554734
Iran (Islamic Republic of),Male,65.19397090462934,67.26741943012613,67.84852997973317,68.28513759051961,68.75204136813106,69.2052497704116,69.6220903588466,69.91124672913016,70.3454582196939,70.69711320741831,71.06230632458362,71.39585107380495,71.76658691355969,70.92587317510137,72.52097679592099,72.95247930985335,73.3288849428001,73.65711928649829,73.94330824121862,74.20695688663895,74.5329880513445,74.82316133006553,75.08649942919467,75.26596842766888,75.37922929292777,75.39830187206844,75.57489270188616,75.75897907208092,76.0313135504677,76.25396662069214,72.40240301006845,73.20830745706337,76.41741989718163,77.1969814899382
Iraq,Female,70.25735467891731,70.3335682046223,70.21701093325352,70.22742665762655,70.26393116117434,70.28242553721763,70.35289594686205,70.38803908691591,70.5362266852396,70.70678633023158,70.87213568868964,71.06140727129592,71.17173378449411,70.42870999003995,70.70895247282839,70.66824152307844,70.22006983848571,70.38604701896419,71.09771062532019,71.55239329849904,71.82024744907811,72.11131364878214,72.40181340101174,72.54674795191356,72.1612016379646,72.54272707802656,72.9466645734054,73.42709779756926,73.99760498649854,73.98451385492409,71.29697487967329,72.11623086607297,73.9043482771019,74.17062680915613
Iraq,Male,63.55452073045668,63.73112090817978,63.69641170518397,63.73569192705442,63.64186540534215,63.72775142458888,63.87791050377793,63.963914015661985,64.1724787328301,64.37604261214702,64.57773903630228,64.83158388232017,64.99903310163228,62.297119049499,63.00758798736045,62.51743453907304,60.93154392979335,61.57326313099072,63.93563446112218,65.05609126602498,65.45258977586481,65.80327467430531,66.08417341352533,65.58683851270786,63.59832784046961,64.55879158148376,65.1990295069584,66.27197775386435,68.14819570357832,68.23464561617246,64.44503791611281,65.84108892854486,68.03165568397019,68.34303509936034
Ireland,Female,77.72604314503836,78.00099116186195,78.16636306428336,78.23978238250727,78.43403468295591,78.54946863242358,78.65893158254157,78.87888288451397,78.97325938775964,79.04870677777792,79.40671823412414,79.91544141141279,80.28560034278233,80.65686726465519,81.01412021256544,81.3612260752101,81.54349234988085,81.83020179780078,82.09314573338679,82.40276953663475,82.73234507064709,82.85965682333467,82.95874928853709,83.11847230749683,83.33161294016436,83.4214874513557,83.58847754487674,83.83237828605503,84.03554752258549,84.31661193307046,83.9926245682096,84.1243142225374,83.9052877383422,84.25437874765468
Ireland,Male,72.28023665897149,72.51699084458313,72.68792346812948,72.74158629570867,72.94465938154907,73.01926913058846,73.19518949671182,73.44003037664099,73.52031866625683,73.6943363563816,74.11465500474442,74.69251568137595,75.20556385882098,75.73899758355208,76.21393150683616,76.67863895975741,76.98391881616536,77.27486201930357,77.48696228233129,77.79952522235075,78.34378687069947,78.61225067789593,78.7488164488711,79.00509218752032,79.4480246493257,79.63348356762562,79.83682824593474,80.09214658726918,80.25784472819595,80.52156377523126,80.32226947654458,80.5565433219238,80.44454859999931,80.79380945416837
Israel,Female,79.0656956031514,79.05520232323467,79.05784113964283,79.2863380677141,79.5264236192578,79.85346054858378,80.2709202855116,80.43204349124933,80.5254645169134,80.89490535982468,81.11132031308131,81.37488425465148,81.568751073771793,81.8397465079563,82.14110076939748,82.39607026348462,82.62879918712477,82.87172949779297,83.19215399039483,83.48062313225464,83.71218666892588,83.83310722370258,84.0032070184603,84.18655690453228,84.37868677633298,84.4883782690854,84.68214962786612,84.90375437500194,85.0550252176288,85.2095898871812,84.92492331434113,84.75770707416967,84.99110696038828,85.34359475299344
Israel,Male,75.55417200063145,75.4285924703697,75.35226017174541,75.59172412528403,75.79889195653568,75.9690837816747,76.34207953479854,76.47249698937661,76.4806038550545,76.77547130354336,76.946618376601,77.1442740518932,77.22045878551732,77.70168368665526,78.12147308415759,78.51274011965705,78.70713020985394,79.04643176303466,79.5487523205555,79.8946394119508,80.08288419575318,80.22365934666044,80.4076898048389,80.61923772875636,80.79132618296164,80.82670477389735,81.03341091496598,81.21904714131581,81.43843795950971,81.60479796159345,80.95084555880197,80.84158781799063,81.14224216101789,81.15820227672305
Italy,Female,80.27333466484468,80.39052191269356,80.68960041286817,80.85161661225177,81.0436686637716,81.29966786642463,81.5573706016096,81.7195321941158,81.79279391566803,82.13096615422658,82.46091307825374,82.73602187087944,82.84995937980938,82.70026638627323,83.40081380431496,83.45128628738352,83.70731785550934,83.75174706789461,83.85654346506817,83.98353495532885,84.28898509642852,84.3462535504261,84.34422711897663,84.66926849136927,84.84447464206983,84.58908109373976,84.96657618327231,84.87056492695284,85.16087555681243,85.25120080560194,84.3389750273058,84.56736717336075,84.4456626445141,85.10518368088354
Italy,Male,73.66947016252205,73.67859371687602,74.0380599763573,74.31908779442806,74.53365595430758,74.80709129845205,75.18058556875083,75.48793957173353,75.64144224082683,76.05815074802554,76.49339405740788,76.80602298279446,77.03747133734937,77.04688563036501,77.70415857287604,77.8609103539252,78.19452184621545,78.39336834598762,78.61458484936429,78.87053251734602,79.23584896565937,79.42146482006501,79.52458244126298,79.91363937846202,80.16540806233198,80.04976481092775,80.43397257478644,80.43311438102862,80.76386718362102,80.91370691204021,79.65957233593812,80.07688010427923,79.80909633745715,80.7223859348176
Jamaica,Female,76.3735605225582,76.79175723091119,76.88918473309002,76.83028468938907,76.81325827461092,76.90754415077994,77.11113047104173,77.0845564388504,76.98767085667008,76.76753512927061,76.50183542799891,76.62236720279255,77.1245104062516,77.61332047089995,77.99868365601024,78.5413464784446,78.84403113440402,79.02196496949819,79.32620370520134,79.36893942875118,79.18658343886949,78.92030951975988,78.75959531008185,78.5077510059801,78.1624162176754,77.99295203878458,78.01474522494043,78.10589719075297,78.24837849669807,78.29716839149813,77.8265387777863,76.08768200492763,77.92639034338482,78.88995786561686
Jamaica,Male,73.42528667202443,73.85435254428026,73.76761120093315,73.4618832847108,73.13327352086822,72.95024872152084,73.31781565576999,73.16323027821973,72.71823625474435,72.4370351938458,72.35477200745184,72.61066331725566,73.33447143373232,73.91604124736183,74.476992931918,75.18093659910802,75.53643922397409,75.69926516088496,76.04508814659376,75.64270067546296,75.4670241901287,75.11724700050803,74.99290824443116,74.46958872962179,73.65227751084949,72.94020361041427,72.37243484505092,72.0907660132264,72.00631401889964,72.10050243359943,71.49429842273943,70.04520872402313,72.02059413857658,73.52464964896325
Japan,Female,82.125337347766,82.40470517929239,82.54190039441258,82.71180404424051,83.12870875825523,83.04853029438398,83.66450525398444,83.91937108864323,84.10362626763333,84.13387031906163,84.63428331451891,84.93790769007249,85.20131856861397,85.33286970524627,85.5218307842029,85.56316904320641,85.83421919637858,86.00622351072668,86.12549339766704,86.43310380918594,86.38619937030641,86.04775112761095,86.57667096393995,86.7558591506584,86.9549717857403,87.14416765014218,87.30205283645006,87.36309784768679,87.41668779809672,87.53887643025469,87.76574256122534,87.55544762454498,87.17028530294321,87.18214818999411
Japan,Male,76.01404347732618,76.17574930132113,76.21782412038341,76.33670046599505,76.66993450065814,76.54644691055184,77.10560269043171,77.29847878770447,77.33408159631873,77.31111880153676,77.77545310007451,78.11078826111823,78.34560372838278,78.43546261378505,78.6832070158957,78.71041040422256,79.08855931532766,79.2754376616451,79.41081169770041,79.69524763156218,79.71919564306437,79.65545939369618,80.11002574677639,80.37081849633486,80.65007701587398,80.90425037522687,81.11463767633789,81.19851612288747,81.33919104148393,81.47822408363446,81.70460592455069,81.57254677472949,81.18941125310643,81.03607363106191
Jordan,Female,74.12950317846344,74.0348366950166,74.00844214189121,73.91750937086044,73.90348876317684,73.89984783119482,73.89572865358964,73.94881322134505,73.99279453080558,74.05749759977367,73.96802338962726,73.88575892938465,73.99369929135987,74.4667187656903,74.49548120958998,74.34609413870756,74.47759744536718,75.26206162344164,75.89388996527143,76.29925100496096,76.64589827853399,76.92686083768875,77.24790210920499,77.5770143848011,77.89436860331,78.33678230830667,78.6507921311294,78.94018442175376,79.29157390221563,79.54594166198264,76.88165039287678,75.03837908003781,79.27199774743345,80.39731812468104
Jordan,Male,68.037618984077,68.15256503610293,68.20808968937052,68.31724246101211,68.38501761370621,68.58274743495818,68.79633604332872,69.01528965940008,69.24195512228624,69.49393068325638,69.77201645059293,70.0322387344102,70.38392408909213,70.69426042620734,71.04779647392743,71.34884795541181,71.73991707950778,72.14111059127723,72.53624630911469,72.90978126286004,73.29776118799327,73.68601719082646,74.05150191204416,74.41234410617197,74.74750358664922,75.06386898901387,75.33411906831657,75.5918887075748,75.82218365696552,76.02789292720158,73.90462833711864,72.71143082130607,75.99328265088039,76.9055402552961
Kazakhstan,Female,72.19176386041458,71.84492915496907,71.36871779889809,70.4827074857725,69.82618686864791,69.60140212242221,69.74865796489362,70.14854295363972,70.5727735402184,70.8792928339845,71.20411391367058,71.34055035413357,71.28255647791242,71.14395726657061,71.38389655195243,71.49312060423523,71.66906832320404,71.91522141907024,72.37194176295979,73.14789539371202,73.55120803495728,73.88505357571619,74.4412153874165,75.0087437428224,75.67107857760837,76.21734140910422,76.61617829673185,76.98779460580016,77.30204931064722,77.4394529564069,75.77120370240269,74.32326077164556,78.01688416451498,78.68824399770627
Kazakhstan,Male,62.9380335060015,62.450702787533665,61.79723013407518,60.76482672554567,59.88469349295595,59.17947196240026,59.1030545965286,59.551818123461786,60.15971484108753,60.60334677442927,60.66263382082521,60.69671609013667,60.59772271366145,60.331936283418464,60.37500479103792,60.27165247382106,60.34859871679694,60.86090547346383,61.98974925183372,63.20932786327003,63.829010456147905,64.25372568389763,64.87269683919824,65.7431904726811,66.68980265903947,67.45105220313522,68.0755909243522,68.70182332741047,69.0878718515864,69.39181730850699,67.54835387962125,66.91123002440386,69.99799651322843,70.79105619123445
Kenya,Female,63.93836209505198,63.55438151208636,62.981425059252295,62.32233087379676,61.58509005216155,61.023802932033554,60.41913759136014,59.75392392954448,59.27911586564509,59.04855752101225,58.9201411066108,59.13304954436192,59.2361008927767,59.65815822478088,60.10452163441395,61.43943498557749,63.10779415080775,64.18444467411217,64.87411499067242,65.62911392250761,66.31349450264528,67.1056058055476,67.86652068797292,68.39228182311736,68.9084803677902,69.36285386632225,69.89047369084876,70.28735053516746,70.57178471661143,70.81860547116305,69.53431896103766,68.22335250784417,71.24649662210376,71.71510057115192
Kenya,Male,60.17880183356174,59.765571983101445,59.19078934333519,58.57146266833403,57.92638037929157,57.47868093312716,56.92683763514861,56.34176632443572,55.93949108326001,55.77241893741968,55.743289088335615,55.944617340921155,56.134649149841216,56.483650149044685,56.887400322566656,58.03941115049666,59.56964892575703,60.64987897214154,61.294757636020805,62.0320973244867,62.625193336924795,62.92879537529497,63.21680764227946,63.59075238661103,64.15487215014,64.7974812820465,65.44114581211834,65.94617473978458,66.36396254689296,66.74741549564433,64.05028900925328,62.695358873690566,67.48719236344392,68.19376236704136
Kiribati,Female,69.28111064305286,69.31953111315116,69.56749439298109,69.69003161036846,69.86552241257392,69.97098690559709,70.19624353242091,70.3501333496407,70.52092042629934,70.65855841680124,70.8225478162855,71.06177765630967,71.24372523204599,71.43641156474779,71.59015960962282,71.76348416142913,71.94232856191383,72.13935421828911,72.28239913635471,72.42654281901571,72.55906391759373,72.69529962769653,72.87131591360131,73.07324539591549,73.29455900813359,73.52537978346533,73.73839501165989,73.94456662412341,73.07663849909225,74.31092478423811,73.88047985648369,72.57652588434438,74.09379482507094,74.46394587381391
Kiribati,Male,60.95172845932677,60.99158640508381,61.1947276598023,61.36942648478401,61.436755284004235,61.50534729625255,62.00424492849571,62.22808854487709,62.453473878960885,62.690386388838995,62.91072133258894,63.16420089340976,63.37353670632943,63.61217020620023,63.83883893203523,64.07885562784399,64.30086354529479,64.56224547511643,64.7509205160897,64.9304563218922,65.13410963237392,65.33120262073147,65.52619980936228,65.76872641522533,66.03506708942984,66.29378307413464,66.58789121111667,66.86246659415244,63.96783658030904,67.33617737636058,66.85966982161383,65.32563546827095,67.15560938425163,67.55311996549177
Kuwait,Female,74.10207431713857,73.33872739844742,75.51529731897953,75.70665717914251,75.64703426335936,75.61109582133454,75.62884015359595,75.64251136534597,75.77058247356887,76.27545899020404,76.45050765289665,76.41720278502456,76.53798610748757,76.68119943424979,77.08708125265518,77.5261404545759,77.48117033178826,77.68428108036392,77.98935311138803,78.3618182738009,78.76300484930644,78.98744125653329,79.48821858219571,80.05055178192306,80.41012192937008,80.63281893260377,80.62024810235346,80.78709379907168,81.00691163108807,81.16040125664915,79.4573476553724,79.29040657351135,81.22614968421473,81.74556493571085
Kuwait,Male,69.94164623739485,67.082902477015665,73.76847929182635,73.35519174828045,73.56954776898948,73.31852521066835,73.25419361473925,73.53176556039956,73.79329626460286,74.18709414411467,74.59064495276724,74.63747696513877,74.7147654876029,75.00652736195335,75.41849549161873,75.779189242356,75.73492645825273,76.11947495394467,76.34388493499327,76.97490770628303,77.41197833477504,77.51644735409256,77.90608341713656,78.3076301557865,78.79374504033093,78.96670958327657,78.9825475233738,79.13186501438233,79.33161331747792,79.7407292571843,78.35672663140531,78.44182390583774,80.1739740194712,80.87989888592345
Kyrgyzstan,Female,70.79970076960792,70.88427950536706,70.55372818212328,69.9115755261077,69.45129936052948,69.69403811035757,70.07497269474136,70.47002181390982,70.73983035817477,71.01723517812171,71.23817934901196,71.46278560445931,71.35983185120455,71.36262628797203,71.50050814788419,71.58519076248758,71.69312046651716,71.9738795766887,72.33277917525115,72.9964979775118,73.47557880092668,73.81471773946625,74.1060030685211,74.652825050835375,75.01876526928746,75.36720323812578,75.73837588683514,76.18547628455265,76.9214298653495,77.80827332072583,74.91415307023861,74.92514916333923,77.29554690285319,77.84583230227604
Kyrgyzstan,Male,62.656126650962506,62.62654637904323,62.19270022528333,61.43514727078921,60.767924142933666,60.808825607206,61.31524737201045,61.928909249711886,62.44556398182936,62.89860888850484,62.89834560048256,63.14800098282499,63.15507022221654,63.16572791339176,63.382654324890694,63.43776427697529,63.421712035928145,63.737847284027566,64.32601739878768,65.09043194767091,65.37813692852961,66.0400618044305,66.4307352246535,66.99181724722342,67.5975001240379,68.26592134462364,68.89397693992343,69.40826294347029,70.10357400008861,71.01260341701249,68.26456977674536,69.58296656971922,71.9562425343366,72.48699808404434
Lao People's Democratic Republic,Female,52.72349943538675,53.10596308792598,53.408364288496664,53.71594203956312,54.08277521890624,54.9347892936096,55.63652880892559,56.458926794846874,57.22681542467603,58.118407994105226,59.02945112694844,59.96848594249939,60.93213993870346,61.81776785453008,62.62676731199874,63.29158818612094,63.93225734272708,64.48675432440702,65.0300052094399,65.42706634578576,65.75481716044298,66.06504631820872,66.41903639302066,66.49113457048249,66.7198884017184,66.79584671598516,66.90756101678615,67.10052908982956,67.16740783643375,67.28599597229686,67.31525424637033,67.32635756134646,67.06493874060362,67.18206610819011
Lao People's Democratic Republic,Male,48.93429614806688,49.520070157968306,49.87589404187738,50.26305791608394,50.65116210563799,51.465993292043656,52.097138423639706,52.78759207345817,53.37269577576801,54.154201981524515,54.922419050195096,55.786461363367906,56.67755928492648,57.539291047646586,58.38658444646928,59.12528388416999,59.78490374249805,60.46866480748202,61.131879192818154,61.68426136729993,62.19695102794333,62.64982178428876,63.090697452696574,63.34854420704258,63.77011100152833,64.01968444620624,64.3180557144587,64.5880006698416,64.79880390088134,64.9827979998327,65.14776362422111,65.15170862034648,64.96425476238511,65.16684380028546
Latvia,Female,74.82213692105887,74.63752107190015,74.33726699354064,73.88336183190134,73.62863370269713,73.93292733783044,74.50397330073768,74.90848511683433,75.15759989247285,75.4634407423334,75.6858959361541,75.77151978596005,75.89177551513924,76.01799300686352,76.17034452375242,76.2781386835195,76.37420040286356,76.71631782576088,77.20931717745985,77.74927597931597,78.13644631831154,78.46457229057762,78.74702013360894,79.02909154386818,79.38837627683928,79.63342589041127,79.83901713938994,80.04603901569162,80.25650192085344,80.51495611839641,80.14159876092577,78.45878418645835,79.65010387485124,80.63882149254263
Latvia,Male,64.71831290123485,63.9543407093845,62.78714272661037,61.48236438626454,60.87257058706626,61.4965572040789,62.71476169065062,63.73002737259243,64.27684256274942,64.64625045428885,64.81137628563839,64.9408264778584,65.15876078044673,65.35466527819291,65.4028489903689,65.35121274532622,65.36321362773846,65.8698011799808,66.69331862867026,67.45980915478872,68.10427113253509,68.59137175231189,69.08169312285605,69.4539533974661,69.83619483076144,70.1106121723024,70.37781409875606,70.6538995097582,71.03190806936242,71.39889221647593,71.03656550923361,68.88482584355235,69.8558465193786,70.72885969294596
Lebanon,Female,77.23629382265288,78.37970706321893,78.45290863700512,78.61748391356889,78.89845989183755,79.09182109942994,79.33282188839645,79.62519970606124,79.92628595447943,80.32012164785249,80.62068422143791,81.02113267291149,81.46709878806152,81.7526623721468,82.02048723327717,82.10550476585817,81.8545603336663,82.08198279732191,82.03815498466096,82.05000402807013,82.04805295905949,81.60360020837823,81.14491186702236,80.64071476707792,80.44061352748994,80.74345593606846,81.54885016377386,81.91992176461792,81.52443101865563,79.83473351552774,76.1735723119378,79.99361427846537,80.21531814085611,80.9458753262129
Lebanon,Male,72.30255060739964,75.54236570790036,75.62299116163862,75.77679377303747,76.13001212700749,76.42256820950895,76.57673600220343,76.97847002245278,77.30171378681123,77.64036799098893,77.9613663899731,78.3951086929291,78.82068357153517,79.04669539184844,79.22025658108075,79.1698712783422,78.07393674083657,78.87157343995001,78.70259117443231,78.69408722543874,78.67033696550868,78.26094916793899,77.64955237220985,76.99954192391972,76.78715868906731,77.23567132195883,78.275151433682,78.49523756229321,77.82661648933026,75.2781290859278,69.70813483664226,73.94151637638409,75.91518556477455,76.81142211646272
Lesotho,Female,62.03177324810341,62.059928366785385,61.91305747183496,61.50708362425493,60.8477437533914,59.94622341402169,58.63497090010079,56.99107395386436,54.99889489098389,52.739275610130306,50.42831960536597,48.067691722411226,45.8834756802811,44.16553739226581,42.94540591483746,44.31097277666257,47.191305001649674,51.144606626986565,54.32526730561609,55.3316340928484,56.23287998303367,56.35726045283064,55.974063055974,55.78289403920484,55.280109472475594,55.02327710508162,55.98781594997951,57.30724032345915,58.40706352164729,58.95292602586586,58.43113312519073,56.66733003241696,59.62815370283013,60.41527249108909
Lesotho,Male,55.1436045548301,55.25779205476409,55.22689107504556,54.92819956230731,54.36931382938008,53.46872088833958,52.21413743592947,50.69862204909423,48.90211044711709,47.10475473692969,45.28563447409955,43.46622140210419,41.81380609961332,40.62066861537818,39.88832069966272,41.00543556628805,43.84051348296318,47.26403874039067,49.86718121562434,50.29327379519941,50.13597239856306,50.14892923371398,49.75834240313003,49.093045356685494,48.32599215370259,48.46337212208578,50.26791130757585,52.16127236438989,53.20868327267391,53.806190607131626,54.01618877965816,53.08255433274946,54.731547016625555,55.30817641330465
Liberia,Female,51.01727392487248,51.530461569560046,51.946369561241205,51.545194079846986,51.01084879172665,51.517619745386256,50.49488633194292,52.12999858137427,52.421707703570696,53.1505828711222,53.95968078447075,55.114358722426424,55.488737627994226,55.94489045440402,57.15349636854353,57.74924835333643,57.99523967663379,58.74501303230402,58.93891366955523,59.02441858264901,59.1747349985149,59.43111576202941,59.38401700508236,59.56392697436606,56.15396028056313,58.66956088091149,60.92369098471142,61.70053284989272,62.22384110093794,62.360707652332174,60.56882145465555,58.260509420802784,62.21630410115131,62.73371832832329
Liberia,Male,43.41022095437266,45.7708568584376,46.281223936297714,44.0227791653406,42.49560641271329,44.54201618064049,42.64621675182613,47.498760492359395,47.93432583946119,48.70823816337912,49.7434379816886,50.68205038897194,50.1031376773898,50.001054583167885,53.69597996767733,54.55532120537601,55.16021314978111,55.89158028907527,56.32105399120087,56.54152541047627,56.774080821889235,57.05740071859392,57.102901635082794,57.22760544806897,54.85223761560772,56.826479950542335,58.43458521291222,58.935563044849175,59.40797219400772,59.64767147364061,56.407277952183335,54.51498549629961,59.67007201727558,60.39471148348003
Libya,Female,73.0788414289677,73.41766463754709,73.78412710787126,74.11776160790781,74.42683399550162,74.71165260310376,74.41087031874126,75.03128814659308,74.91227827486922,74.88801048965554,74.98409856879911,75.03245183298311,75.02356628959927,75.1010476549547,75.01987707999076,74.96950336910079,75.112323625343,75.21534789041483,75.31842915416715,75.31832047767723,75.4375204914493,74.33999350840922,75.56116950053206,75.81092260896355,75.16903904565315,75.34742646934188,75.65530059991836,76.02338266598615,76.14334805250758,76.11825398254838,73.78950452946486,71.04455921252261,75.64350680143531,69.98862927221671
Libya,Male,68.4088714507952,68.90570002180363,69.18109574705531,69.7860121807361,70.16325237852034,70.5150229880753,69.835311588075,71.00688863568251,71.0739488258294,71.16284492636046,71.29387235091339,71.40158355384882,71.40682913146577,71.5484985476335,71.71377646058254,71.89138886204645,72.05978785594777,72.21585018465316,72.40186752362946,72.57747610482234,72.80728816188123,69.35491282760421,72.51360863906096,73.0166324084854,70.53570899918388,70.6466978497615,71.10854885820673,72.19854720294933,72.68489885371537,72.39652164635197,70.8313134858164,69.58274895563434,73.45544432321836,70.3032167724108
Lithuania,Female,75.76039347556052,75.60341632184999,75.48384692873354,75.12779997271738,74.98897891732096,75.17057539283215,75.60995697355199,76.01043005426014,76.4324239435046,76.85193761167073,77.19636291153058,77.21842204314763,77.30409253603378,77.3782401216674,77.31522621481145,77.18076939537347,77.11729993654107,77.30633100701053,77.64838665077832,78.05559443280907,78.40115191542672,78.82731568478553,79.15409999205232,79.430426515376,79.67472785756176,79.82573356445474,80.0662747291234,80.34135066210489,80.59105772227629,80.70168592274094,80.06294684376155,78.92684282992904,80.00443003702664,81.2077979547695
Lithuania,Male,65.87437162628099,65.20652916441331,64.43339602688918,63.50789828355933,63.062367408990205,63.414713133471146,64.18371225020725,65.12292016730632,65.78691073205823,66.15285614164482,66.3840153396824,66.21148413360707,66.09885031226958,65.9549816417442,65.71803693533893,65.23679197493327,64.90271456502688,65.02036592678806,65.70016675565981,66.59516312125254,67.23270358384495,67.756951503948045,68.20037521546197,68.62020496979845,69.01784457151676,69.31223264306527,69.82785281145907,70.45237538689744,70.91856343782645,71.08786622270316,70.19159164630771,69.59644891823017,70.85345220202584,71.86485073953982
Luxembourg,Female,78.56830208822012,78.82482009894092,79.09355414932064,79.34536587767779,79.68478770629422,79.93089676757762,80.08309631589663,80.31999809679459,80.59104590761703,80.87262065805004,81.07424972494314,81.25900887207091,81.4141823587165,81.5967917917999,81.91965605189921,82.16375779924292,82.30239174041895,82.51589056049872,82.7989665721875,83.07616464755739,83.26406533571671,83.40244955340457,83.64435654927357,83.79984018092291,84.08730022214604,84.23730806741246,84.37979326598818,84.59732521419197,84.82815805827448,85.06809762271813,84.59910532287272,84.87571002985513,84.97788416937699,85.12567336575381
Luxembourg,Male,71.72347698655983,72.03378564992462,72.34864329296572,72.60611492150053,72.92914812202687,73.18450002016276,73.4030372718541,73.79594280666963,74.19763969100292,74.61378003216869,75.0518388353859,75.46908952064959,75.63057767878168,75.92485118102715,76.3485679720781,76.79031739712313,77.0716465541783,77.48616120939174,77.80471328245274,78.07666465166096,78.37484767547065,78.71984671613787,79.02849654603814,79.37667824772788,79.64229289426119,79.8811728291207,80.09234850185473,80.38999276066555,80.63708299373289,80.93822033805165,80.31148424135533,80.61368221336558,80.95658365774253,81.2029649054008
Madagascar,Female,53.20938346795269,53.32295709868844,53.4871757356333,53.82280794929117,54.3315223305658,55.04007903440379,55.76095105875982,56.47545160430532,57.23785203217287,57.799634632027555,58.48462703626453,59.12582198105388,59.59589464162431,60.17668775831586,60.61828545428407,61.13871212743409,61.48098069901596,61.7131940818075,61.8239313033082,62.003711873022496,62.18079125682867,62.35430404050653,62.51959276547191,62.70978744544332,62.993395447089085,63.1313909147408,63.34769653873528,63.56062295358274,63.663606945020405,63.897119954036654,63.5959871334935,63.225880601248235,63.47967282855283,63.88412808012193
Madagascar,Male,50.543816341206806,50.72356704705538,50.97481366522443,51.362481128032385,51.88863449975592,52.53685122920268,53.23259060973458,53.91839320598668,54.6213282552719,55.164788094115465,55.84119396724679,56.410697945126735,56.83132140727908,57.41071549700071,57.851910655545936,58.368189766131714,58.70664344942184,58.952236392723094,59.04326966555298,59.14985973540973,59.27507163679267,59.375252008727365,59.46268994217456,59.55098961807021,59.6788696396684,59.8074947343859,60.003494454623606,60.25397848540481,60.44023599315574,60.745877420534775,59.753243243313754,58.63770436574159,60.27261834706797,61.16752168500605
Malawi,Female,47.61273741522717,47.46232991032588,47.310234647830256,47.01802212804392,46.67648192924891,45.96269081242155,45.59315605628712,45.46884577638475,45.420618299350984,45.64233111156635,45.86099642750187,46.21467304015017,46.59826881403856,47.482721353965154,48.44033667986896,50.5040360396173,53.17032553396569,55.71281663402237,57.71387553875109,59.05329816105112,59.78916205041942,60.71965678295627,61.76890733402876,62.74001027419008,63.36346314693765,63.630614968995495,63.932163796976006,64.0872488592568,64.23923750537647,64.4384231541325,64.2640225128805,59.77323090207833,64.02486631449091,64.29591989820321
Malawi,Male,43.857332633057865,44.010703991923144,44.18978488988424,44.28067125229827,44.255227281868954,43.87691265662068,43.70980644036455,43.68965413530591,43.700045143064926,43.894118764393745,44.168711840841496,44.60330140900681,45.054668463848266,45.902026197171075,46.62296014776067,48.03180396911075,49.88319237632336,51.68901364068077,53.288905985516685,54.430438283104294,55.04368021086419,55.76650930725922,56.51656642534698,57.22555075307819,57.71648186527009,57.98275109037599,58.29628684959602,58.58404572396662,58.933624614611475,59.26611713943844,58.42239350539507,52.631660600024986,58.56406774990774,59.658391370124974
Malaysia,Female,73.68708472501278,73.8757928411288,74.17586803778703,74.35096962680515,74.49949228593388,74.57567864914093,74.728166371136,74.99864059634422,75.00696607577261,74.83228415302493,75.17920129316153,75.40747616861873,75.6089319023255,75.82805276686598,76.13256062507033,76.43053131944474,76.70980550871451,76.95404108628439,77.07158237617175,77.13603680482669,77.19057748896186,77.30645091354056,77.48997842963772,77.50358299357299,77.53154005878154,77.48833347508383,77.46583975448182,77.46004189740466,77.697520231943,78.20646410615215,78.82430898917626,75.56397340829366,77.29439036895572,78.48735903182616
Malaysia,Male,69.31387841939923,69.41471490310003,69.69596946435111,69.84551446218029,69.88943793935229,69.8663840704064,69.99015501375271,70.26553369117335,70.2755447537307,70.11498376654517,70.52904194392883,71.04106799274105,71.3331816695694,71.48008027956232,71.76840750471086,72.19219043806486,72.52232350500786,72.68999166889691,72.69501038293012,72.73270987012812,72.81653902051728,72.92240013892753,73.12614233394393,73.19498618076737,73.20785778808717,73.20171968056617,73.10683228435008,73.15090087527649,73.37169646807689,73.95594330658209,74.57207915084572,71.31114714524912,72.99656999804773,74.60252885146947
Maldives,Female,64.8729762704147,65.33834491508772,65.89198228212315,66.6853631009799,67.66967197699059,68.23490661900551,68.70039982896733,69.28117510234941,70.24884967893824,70.9567653113436,71.52428048802273,71.97024467431878,72.63504193056953,73.12905071050037,72.21848604159119,73.91914653464349,74.2895859162229,74.64741075417467,75.02072560180692,75.31043214427352,75.5562281012066,75.76753410889744,76.0367615699884,76.25968344816731,76.49846634023831,76.6549610551656,76.74361306777206,76.8347249329554,76.94512750150106,77.05316312348492,77.00460763837934,75.99579676139943,76.61944918405881,77.09435400583989
Maldives,Male,64.9985072939687,65.4449064947912,65.97987428810296,66.53515426946778,67.1255733667889,67.74621729406591,68.35274594142975,68.90765188070107,69.50482268075378,70.0319266230433,70.72446956962638,71.10675852035516,71.4865369716928,71.8871892674364,70.89150935652357,72.52252644164427,72.8189507073453,73.11644257126255,73.41848730864703,73.65185479097966,73.87919415832211,74.07211479205681,74.35665159605692,74.53659929736028,74.74781095232389,74.96075847458437,75.08839533184882,75.16341915239708,75.29932645968847,75.38152444199453,75.25607925361581,74.35152490202931,74.86482406005294,75.22663659392153
Mali,Female,48.93886154303616,49.640612127941736,50.19112623410955,50.63882384206862,51.04995598378416,51.378089382518915,51.63095148652351,51.74924021209995,52.22594535657999,53.68143519840073,54.46344235175905,55.57133400819918,56.62954916259734,57.8040828927421,58.901948639261285,59.829848254460515,60.54732765514294,61.29035946188625,61.905505622623735,62.350964314603466,62.69210789711749,63.095413350211,63.47321002320029,63.52663165361203,63.66540037673037,63.39376251629563,63.67469343090798,63.71497591808355,63.924949990744544,64.24867261051129,63.36533094059752,63.07763388321858,64.42626564433176,64.94948503346279
Mali,Male,47.71422318927765,48.24383280395635,48.65676920406765,48.95824284600044,49.05037509632984,49.513526456090005,49.79871572686952,48.71034203078606,48.18738727219274,51.272933212500845,51.97693487566381,52.930854265760594,53.819871933105,54.87360662055753,56.04112612721043,56.76622743793124,57.25950010552041,57.88295501304124,58.37936869440394,58.76479499175296,59.11419201036986,59.46611219784051,59.82568837450507,59.83578792488628,60.22036948789926,60.200468667823145,60.702392996287486,60.82324521543172,60.99080740158861,61.30683453824196,59.74454654129136,59.33373467548471,61.42584144847668,62.40038616714353
Malta,Female,78.36589685925935,78.5111918089763,78.84038755837052,79.37190977543797,79.7660284341457,79.832091193436,80.07305025801472,80.22375869636615,80.31478574297651,80.20199797268486,80.49780693826773,80.82712759396121,81.03956971011979,81.28141596768141,81.45109537376227,81.5885608913227,81.84849926336429,82.17280758102683,82.47693413065177,82.7645551801559,82.93542449152031,83.07395788057455,83.2193530499496,83.54107948669122,83.7457783252985,83.91315463710248,84.10755475356724,84.32946367040483,84.49817715407002,84.61977687902481,84.2768685755563,84.04077450076407,84.10651529181423,84.68872995630423
Malta,Male,74.08294869009305,74.2553852793052,74.48991370618934,74.86684014847326,75.26001531514066,75.44030328548844,75.41218234951337,75.44694477748521,75.6087749421869,75.67424377425165,75.96227134726378,76.38884521824139,76.62538819388266,76.84302738044435,77.13813234534608,77.21255526133571,77.37461676124373,77.69289903490474,77.99534317097536,78.34547757181112,78.71525486823776,78.77930066008197,79.0131912717106,79.49734170247852,79.85934831286325,80.0912271898469,80.39186351459959,80.47552473934401,80.4777704656978,80.48089544295281,80.08393406016627,80.6195300388071,80.49722813623578,81.38666608952026
Marshall Islands,Female,65.17387022545793,65.19077402074147,65.22223629713355,65.24999553200698,65.29950677590129,65.32422551428766,65.31105203784229,65.26796534978699,65.18722605071132,65.1775118720334,64.71266024685389,65.11407730513952,65.0881379700512,65.04972016162002,65.03451315824181,65.01639534990095,65.00282116953065,65.00147393822647,64.98701155551721,64.97952212724067,64.98254796772112,64.98390696500243,64.97855911224966,64.98413112443156,65.02341449703489,65.07054288618214,65.10858670894135,65.17567640129629,65.27556940699635,65.4063199295232,64.981053929426,63.62293823763423,64.98988789087647,65.17071980143344
Marshall Islands,Male,58.728041190302754,58.90005827200314,59.06456364216943,59.247796892846814,59.49463971804086,59.66144971272654,59.79927899841246,59.90342369010565,59.974690966801106,60.092625400209045,59.819893933905014,60.33118553241664,60.46007815911132,60.56771620219007,60.697447688035155,60.83866418200145,60.947950517548286,61.06648405399871,61.156135328040115,61.26003063251967,61.389087810267306,61.516550843314675,61.6380149128645,61.770970513560066,61.92691047053289,62.10578433385724,62.26096572939872,62.44389500853063,62.65937898601986,62.902150158205586,62.49761534502265,61.0673025845157,62.75114105552183,63.09129478822222
Mauritania,Female,61.86049706800016,62.28878035878168,62.56143720070504,62.74650348308382,63.52104940981219,64.00897528579576,64.22466371011582,64.54838560157016,64.58558420230067,65.12956502517757,65.22181683013042,65.36522795496626,65.46442946331364,65.83817131715362,65.88370542938166,66.06399848269994,66.15258174279094,66.67139690153668,67.04233775996009,66.93974944642267,67.22433323558994,67.45431951452184,67.44515345520041,67.72693491822963,68.30443777644194,68.48153226984925,68.98067073039779,68.77053535614256,69.0900655489577,68.86538467693961,67.34344925131943,66.4858995903013,67.80552944550534,68.75360607263185
Mauritania,Male,59.51063961333547,59.94511951073865,60.16933501309208,60.29006903622356,60.77658195866809,61.312633820620626,61.514099645114435,61.77626663002309,61.71734835767053,62.28023890405488,62.39278533041905,62.5565816000423,62.712840462749234,62.989432354119565,63.132036189440925,63.32651314407267,63.64097139451417,64.14027604545618,64.59516253135406,64.66514678940835,64.97510036781655,65.30148713954563,65.51015600091856,65.73556859232099,66.26952955890512,66.53941758673206,67.0145403332272,66.96864672694642,67.28431229385163,67.25057139439396,65.0026258163797,64.5945910397979,66.18356755395389,67.54366369061448
Mauritius,Female,73.93149544479806,74.02133497551291,74.22750755555731,74.2550458109775,74.6746690653553,74.93330241238338,74.81688747174229,74.93600641448508,75.25418587808704,75.46290867323341,75.52254003574211,75.72635300978244,75.83991487966952,76.04138963571009,76.24070228268448,76.12299141569002,76.36490417484687,76.67581633369893,77.0526736884351,77.38232186673419,77.54352116993972,77.71319634634074,77.81360269218715,77.96106732131948,78.13594717034618,78.16399848686636,78.15185540189924,78.21860034912409,78.23627623154088,78.31454543475253,78.12068380260962,76.46634374979176,76.92012920911424,77.56504769020593
Mauritius,Male,66.07859064456848,66.45395276322752,66.7807862605673,66.86894265719049,67.17130735943432,67.2285400368396,67.32910802315817,67.46874071058167,67.870689178844,68.25043304186177,68.53864613724092,68.84228481231489,69.10163018895173,69.26380396932579,69.47026116144941,69.50434322468601,69.72722906774173,69.97117373823012,70.08362022500843,70.30309827731568,70.62669944934765,70.87859602979617,71.10718913266881,71.28490437673007,71.50635399535182,71.54983263053143,71.47001668706798,71.55601033706944,71.44505340648662,71.56397828072912,71.20903809843281,69.4379868441587,70.03793852276493,70.33308195643924
Mexico,Female,73.99912245949977,74.42813876640156,74.72064286417965,74.88547333562833,75.04195984075699,75.09808227544629,75.2481986270427,75.51869547623046,75.90297127941652,76.30293145074022,76.86729871344684,77.211235236837,77.32041741875557,77.38039797564446,77.55870468197088,77.62271041773879,77.90925129764813,78.02475060792283,78.01560998244082,78.2891491227021,78.1243126085426,78.40700388916062,78.63012000089047,78.74087120196795,78.7241392658761,78.71774885523848,78.67620183910921,78.72768304280986,78.87084633877798,78.98798657854825,75.45172899031716,74.88002166992614,78.3965436360543,79.23864767290137
Mexico,Male,68.36608291787772,68.7855224612055,69.13962959905146,69.41077392879365,69.73162494051871,69.9439484982149,70.22574544914976,70.51364795296566,70.88853719108786,71.38459624086177,72.04888520870041,72.4383698350792,72.49592330695495,72.59253754144878,72.81330386251992,72.86915677210112,73.10154115953343,73.17923002645789,72.94691533798563,73.0483282843678,72.75861877937052,72.98206535674127,73.27914657945358,73.54031199980025,73.64340216702277,73.58066040471046,73.27163224594953,73.04026191203963,72.9696564521407,72.9983986210117,67.58138610943315,67.55380400947065,72.22590597922671,73.41910807899512
Micronesia (Federated States of),Female,68.02256043981464,68.22500298110471,68.3856833834124,68.54895829803489,68.67687804309965,68.83492320953297,68.9125257508633,68.96586323537089,68.9922802066351,69.0458385033625,68.26358066069983,69.13106560795953,67.8240432521175,69.19890579067582,69.23053678562225,69.38987049634369,69.51524620332427,69.66188540953702,69.8151131875823,69.94647975854991,70.10319986754924,70.20413899379325,70.28769204911453,70.34968170749886,70.4304666100081,70.38003462829111,70.60964740196653,70.70407815057096,70.81519728206864,70.93337777047974,70.54897170534642,69.27115243006656,70.60682514612556,70.92643074808315
Micronesia (Federated States of),Male,57.91602548647436,58.19895047435257,58.45492520535383,58.710553827508996,58.9232351798953,59.16309151183406,59.3426363296456,59.502460543792665,59.64740376719053,59.82051972079422,59.36251148973337,60.18755632663077,59.72454853630448,60.519261889004426,60.68254590127742,60.89788102829947,61.08631176285305,61.26306767086503,61.44722394067399,61.610723207837275,61.8105306737196,61.975773548430105,62.13363429890472,62.27484085934135,62.43028848880866,62.56704181566582,62.779204242295975,62.94449227993299,63.130275211217,63.31884490110015,62.85332310882127,61.3154969133427,63.103019155138824,63.663415287442646
Monaco,Female,79.72201971918776,79.82486544145605,79.96132270736308,80.04652793105595,80.1547918068023,80.23203082827362,80.28754205477284,80.38371048583473,80.4381583327539,80.53298403279838,80.68676618270187,80.86270196567786,80.98206590736545,81.081107818788,81.18136723387106,81.28998304888202,81.44724788637537,81.5999723698991,81.7173086852444,81.8279929885488,81.90299350171964,82.05518202089056,82.19598888621131,82.36190406694716,82.56601601926104,82.75466146136068,82.94647152004895,83.17049725064518,83.40725546013458,83.59536710406141,82.8747899134237,82.3982871550866,82.597014212475,83.07306399612885
Monaco,Male,72.76566943761047,72.83924715426451,72.95708360567474,73.04015206502567,73.12734700530085,73.18672035081939,73.21484071214428,73.28885225393489,73.31560427623815,73.3791177835498,73.49000901283358,73.61291252117327,73.69063071610479,73.75196734671516,73.84045195955005,73.97082362279549,74.17016069136147,74.38493870800278,74.59561441007452,74.82062394438044,75.05274416301559,75.2989112364195,75.47644660887919,75.63749374877234,75.87840718233532,76.19349177990169,76.56434835457048,76.92317687809947,77.2150775402371,77.45651992925018,76.72202278073783,76.4579680439519,77.30102557011419,77.93702244071955
Mongolia,Female,65.09906345659753,64.63428459725,64.42298810925236,64.65657431743726,65.19362220771934,65.00625730894586,64.75402533685502,64.97234863635566,65.5112093377505,66.2174200396273,66.91083252895278,67.57442672340295,68.44811353696058,69.20299713435205,69.89233966046051,70.34752858793136,70.68952458239144,71.12884146721456,71.3229570960157,71.3681526288223,71.56865807996267,71.85409852013818,72.32029814208053,72.82154972737233,73.46420635829058,73.92472070964878,74.59604771465665,75.33144338851102,75.93402201106716,76.75145298833296,77.02405023902404,74.86765018962413,77.25871467541398,78.22547669378527
Mongolia,Male,58.059570589296115,57.8875334706541,57.93654987292702,58.18353819782812,58.47955790039741,58.75707618486482,58.96518343483202,59.64412420815999,60.17400701538111,60.754159778420586,61.084128356482594,61.09930737033292,61.20129732663715,61.17648239433811,61.323441303110634,61.53676059971382,61.99450374725238,62.63172214493263,63.03154702887037,62.926625921643215,62.686376375952136,62.73549591942813,63.15468551461172,63.76010555278602,64.66680243767368,65.35877911697153,66.06852327282779,66.61852662017593,67.06615225400125,67.87111261833701,68.15713832534558,66.32080532526828,67.19084219079036,68.01290454122004
Montenegro,Female,75.9396227413602,76.12325192225512,76.17446331951885,76.10821196656137,75.93226291363466,75.83502636773801,75.8828356920781,75.8648260247634,75.78161401322662,75.86473475516789,75.88149342199135,75.93355508825529,76.00864997879845,76.13502906793373,76.33880379477398,76.60522632042473,76.81967592958786,77.08707117546145,77.33728291533461,77.42711242371895,77.5395816909542,77.71857729150125,77.90797808233,78.060177751853,78.20598545206173,78.32415851192982,78.55624406043877,78.73623987380401,78.9368273985437,79.12422189044757,77.97280177663849,76.29939213059656,78.98139696218999,79.50773319118905
Montenegro,Male,70.23757382881467,70.41086123905892,70.43217280838083,70.33147912139995,70.24139458447817,70.14976247747207,70.14581666908757,70.12039618140358,70.23892171486365,70.51015941527021,70.6337635077325,70.71307590877052,70.75703914918404,70.8178893300862,70.94964185886177,71.15118294770072,71.44187939659996,71.77721622306318,72.09793181969208,72.38181604633503,72.65386026531667,72.89832005793693,73.17533244984463,73.32531700429041,73.59295639243217,73.76772203330779,73.97994126943617,74.2748215644137,74.50511459362359,74.7700024714473,72.69391069366769,70.47145905793613,73.62767366833182,74.7075365062041
Morocco,Female,65.1410014063317,65.46292576174024,65.77675345798804,66.0917677147319,66.48257899642529,66.82786331503294,67.22345638892178,67.53640790319731,67.79212759677999,68.0306517337695,68.26348103369422,68.52385996404841,68.74564835109499,68.96217236815393,69.13579660669771,69.4258805395941,69.66343333109323,69.8981203488459,70.18226595989388,70.47545439965303,70.73318947877942,70.95967061201664,71.16923630142446,71.39648378183624,71.62578622211355,71.80704226179303,71.97335780192859,72.11436116166291,72.18753274952182,72.311622059097,71.3658540720819,71.40181262822324,72.53177060296798,72.79779554089403
Morocco,Male,64.95272136504198,65.3203676200898,65.69250015111851,66.01282299438937,66.39352448970403,66.76299936118279,67.16302740941153,67.51502083553659,67.78929582637082,68.06336708607543,68.33123185760266,68.62533420026851,68.89538094995184,69.13414836031018,69.35174135622123,69.66627753597695,69.94424469044354,70.25155809121455,70.56627855043396,70.9128196731901,71.21498645231159,71.48161737028924,71.7264923944605,71.8993403233817,72.13698792740196,72.32519514995008,72.5060414684348,72.6524820264946,72.71934183330539,72.81683259984096,71.84885346740246,72.0487076274209,72.97712815055827,73.32221379408045
Mozambique,Female,55.33459609518327,55.81495538176453,56.070382831782695,56.29662772471007,56.48718213123525,56.59023430639197,56.64167330959579,56.56917410072522,56.55374075587584,56.52738192879387,56.48478518406533,56.90587499575359,56.9977625990542,57.32099872138467,57.598936793436046,58.26210765408841,59.29702370889705,60.5826091382907,61.641785718956456,62.590635529639314,63.21802800910212,63.363227582926186,63.07671451846001,63.40092765597001,64.64743356855251,65.60734963776905,66.22853484671303,66.56530347626008,66.78271460935615,66.6124934149837,66.34915840625096,64.72623733421781,67.06532444771811,67.74951700075064
Mozambique,Male,49.4653116328679,49.73104994098341,50.283070514568394,50.65474609204778,51.04145199224943,51.295764130063176,51.51562415504889,51.636039364046,51.72003473174004,51.75791884300799,51.74298858020681,51.9925112735001,51.972022518723335,52.225964159156824,52.4361177362034,53.02959980115208,53.92224545529114,54.92211975057418,55.80975482976692,56.49720221031804,56.925998181922616,57.00871908020569,56.74305922779784,56.97847286925947,57.95927693601204,58.77549910852734,59.314558674606104,59.64969524264447,59.87749516077086,59.79695180995418,59.42262550925866,57.01084271475894,61.00364139464371,62.036733985820376
Myanmar,Female,59.159982924521955,59.38238302729293,59.734433461602094,60.17749208918208,60.61303143214979,61.022300495956934,61.49648284404003,61.87157125365397,62.202748890581496,62.61441175236186,63.01254372987981,63.43965061827065,63.849872866478385,64.28023086184534,64.67735732367439,65.12374860725546,65.61630725213952,66.09174133188556,57.99700045077198,67.0480450698306,67.45192126562905,67.93127665448203,68.32530700562587,68.59804240109492,68.86810860031419,69.09433975308062,69.2781304606282,69.30205711858326,69.70371181039039,69.77070341745278,69.69647794563996,68.2473572235578,69.43390838780128,69.37004412797549
Myanmar,Male,51.04998711051771,51.32357508928396,51.735458266641785,52.27302383518521,52.703643520615735,53.106988963871416,53.61792364320142,53.98404019289258,54.31478806308927,54.74151145450773,55.11694973750017,55.513267399586,55.90580770161341,56.371361711212096,56.78556935631533,57.189520581776165,57.69328385518203,58.20205380873837,54.36475321355853,59.16912478328311,59.54726629645509,59.92790463177736,60.300029912988855,60.64368707207856,60.96764767996262,61.2092521198439,61.50111604413753,61.39653401134097,62.05769392012333,62.17318209302495,61.922899828781475,59.97022622767483,61.59119637749443,61.590296249331736
Namibia,Female,64.09742521830583,63.98143726178913,63.822781577206314,63.63961377944883,62.999986990509655,62.807966691865715,62.14810203809233,61.26342678531486,60.249127481719334,59.115640042877395,57.89953965342525,56.950383440553374,56.0428217593449,55.2773172697156,56.25227592947577,58.59433434240162,61.191636072640414,63.27265317620397,64.51478155094657,64.94200112305366,65.3612069716818,65.69879072816273,66.32347547905528,66.62140496516244,66.82837725376243,66.88148306829052,67.27849237809303,67.78673296514643,68.09896592650853,68.41706949807416,67.44624855999446,62.625502664373954,67.94767535550801,69.13926251374053
Namibia,Male,56.40882971486865,56.387043670058006,56.418859150918585,56.37201324519636,55.88565086938523,55.861545426845886,55.36259800626951,54.668162391031544,53.82317522859821,53.02608523536431,52.0908827721846,51.39734016002265,50.86816768206593,50.47115157841498,51.15835806896829,52.81554204262988,55.00201080096485,56.81160768597602,58.00489300820664,58.54432065974274,58.890214243026456,59.15210909481061,59.7313971390859,60.11431412686936,60.40923293157267,60.54556171123943,60.69265913247018,60.99652829056061,61.56687458652748,62.113477601158515,60.98885613896292,55.074746257343975,61.85000811902423,63.37330012309431
Nauru,Female,61.2916193304178,61.07288877952067,60.85623636623962,60.674740211740946,60.42931393994632,60.19180518757153,59.93253445404297,59.699171874415235,59.446909784614114,59.25908952714105,59.10077225854022,58.960692633438086,58.89048147596836,58.80552287277211,58.7327590509253,58.72410953067344,58.76060842642151,58.82425712746106,59.07457008776508,59.24637713393566,59.399317934654505,59.5940178309927,59.87897303554179,60.128239091589464,60.407803126663225,60.61871704604068,60.75606090443968,60.906922484396794,61.056784174854535,61.223373775086046,60.396720271739056,58.320894008102016,60.65582501381602,61.09030850396255
Nauru,Male,55.39849265250586,55.35545983692395,55.288558921687745,55.22080892282142,55.148882361056906,55.05416323377453,54.9585393098695,54.871121488681574,54.77823406002438,54.72489071480061,54.67960545931678,54.63826683786058,54.60733948010092,54.60640960703879,54.636935272984225,54.66431376284713,54.71787758353194,54.75369191363015,55.01642698091121,55.204304166299174,55.38602885093627,55.613691334617094,55.891963288516095,56.1593817093155,56.46585237489849,56.717170984679186,56.91338677201528,57.093160565142625,57.271170965869125,57.46634151608018,56.597750697405026,54.30207753209305,56.829036609155686,57.20075516095395
Nepal,Female,58.55731767449821,58.949134498952475,59.85935602401275,60.633076386471025,61.615799576933405,62.41929485032432,63.25185578817352,64.19093635221483,64.98783356858999,65.85663831409224,66.65475205694563,67.43174793969925,67.90405455593961,68.62180674394403,69.21862072663122,69.89469638581379,70.57074327606666,71.1665892193534,71.77690268878229,72.23733814051208,72.77439652710483,73.18872676051592,73.47305802483322,73.81756973604391,74.00669491348616,73.40216712970013,74.592170911293,74.85384424401133,75.01778127101095,75.1779772285171,74.57956188258828,72.93331809203214,75.08003389618897,75.13462703104322
Nepal,Male,57.9167273118625,58.2645963880691,58.99644193211481,59.73923080479503,60.41444618672218,60.956910535391906,61.532576866994035,62.192000951923774,62.68537154705737,63.32409655789128,63.91965059895138,64.5442202595248,64.44330452061548,65.39010150127395,65.78659652885571,66.42794502571765,67.06001015585241,67.53432818707185,67.90841873568549,68.15669779752321,68.535304315152,68.81912440122491,69.12603245253428,69.49498877003805,69.77446598413846,69.58844228932779,70.46444277388198,70.80604009129323,71.11015741653932,71.4199587798428,69.95211049534659,67.49548290783746,71.69432948885827,71.91668003359442
Netherlands,Female,79.98380528490834,80.05395602158244,80.12096531801974,79.98681440069669,80.19002296735334,80.27126997462307,80.29416070989909,80.46128734840318,80.51933920412633,80.46983384940262,80.55235500862072,80.63041507920481,80.69176678968184,80.9152028600289,81.29742869352575,81.57951893984888,81.85549912006341,82.11759274903532,82.26027071660263,82.51371726263274,82.61845389438865,82.7322856835157,82.78194211282839,82.95728717486016,83.1477535221292,83.06141485424791,83.12019779495154,83.24403681779253,83.31192182106639,83.545322948985,82.93236968710949,82.85022430121906,83.04481239867063,83.55711951509052
Netherlands,Male,73.76868416022626,73.97598224087099,74.11563046979477,74.02925043375578,74.38596287866888,74.51570675746899,74.63155568266828,74.98351632556671,75.13445460488965,75.24214790020787,75.46672145475452,75.71615680387404,75.89930305759798,76.20867460053103,76.71314197996467,77.10797345029798,77.53127750247928,77.88997030628889,78.18164606714855,78.39833772462354,78.66517705392064,79.01001336733378,79.106935827694,79.32402480122573,79.65540045261167,79.64086146803635,79.75637545363644,79.97697503473321,80.0953987043121,80.2980972688561,79.49396904512922,79.54448991744599,79.94878168896692,80.4228849279894
New Zealand,Female,78.39174420632695,78.67018387318232,78.85480491903671,79.04698136321511,79.2938068712129,79.3689109075216,79.56771680135594,79.97765139012856,80.39645488088351,80.58956025875362,80.8685847622652,80.95001229997226,81.09285462308775,81.26193715899157,81.53619353600307,81.89958536904552,82.05015437971163,82.18833738005351,82.3517923421855,82.58873372233043,82.80561737184166,82.7448459626203,83.09097191208353,83.36890585527976,83.2918827159331,83.30606562009864,83.44506273723674,83.43024905415456,83.50836470146241,83.71527836268525,84.07783126652853,83.83048760335248,83.10953565600255,83.35511922075992
New Zealand,Male,72.65177117605462,72.9447264858968,73.11407349606662,73.47623115711528,73.81707646416572,74.01819701333886,74.3008899937344,74.78820694088066,75.26802503445184,75.54661711073398,75.93975498769687,76.18180999326107,76.50232639647778,76.84534439027115,77.22035451239532,77.74349271818163,77.93188785215357,78.06129392093925,78.28869668264103,78.62118195137481,78.99459808048113,79.09291424988758,79.3551966712612,79.63677776855474,79.7047279031175,79.82269709799978,79.9568756115862,79.88395955818999,79.92764615358749,80.1424453600752,80.47527469820665,80.32983302702026,79.62799912912719,79.89308900310242
Nicaragua,Female,73.91808890202269,74.3836980456776,74.60001789904452,74.72714835856834,75.33769064971443,75.57834329816804,75.99847638290063,76.62157400946869,72.91820826580346,77.48285072689923,77.70626834598343,77.70620715921528,77.65196077169128,77.6014502426377,77.66414733709598,77.75441240797923,78.00430674057404,77.74988975145017,77.766820149798,77.73718177372616,77.72823690519664,77.75307436858719,77.78378994263845,77.69342921436875,77.5928079490081,77.73568984003336,77.79287463051433,77.95148900575279,77.86709961279826,77.60246672076396,75.51732792910768,74.60945160928058,77.89506914413197,79.22789854357305
Nicaragua,Male,68.02447120778292,68.7021354261118,69.09127026818649,69.29627878464672,69.66295011927588,69.92180964630867,70.3349083597153,70.8569266384991,68.92437130966661,71.59373306937016,71.93026771398306,72.03537394457271,72.02612381757842,71.98592969037428,72.00867498295146,72.07044860147711,72.23077061539023,72.23584999592553,72.25310602760777,72.23646302044568,72.20985732264982,72.13748250420085,72.02065092334368,71.93253102982786,71.99003785716398,72.13897163046873,72.23119748153334,72.50858067666557,72.19281502681307,71.81904827478718,68.59066538333454,68.47417173462411,72.64338992644522,74.0554909413887
Niger,Female,43.109745526169505,43.26566158027512,44.10061702445446,44.5699289120224,45.192138676391394,45.26866352395787,46.275271995824056,47.017128852569705,47.66901972196187,48.44629025483667,48.88584636019679,49.79776006727544,50.4823820040971,51.361881943388894,52.35319619642091,53.386987274244554,54.11471269749973,54.952228146068414,55.707801679874585,56.40410791091468,56.98959637981704,57.50900878529125,57.934867326445314,58.31716846897855,58.72573378377618,58.5596510342443,58.8892910618327,59.16500590741977,59.368731383243365,59.602035315756694,59.30813361609161,59.93948815636712,60.116620494758195,60.56133494165551
Niger,Male,42.14108647338158,42.08828108128317,42.976758787133306,43.33493628655326,43.95391447195432,43.91096363557355,45.12456460957974,45.903759303639305,46.508470512026754,47.27505273003521,47.70137947633263,48.54121966633145,49.18679881709921,49.839464838221986,50.68960521953492,51.508717277542296,52.16961060758358,52.81601529227681,53.40958319223152,53.978326936104686,54.41438504557233,54.802741112259554,55.16558908051653,55.392325174595975,55.7267554982193,55.65755870268007,55.96051215083302,56.43490404831418,56.68019162752075,56.82428014259876,56.18447315843142,56.91126413889432,57.71359296089624,58.21422768282806
Nigeria,Female,52.80950130977278,52.482349759329026,53.120623743632656,53.293186943912175,53.4879163113741,53.66189416362518,53.53720048746685,53.95046248765887,54.05921945221227,54.25876730614606,54.410226161775256,54.85171095489288,55.333720857526174,56.20209927164901,56.94808952657765,57.77808109006655,58.61741070699503,59.51842729997419,60.13938221408185,60.70248826732108,61.098896205086,61.629824049769155,62.07596889732282,62.44804943102533,62.87961805960118,62.96062188373578,63.5935744352129,63.9857610203468,64.4940172707186,64.98515194980016,64.84456212406809,65.14607457655775,65.73451349237497,65.91447469726458
Nigeria,Male,50.28031901723691,49.95093547855507,50.53738181550605,50.73601613994154,50.97352070296315,51.13789036363442,50.96074480096656,51.427466236588806,51.53477399672597,51.72751250242347,51.8591448002752,52.322139111692266,52.74421568579459,53.51241300286053,54.116499304675806,54.84101741864415,55.58117737332304,56.39799647959777,57.063852448992655,57.596348861496075,57.9417929141299,58.43812632729136,58.75304410414457,59.008075805907765,59.28414729529482,59.56136446561231,60.2063866667408,60.68222593328064,61.242523223126774,61.80995505457989,61.22359401521716,61.505599730663064,62.830065625834685,63.07297601427706
Niue,Female,73.17762104793108,73.20069645391217,73.237526035985,73.28428561256966,73.35359238867574,73.41391556401067,73.44233958160146,73.46183477844313,73.5387077277654,72.67631625194872,73.68327527848055,73.75821540604151,73.80329039608537,73.89915127204108,72.41525707349557,74.11418006087567,74.21327835110495,74.35154454159826,74.43549527374121,74.49369406661661,74.57744416915126,74.62068467493025,74.6291034373506,74.64327830566954,74.65260213934747,74.6834972182556,74.73158456652865,74.75450470883868,74.79205369031362,74.86232543751179,75.8850007483091,74.47794770301523,74.51937479832701,74.82379270558488
Niue,Male,65.8897203688265,66.02577208826378,66.17402785171475,66.29636042919017,66.42219982543948,66.55880000814462,66.6789583514222,66.79602232409955,66.90188989797083,65.81687612272115,67.15534554015338,67.30375125916473,67.42828116332483,67.59684674331503,66.87970697039563,67.99256260396773,68.17469872136341,68.35078827937494,68.49415708483275,68.59387852467236,68.7338846607385,68.84705455439507,68.91505907310038,68.98393925583319,69.07847871489797,69.20936751390937,69.34400476636657,69.44425984560829,69.5248549216426,69.6262323422194,69.48469917726187,67.56476699632118,69.15053110031297,69.52877088673635
North Macedonia,Female,73.34907702041936,73.59266235337304,73.79421526459709,73.8532022956711,74.1063508369915,74.13159497652138,74.28312496405145,74.41565298518938,74.6326100175561,74.78639733606713,74.954863168849,75.1986394061971,75.51006381652292,75.8247031809072,76.03225561101057,76.09137740864219,76.25932606346045,76.28350436639539,76.44778242385668,76.63741543127685,76.83464126076527,77.0007399947339,77.19374471229695,77.46393596344082,77.62877435397233,77.70505621325356,77.88681727659659,78.0150668444516,78.1190974155405,78.13885075728261,76.92824449335559,75.42680139453331,78.01854802003656,78.94936686738177
North Macedonia,Male,69.02318964835943,69.14800541536849,69.25898365000852,68.9589921153395,69.46554241984569,69.49131390075897,69.69206587722556,69.9328603961369,70.20436916063527,70.39117340648272,70.53788949212843,70.56640759786612,70.92811736440628,71.2802206962482,71.61732049137836,71.80675283133847,71.9733492259607,72.2463873267138,72.61036183996474,72.83475683796841,73.04003973789018,73.23131572835393,73.39250507527436,73.53949235452328,73.66514412666389,73.74055460153302,73.97652137077874,74.16754553080618,74.27071751708137,74.09650992744751,72.3345873385996,71.233005354081385,73.87406183737745,75.18705289602217
Northern Mariana Islands,Female,71.65895912353109,71.69000824791455,71.74165748964506,71.74961331022837,71.7581521458494,71.7473441461665,71.76161588655945,71.76915158836594,71.77772705316606,71.77651003489937,71.80270583377072,71.83657332905103,71.86233457506823,71.91300171323431,71.78899292943535,72.02671539657729,72.11954675495545,72.1858753508434,72.23158682524515,72.22371487396057,72.28831493095254,72.34659967533898,72.38636934477142,72.40086971798794,72.43636273738967,72.49087561582475,72.61357928023531,72.83662313709438,72.75929260158013,72.9812420608415,72.33779127037225,70.66425684657698,72.3404339972836,72.83787088689789
Northern Mariana Islands,Male,66.02448603490605,66.1332328095814,66.26124560554544,66.35503309555197,66.44425992566563,66.51168618303102,66.59878661960906,66.68253907829016,66.76548371311436,66.77472941447397,66.8880892659913,67.04081625104533,67.16481309022929,67.26649735792662,67.23544075791725,67.38459999949161,67.57326950163464,67.58257046691595,67.7858729807982,67.87042797019562,67.94993236712484,68.0444943601116,68.09560500562822,68.12732549332055,68.19688114411278,68.29649785733749,68.53215078604319,68.81197655328845,68.88221580139752,69.1211641046834,68.04959296650209,66.80814339186385,68.44576145571904,69.04441658495331
Norway,Female,79.81368433014636,80.10165332265603,80.24061676668681,80.29284113203657,80.55927980024146,80.71195339076027,80.88088265873978,81.02242090982782,81.11271730271821,81.1694421541417,81.33101507501188,81.44879950049089,81.59613720720395,81.86448288696256,82.27029890903025,82.52585438339774,82.56230033000772,82.6582260483301,82.82598805345472,82.99833611344583,83.20560349803353,83.2874438989828,83.40650596957622,83.65037117205945,83.94907857810068,84.08200002909787,84.16590247029086,84.31537862781965,84.45769183229712,84.71277998360567,84.77998165801236,84.65688975330158,84.23531149838513,84.63557997242069
Norway,Male,73.51221782069442,73.9486269143324,74.15168028659366,74.33683321056286,74.66679769448334,74.89515649151272,75.1632305363139,75.38230170113826,75.48575107417518,75.61703134930875,75.953319788278165,76.16365412977338,76.42295049820184,76.95048741085903,77.369291783742,77.70179497418322,77.99520611056836,78.11434459173775,78.26246359169554,78.553131918571,78.75523646234501,78.90962785321904,79.23723912418225,79.53968941911397,79.95892639831227,80.2400565009979,80.49746904083496,80.75581404638548,80.93739988195235,81.24371588023247,81.34212717746338,81.41410267799345,80.80838540301013,81.36568167939029
Oman,Female,72.66920838526626,73.34664049321991,73.69384618927313,74.1335193382624,74.546380926278,74.98047712673558,75.42588495783642,75.80014476415231,76.13472814573565,76.53396045547525,76.7518017910302,77.20290522645507,77.30465721241913,77.48074719237323,77.79112749426949,77.75326935813757,77.63761950518155,77.54498623184824,77.84970335014347,77.91179892523532,77.72924247083957,77.75836774880877,77.96301813463522,78.0914334173932,78.08967170627662,78.01069205267339,78.18319100214303,78.28027211911406,78.53551426565778,78.78532249914872,76.6316103602901,75.3468774753299,78.72735083869838,79.4854218291106
Oman,Male,66.23271662084647,66.78617989790898,67.17613825846163,67.56336919710874,68.02374645883668,68.48187072182722,68.92025044681675,69.33245380432606,69.66646698630942,70.08524075624561,70.32192190733932,70.66223607652672,70.7459640062573,71.0255553727736,71.18268335553724,71.25526960764137,71.22158154698307,71.21539354821543,71.33414018206113,71.38414421208451,71.48247468057004,71.63235687504579,71.81069203782421,72.13411281280706,72.36322874686009,72.44148369717995,72.67923667305935,73.02876899259591,73.54794425151265,73.99502453388706,71.52081002877995,70.81991878598852,74.5242043816229,75.15674667666275
Pakistan,Female,62.589092219354434,62.695673997074934,62.80777518272694,62.93978190774437,63.19183120816154,63.40071786645009,63.77972635721176,64.09525653710027,64.39897920678914,64.78592714073115,65.07950600247129,65.40727177927666,65.66163829807535,65.93394023487244,66.14617409085172,64.64686592665403,66.6396058248242,66.79894274481441,67.00388424745302,67.16528626489242,67.3225729166743,67.54430193703949,67.61785254692168,67.67287123874573,67.82718388459973,68.12670479716621,68.39391448196768,68.76797472309609,69.09560870149632,69.36351462029727,67.3267307166296,66.56981573278368,69.61820075122931,70.09624916079873
Pakistan,Male,61.70240451667741,61.793192201095714,61.926316354510114,62.01986798806179,62.21714713514611,62.33454332491852,62.61355230194072,62.835572503293136,63.04714500765062,63.30126968805379,63.537407832992386,63.79437220122597,63.987160239958634,64.22486284348825,64.43431803645174,63.54672073673636,64.91643817907719,65.10867182510155,65.3579121891174,65.5765922378474,65.86312400003544,66.29586399334212,66.57484174682116,66.87038920190928,67.17331638933747,67.54974877710639,67.95003449540586,68.35285617685734,68.73986050780614,69.09404642579594,66.4287233185357,66.18965802764151,69.55099313031982,69.98726759960054
Palau,Female,69.02242032125261,69.11301659646581,69.19316968061534,69.22536293489549,69.24893405529012,69.28695947810814,69.27363765597744,69.35698136141481,69.35826754310851,69.41584889478798,69.44831939022896,69.48330037894964,69.51957272522853,69.55375151837315,69.54889206641047,69.60159156710127,69.69504965970377,69.81011675774768,69.92289802388953,69.95719894517143,69.98313145192706,70.02149303359704,70.02518230148199,69.98525791756646,69.96499964398411,69.99930521963843,70.10047479180992,70.23207449455973,70.32901640816615,70.40052019935246,69.7824316528212,68.32935230541788,69.90018229194908,70.17496712212109
Palau,Male,63.9531453807926,64.165579693324,64.36253497418177,64.48462509324172,64.55452618757656,64.65926332920779,64.62494440315677,64.9963450226705,65.08816313608496,65.18122813189949,65.25638182617708,65.40053298448136,65.54634719947714,65.6429577409615,65.72021817554972,65.87937719532037,66.05128312411951,66.24812577239705,66.39079135690726,66.44252215895094,66.51417812847963,66.65520540465523,66.79706589829522,66.89080864185806,66.96078142998877,67.06568327380766,67.25496196218339,67.47315469649114,67.652747507015,67.78017059225576,67.07856029301891,65.333690554197,67.2892797108306,67.73859167875695
Palestine,Female,73.35926099064254,73.48056782980714,73.59837339138825,73.733860331167,73.88400075169105,74.02770049435931,74.16321245151146,74.36315007427292,74.5525391341877,74.75962370342012,74.87175458697958,74.95951069164022,74.96466800236863,75.15293945409236,75.22028333000415,75.45767834422631,75.46224257738369,75.65894579403576,75.77112075025902,75.95123309358742,76.24292808833894,76.47034860636157,76.8537189907074,77.23099885749471,76.8667699578579,77.58071893776248,77.88572702683793,78.12274441348947,78.34150100064136,78.53055215312668,77.79490287760596,76.42971471399845,78.36746972232118,72.02496359582548
Palestine,Male,68.33556509631357,68.52269794304247,68.72856724942547,68.93814136863135,69.19009301637033,69.4413997220157,69.6339902328385,69.97271045485745,70.22829024957633,70.46611435911274,70.59480409991907,70.58447816602975,70.4181467984821,70.86944301924325,70.88573756440019,71.40744958217631,71.110676483951,71.38811527600274,71.43405722236993,71.67943661648908,72.58696400221179,72.87335162969815,73.22573748750368,73.91166811653255,72.11213565764095,74.20785414091623,74.51919418321765,74.78637283863921,74.99310926207795,75.09407643959135,74.29772339699569,72.81543961016712,74.92444866608969,60.73907185199482
Panama,Female,78.61664075037599,78.76247685876878,78.84361372279251,78.96086798772376,79.0648502139847,79.25342864068587,79.27636208344569,79.28548991238634,79.62515930844476,79.91930499210652,80.13243924093165,80.33031048282132,80.42435566586578,80.50817171971852,80.4839686389681,80.50653815438004,80.67266826370542,80.97817420344914,81.16628535371876,81.21538031665851,81.244416229994,81.24403631870506,81.3081926791022,81.25842466600294,81.30065326045585,81.44044070175947,81.56125796444628,81.6512004991355,81.85182513408999,81.93030456774184,80.03772007118356,80.18973667924156,81.33313322040554,81.87410617032972
Panama,Male,73.79673371389559,73.86576136500078,73.86407747106173,73.77818854344495,73.76967894323137,73.81377109481151,73.9099580590164,74.04477922899142,74.43576003624669,74.76755951382961,75.03272881047417,75.12253717114287,75.2887340979806,75.33156114606237,75.28330462552883,75.31239450150038,75.31138284294846,75.38243634221361,75.38264864671704,75.34197665181887,75.23424509457058,75.31539959092049,75.46506416624793,75.55790095463108,75.76181053623682,75.90678832244448,75.97294834939437,76.06793070715209,76.10769102535686,76.04327965758549,73.63180430112011,74.2106896505251,76.05176540011624,76.58465771344466
Papua New Guinea,Female,63.71921241080952,63.59155915070976,63.863092091574536,64.01045248175168,64.21095587839564,64.38032256724655,64.46383191284156,64.59028873564368,63.592147064224974,64.65535831747042,64.66586922095809,64.70985579923564,64.62402800312861,64.77025079559822,64.89576956716866,65.03082801281867,65.17440882582058,65.17403463388827,65.42449649477079,65.55071463236219,65.49735121609488,65.5362262219882,65.63658013307733,66.0880583572993,66.23713288339654,66.22102295401392,66.6011884784069,66.78156062087147,66.94148659998372,66.98151430745706,67.24819086936073,66.96552076032667,66.82846132431644,66.95898187526653
Papua New Guinea,Male,60.528174613470824,60.48714095279994,60.77478584889088,61.023209411496744,61.26080021879985,61.51235419359657,61.70825651507414,61.97544740966667,61.43059160899314,62.19476684335143,62.31302944188959,62.41108423298825,62.42667578746726,62.61399910923982,62.73749009068789,62.8681566388892,63.027778075135295,63.094675604030506,63.33584272842146,63.480857609933416,63.55514249683976,63.69191254171293,63.788820941477375,64.34196545937868,64.60874580916254,64.75285495286096,65.1267558829159,65.35303665696684,65.55029161634538,65.66985868224447,65.86351322178409,65.10484676446765,65.63752764038831,65.84308422003647
Paraguay,Female,76.68212090717446,77.01238703249108,76.93776659243913,76.76466169229043,76.67143063608779,76.65091496819595,76.6463041022581,76.84211012919181,76.91236882664352,77.03081808148967,77.08977051940391,77.21796218341903,77.20507095015822,77.09355952957898,76.78023784546423,76.71986357652536,76.66585552084463,76.75506962295927,76.85678883046674,76.82392970701663,76.75791166955545,76.81861499636945,76.87706364897633,76.8615782177566,76.96459163780743,76.9131895678987,76.7489183991045,76.91571639232852,76.89372898934955,76.78714510734679,75.8869868948816,70.7605657631401,75.68454302834724,76.24670306589731
Paraguay,Male,73.29071573397673,73.41474452818417,73.23060352666374,73.02598607108435,72.70838935284607,72.50126417257586,72.30375902083665,72.34454251910135,72.22427837539644,72.22478411200345,72.25123993896018,72.4182824195593,72.40954644970567,72.28071209137968,71.60719951262254,71.80716954990251,71.64484491468656,71.5100499455651,71.45466274742519,71.21531680794895,71.090564497995,71.18713715294197,71.24417594002993,71.22336489148366,71.16525634289742,70.93632053666524,70.72515547876858,70.82232742953028,70.69687540722731,70.463273996075,69.2395138278519,64.21866920794055,69.3971871511739,70.03442518631572
Peru,Female,74.77226716611196,73.93823221449563,75.03280785974846,74.95582047940736,74.9569136293116,74.97709486056281,75.35485767637043,75.89613212934883,76.5161388781728,77.37267145957236,78.11896483719215,78.67643767190795,78.91185219198809,78.88725708889706,79.11473856724984,79.5925403880382,80.18914862135516,80.45095948795667,80.60926604622638,80.52018082978134,80.71843146397335,81.14705733899429,81.54001126805774,81.95819188502144,82.35379090599487,82.64398760140631,82.43110927659991,81.67952552962993,81.33782547367875,81.32908176009326,76.11168550163478,74.19251718344495,80.00172763154272,78.9561639658475
Peru,Male,70.9654510258629,69.66390260155408,70.9435125969572,70.82640672432063,70.92523009006871,70.98058784221404,71.21831120495693,71.88102131410034,72.60870406172437,73.61337158171673,74.50934427018932,75.35804950319134,75.75603302488307,75.72738965784151,75.9004503494251,76.39355757532913,76.96335820481751,77.18883222114961,77.34432916633779,77.19536819931577,77.33452678516056,77.81449317024749,78.26722937364285,78.78098212743635,79.18794272461182,79.54711815743995,79.33348901026515,78.6372798985388,78.161291572624,77.8725068557997,69.2602740099137,68.275822144953,76.01713983157266,75.28095853556057
Philippines,Female,72.24946794795756,72.66851078045357,73.1486534204147,73.26246003957209,73.45948574095559,73.50316426782464,73.57486675327168,73.83748233118561,74.03273125559782,74.2567891769788,74.15730097964403,74.01174395481974,73.92944493132788,74.25739570110912,74.36776289306789,74.32733793980209,74.23101181558961,74.55679010091936,74.47501753746124,74.31474484301177,74.41488559127401,74.45158905615047,74.3906251304633,73.97357500909315,74.55780060605758,74.4555061466285,74.37801405838461,74.57783337026733,74.79878116375941,75.0850371573795,75.21458863156427,71.13705255235266,74.12793760264547,75.3518970542212
Philippines,Male,65.64779296171942,66.11782138030789,66.40175892896195,66.46378268079401,66.60837379502945,66.7512596010156,66.7463002363825,66.92256511945013,66.98337527908039,67.257347806546,67.09717200557836,66.98997656879922,66.98906578234123,67.2473072009329,67.33489565153317,67.2389202185018,67.19520110169096,67.52330452320707,67.44966743825971,67.3019656672691,67.42042351313735,67.50411012282622,67.54417922407471,67.40173835881555,67.75056555779499,67.56788087962292,67.35890381609194,67.58257564721437,67.93951788045335,68.30662800610416,68.4866505050844,64.82255157868656,67.59672768237041,68.91283429113312
Poland,Female,75.71098526836614,75.62951090311046,75.89464889085383,76.1170712628828,76.3902958509372,76.61606594686994,76.79269976194875,77.06082613288976,77.43147846044818,77.62436544287746,78.06907628757827,78.4507002753193,78.81954909214419,78.98594171188007,79.27849110934692,79.49155982894213,79.68776918134839,79.81815424084847,79.97289153947892,80.12764387119438,80.49112839668166,80.79995567580143,80.8848694759474,81.06569066027437,81.42932274708457,81.48125313275519,81.72354496980891,81.67815367060426,81.66459280807038,81.82398229101673,80.7596286456075,79.71101763708667,81.32115768852739,82.2455487096933
Poland,Male,66.80320054430342,66.5684881566305,66.95595964511466,67.44328860554926,67.80684166423106,67.9657199329432,68.27802051725297,68.56056365824108,68.89297163603445,69.08950059932856,69.71706429028276,70.20843563167021,70.57531294251608,70.72489750378702,70.89903963560215,71.0407123197276,71.15847538692634,71.27720656219005,71.51709470881126,71.82162133479274,72.27590439066259,72.65741719689218,72.83584254719649,73.19363368538741,73.68274865762186,73.73168705661426,73.94748530517217,73.98327946687907,73.97296847542141,74.14258884239898,72.69821838006378,71.8707235364156,73.67725557281217,74.97387398857656
Portugal,Female,77.66621926402657,77.77891408684552,78.18477488442909,78.34063281950155,78.89557303867217,79.05928179737911,79.07432128918612,79.41675859831008,79.6542060220245,79.83313055855841,80.25395688635781,80.5453066251843,80.73686270485135,80.90743883445937,81.61159768345249,82.04634489252676,82.35548554418584,82.47610947948966,82.62610908177201,82.83550525885882,83.08918032259292,83.46096586461532,83.55610836070925,83.87720897094664,84.17856883705437,84.22627303617733,84.3079192785466,84.53054049125494,84.61198648492,84.78930198088487,84.20622040406631,84.192855756556,84.23850686997991,84.83586693103105
Portugal,Male,70.70323317668064,70.6875055448428,71.00138506171714,71.17853943460494,71.82531289233638,71.94634032650531,71.88248389995884,72.33208745541218,72.6076398628707,72.89695037163662,73.39360928032242,73.7400632947881,74.02508342934667,74.40154792894474,75.09203847585847,75.46389881492703,75.77906800711426,76.0534474564893,76.38497150634473,76.67885689906677,76.94411948872562,77.37529762857838,77.5470546805665,77.86997683320674,78.297849229674,78.49393693449757,78.53342047571493,78.75279137995604,78.81980263404309,79.05981209177952,78.45197788076463,78.42010054960362,78.31962340354315,78.96564095204477
Puerto Rico,Female,79.18277489554916,79.36734702673547,79.4709545176607,79.49057054838623,79.546344150954,79.57765439938079,79.63158424522955,79.9617609237646,80.06893965359522,80.25195341174525,80.50411460119716,80.7591883753749,81.11968580967373,81.28200918282371,81.43509248318254,81.65538300640294,81.89511179394063,82.15814817696386,82.37570541091294,82.58124360917415,82.74918189612885,82.80183194167479,83.11988685473727,83.33701611992794,83.64896856460784,84.05751067366403,84.21374831882036,82.3197547884326,84.7430553951567,84.87044297433069,84.45621929659113,84.28487973870344,83.94597213575818,84.50010524711902
Puerto Rico,Male,70.29125914293242,70.32667245859058,70.19838317029699,70.09636308410104,70.00898688876411,70.10223335491273,70.57057211784132,71.17396255722637,71.66240682143277,72.11227192995177,72.62098745850709,72.99572141131877,73.54085280351494,73.80428366550031,73.9397722384489,74.07369441063409,74.38335912401438,74.64081815463776,74.88987449717581,75.13121272754864,75.46679193188716,75.65961009008277,76.0748972914604,76.39044248490647,76.72060113917293,77.06679491293802,77.21966722707226,76.05169740845031,77.51898731364467,77.54669868982612,76.66045416143595,76.10950311591644,76.14645289573842,77.33170927061322
Qatar,Female,72.38746538446786,72.57283824778719,72.5616214926931,72.46343824904113,72.78105673760552,73.24650546838382,73.43136403339967,73.39947540176156,73.61598822386198,73.7575713682853,73.84957808522803,73.98468142534031,74.0956960112957,74.35943037541468,74.7528089127192,75.0178224367352,75.34916329884685,75.86400253791079,76.5030077031687,77.107509333349185,77.75368956672793,78.56392607996281,79.35117008235031,80.10683346350855,80.63690844887601,81.1184356585789,81.74741621044886,82.13050190156503,82.4697897435847,82.74375411005703,81.5279153231668,81.8761166698329,82.50418789398387,82.3819901651919
Qatar,Male,71.35417996297184,71.53284683890911,71.65305396799819,71.85580294778379,72.25828088418176,72.70144229974122,72.58721802016478,72.5377495236244,72.6969642448623,72.94829005724374,73.30189253114844,73.54390538863754,73.77040671142419,74.01427845559601,74.29327501397677,74.59008509670562,74.90402484377925,75.32339067236806,75.85027528779082,76.39795640893914,77.19820638222978,77.90878148389069,78.51268368413788,79.26471449849105,79.78571122546025,80.34951977220928,80.70534605240599,80.92070908581526,81.02145389142346,81.07624229321921,79.74919685042074,79.96846727400471,80.52929311638108,80.59867065323421
Republic of Korea,Female,75.97884249727608,76.27029387429062,76.85637778953229,77.32642168117322,77.54671889671245,77.99351379580389,78.45700953056665,78.59039389002893,78.84332611149586,79.20242237282969,79.65052878634098,80.18534934637906,80.44261459490632,80.90352705531014,81.43231414534492,81.88378628707008,82.35271699104376,82.78543971198364,83.2823001243896,83.71603771627366,83.95427456293949,84.2903685189304,84.46795945865779,84.83750723442111,85.18218533126424,85.32008806554853,85.53527065317586,85.73600568286278,85.83466468941677,86.16734544422042,86.26619559207596,86.2189611122386,85.28000480706694,86.0504305689051
Republic of Korea,Male,67.53018697290693,68.04317977315486,68.83978403072736,69.34292646492044,69.56749459417678,70.11271875022871,70.71147691245459,70.94733635432245,71.33673154883213,71.90150838530546,72.51133100411406,73.14722667408932,73.61038593360989,74.11472562646733,74.63250568692024,75.22131942587876,75.77579740880283,76.22453834415761,76.59007579057872,76.99436558677769,77.22500941713109,77.63758060583339,77.94168348806767,78.47183084754798,78.90150588696085,79.23827610373893,79.58344319155015,79.87555662247601,79.99232120447888,80.37005967762246,80.53592862741533,80.55240871503044,79.75730723210044,80.62994093752428
Republic of Moldova,Female,71.5230406015038,71.25489171221714,71.07310477177175,70.66743074195294,70.09952872935935,70.02913170309084,70.60890951997008,71.44427130174007,72.19881345554961,72.44917382690716,72.6064403662057,72.84073172576753,72.83838777910327,72.84733168574411,73.12973799743858,73.15833187042148,73.39727108041821,73.663261883137,74.01161468118622,74.37754631776747,74.67452413304869,75.38822906792119,75.83300300768822,76.1348728566986,76.24401403005616,76.4189594367315,76.92959949960188,77.4097261820993,77.89840000194557,78.62381030757939,77.01129912673545,76.01174289393091,79.47965389304824,80.27286606373248
Republic of Moldova,Male,64.69659564867396,64.33465788903199,63.35884616415919,63.3226820535714,62.73509552378034,62.49904127151931,63.02014697303827,63.88598730898204,64.66126913458626,64.89616788138409,65.086131293137,65.37175766007499,65.38985100752846,65.30117470318179,65.2630286833913,65.12181666941507,65.35174801458965,65.60698202290867,65.91897623983803,66.03144246212145,66.34208262437647,67.13295209333128,67.71873300208813,68.16299116051492,68.26850006693384,68.37520401716066,68.84927551716017,69.50740637055051,70.00994889950458,70.68221283581373,69.12136776711036,68.3580954530911,70.8643876270516,71.61509623890124
Romania,Female,73.3352232175759,73.29815535600918,73.25765049369743,73.364315040056,73.48999406362898,73.30580099874707,73.12040269009557,73.41732983583937,73.82889554073604,74.21793823729016,74.67178658701602,74.8834546264819,74.93462873746633,75.24010047923093,75.73166691374459,75.95077680788822,76.35780196934186,76.81550823468598,77.19460193303738,77.4031145107894,77.65511672402397,78.04564160972443,78.32122152070475,78.66554920362945,78.74881929703821,78.78153786002375,78.99761389856798,79.06570493230213,79.22216075581014,79.48179191760738,78.36297524671369,76.82915532577833,79.24053249321399,80.13596897382145
Romania,Male,66.93939360951308,66.64625191916792,66.25599715075262,66.08159738862598,65.91738455425957,65.58361801706043,65.31980650735784,65.58867837005005,66.34071470442389,67.12692627930132,67.6420844072895,67.67984950786692,67.63334011603222,67.94954392536528,68.52067245187871,68.90204040852686,69.34327426470595,69.6829405353715,69.78577667894689,69.8667835590566,70.22424609494351,70.86483722991477,71.27463033402113,71.63715423919014,71.64517313390769,71.6290883357669,71.75669536730443,71.76173820110776,71.74461028402546,72.02867375416946,70.52106330737297,69.41838997837532,71.46955107944413,72.49438881498695
Russian Federation,Female,74.37594346547719,74.28075795820132,73.71415828913871,72.26834947852164,71.4311356528032,71.93952184147798,72.63371504162247,73.1051894590802,73.32220680721073,72.81421846400612,72.6078707954865,72.52986232529672,72.24753387676856,72.23102847829215,72.5760955012899,72.77802594400534,73.50968625488736,74.15074281846849,74.43524520872256,74.87862493393014,75.03114749198274,75.70470865913907,76.03250534582973,76.38153282068028,76.58735230081189,76.62568833144408,76.96531621052964,77.47403954682332,77.75764183982447,78.11814750570092,76.63739228951836,74.88537295878064,78.06949335326284,78.77055640704327
Russian Federation,Male,63.95355312667508,63.614636503138655,62.18606304217917,59.48005429328367,58.01470404763067,58.69972728227568,60.06919902079952,61.28238259982938,61.609227376147174,60.356344342801926,59.57331952639492,59.51114472146971,59.29031972550293,59.21085260170985,59.45768953110953,59.61747312469531,60.96865194039991,61.97046220311604,62.418729529825555,63.20934947751574,63.52235953476918,64.42995436305002,65.03203219661941,65.52694421139525,65.7787955026734,66.10702199752639,66.7771627772663,67.73097274403663,68.13419222193109,68.597623141434525,67.16315492345059,66.29248375718075,67.58484728708721,67.63074643900772
Rwanda,Female,49.71681963236211,48.99210724377462,48.200218785175075,47.46881995713544,16.811514172849677,44.88643554250092,45.09996009778502,45.08530079416547,46.53740322053251,47.894044974667416,49.47236626594943,51.190099633652274,53.18182591983861,55.17291671184815,57.29908371304912,59.37582128881717,61.01645312903433,62.3822253398617,63.50492297784027,64.40863891442304,65.21342841089556,65.7717866611461,66.271916906966,66.55088928161551,66.91033266324105,67.24588986148498,67.61148327490189,67.88394182836099,68.03376287066521,68.11608135489038,68.04420607907524,67.01746058769527,67.66450044482237,67.56084009962848
Rwanda,Male,42.96528984603691,42.43673525312735,41.53545269586661,40.534224769156545,9.884687419357288,36.82280530332674,37.68743588893545,36.65435683864802,39.48415451506771,41.523890820539464,43.41758540562998,44.96923502531619,47.53871562115959,49.55385784969553,51.65375525445577,53.66012554393014,55.23961031283308,56.55791623645721,57.654962775005664,58.55209943687544,59.33188221756137,59.89451130841939,60.33462590889312,60.62154324727684,60.91948288255448,61.1852247074935,61.47151542730516,61.72382654035447,61.90721442172307,62.03227805418481,61.83033879319379,60.09472916554958,61.82692847415057,61.8439357267098
Saint Kitts and Nevis,Female,71.54919258410297,72.38554965507156,72.62224115812748,73.00907170045122,73.11576554322247,73.0385098580118,73.28742014074633,73.58392247303593,73.53183466733316,74.27905147417468,74.49167609717058,74.84855357945669,75.1510543412706,75.3074418412416,75.60851870235302,75.84723656496296,76.21870104387104,76.61065121891494,76.63937031016958,76.78725431162056,76.87147745317489,76.91782605254721,77.09236745513188,77.30936167990356,77.49505556541601,77.4811148227952,77.35198963034321,77.41464687878083,77.48469961814213,77.53899377200918,76.97539957424101,76.01241636985533,76.96417525403625,77.46473193790618
Saint Kitts and Nevis,Male,66.10199942030299,66.389385533154325,66.68131740637268,66.97500116070516,67.29147811766568,67.29024778609677,67.46458046548868,67.85550754715986,67.95684255877944,68.3066982743133,68.43335153002717,68.63194083629679,68.86882389690349,69.2345232893235,69.28975748533635,69.51258872716953,69.76973226913665,70.0860137255244,70.27400937161832,70.4136865938627,70.52146856696797,70.53917273547313,70.79145259239792,70.95508207262871,70.99823034403589,71.05122113149359,71.28156284010105,71.57669963875063,71.88311014621617,72.05463334570562,71.34050226119058,70.21760118962254,71.60399731342989,72.2191084290879
Saint Lucia,Female,73.22313938814214,73.36694187933749,73.73530686828138,74.02794581902471,74.24475098833116,74.57013343113674,74.96435348779143,75.52180084614383,75.86609067695451,76.21324986769581,76.57487699529771,76.87914927021832,76.90647286978626,77.07456344556914,77.407321890533,77.63609043772504,77.91570228782312,78.42550842751437,78.84410760212963,78.91076178752893,78.76037479291064,79.26882201338039,79.52329114335882,79.35778745887379,79.78075082999455,80.00389310639677,80.21445269527078,80.38947548459512,80.53809720013432,80.62240350472057,79.8933200903042,77.39955827083936,79.41260812153968,80.2010200182187
Saint Lucia,Male,68.03525091988192,68.39145817494978,68.794473674197,69.08888500694155,69.27157800830103,69.54279992989167,69.88334110594825,70.29214381447213,70.68545882266103,71.00605622032917,71.25667822712926,71.44593974362984,71.7237247109061,71.63667501817692,71.79762143422153,71.81869368003366,72.2293571186772,72.40758687472001,72.69563390305971,72.80125888801791,72.69738411450646,73.1786866136736,73.46465523069476,73.33071395845505,73.54557070096524,73.55802481920317,73.70988473220002,73.92743228619561,74.19937653725734,74.4793800942068,73.75787205904322,71.55609326567584,73.9815860934642,74.84008499771537
Saint Vincent and the Grenadines,Female,74.00832640453676,73.91038476898345,73.56395028047802,73.37326862614124,73.20511621255379,73.473606565531,73.6514896882253,73.78425711980178,73.865581797312,74.15782956979736,74.33265813753603,74.55265142744899,74.51944102032954,74.9192702684659,75.2048253236982,75.44064737613472,75.90515359223487,76.06035275997007,76.23378472823224,76.22419466282254,76.08837171977069,75.96529852683175,76.00056406674301,75.87051918950084,76.52849889245205,76.94435912616561,77.18083396887337,77.35659955435936,77.35552889231195,77.35018819502946,77.25290575836742,77.10682730306962,77.67419687551231,77.93969980228215
Saint Vincent and the Grenadines,Male,69.29708246316291,69.2634984706096,69.0350666257116,68.92354434625712,68.86437020114673,68.63691490759717,68.90200673022893,69.05576102709492,69.18903727668759,69.38340861656756,69.44443191238284,69.69699751812234,69.75285530774659,70.07777038865153,70.23925839686777,70.51731889326301,70.95843831628991,71.07682139633101,71.26789968039924,71.5643238891373,71.67666303062862,71.5952888433373,71.4693649028029,71.34423453411657,71.63920304533566,71.84914359736372,71.75400092336744,71.89133449863458,71.98147840734957,72.0124093922109,71.68536984683423,71.63952294192063,72.46502680936183,72.74120539842706
Samoa,Female,74.57378903186043,74.47383056644085,74.74567423354252,74.75439896685573,74.74080318120802,74.72985341147488,74.71539940497843,74.68737870941989,74.64789459817764,74.63192888479931,74.64235734131289,74.65400047196354,74.67192773810226,74.71022999556628,74.73227571837985,74.65374275694106,74.88837562625098,74.94572995313806,75.0075993084508,72.4498777407304,75.10006042279119,75.12978040745465,74.93050522469744,75.12517054807844,75.12332745838096,75.1129397042725,75.1150774328231,75.16902870157891,75.19592978433387,73.8824900516471,74.48528132448214,73.24479302631742,74.48497358431062,74.53661314119957
Samoa,Male,68.6211081346414,68.6468982650708,68.86889923145831,68.9433240533178,68.9902534664477,69.03302444172719,69.07673064274397,69.10634117633691,69.12499390504397,69.16486452650054,69.2191180131808,69.28618423873138,69.37032163064413,69.48474059842982,69.59267879738475,69.64607822308524,69.88187356528584,70.04783131106561,70.2268854808834,68.836415167559,70.51119916461089,70.65324077348463,70.63370766738468,70.85030008358716,70.9628950203322,71.06997511970782,71.17848964006453,71.30661588400532,71.41689527952195,70.34492466835056,70.72644095282263,69.16567419055139,70.7606845966507,70.89165178475024
San Marino,Female,82.20229828507945,82.50044990874048,82.80866440251378,83.0869191550004,83.34220156075868,83.4692575671429,83.59990838614449,83.69517121526862,83.75929774277961,83.93145969935573,84.1032206192067,84.22002669869178,84.34966337917986,84.46786290642488,84.92715898825224,85.15234466924663,85.46788656444038,85.78175485053035,86.08328512722689,86.48248224442366,86.79776511131716,87.0459566547904,87.26391021712095,87.48743873653807,87.67032122847004,87.76327709995928,87.76517769010611,87.7549197860997,87.84504025292749,87.91748027016828,85.89031356073039,86.65216587076499,86.05290462958708,87.1639551746736
San Marino,Male,74.85838966374057,75.13472934083923,75.415142875005,75.70018509527765,75.92468679422572,76.14220087218908,76.40800750123292,76.68049118980697,76.97593571250233,77.31770799548143,77.64089586751928,77.94876157725442,78.24207930887317,78.59913090817591,78.98867878646342,79.38512026326798,79.81976212635645,80.26333617568982,80.71979793752298,81.16053896250006,81.59031744529014,82.03856058479336,82.39303700951831,82.7880182856548,83.11327962390219,83.37615380794769,83.69541536211683,83.98272255523797,84.33007545558098,84.61420805808984,82.04601423737195,82.66943325397571,82.05254360287257,83.15708952448064
Sao Tome and Principe,Female,65.44793909656528,65.86156604699462,65.8782270212666,65.89904932766076,65.92327415642143,66.34913950964676,66.33579903859835,66.32563292071987,66.19746339675478,66.06742082469442,66.75798180441551,66.81944032295667,66.977380487034,67.26746323453797,67.43539096324997,67.09984889850963,67.41510893415075,67.76981133882822,68.21894114574721,68.77824733438996,68.84199403977075,69.35738359748497,69.85991695056046,70.05547187260362,70.062741185227,70.28133709155773,70.6166383383369,70.99825120089741,71.29790433633582,71.52793765690099,69.19046510476785,69.09414424589505,71.01045038857201,72.13178882760438
Sao Tome and Principe,Male,61.74675975189426,62.041007384146546,62.00672685311639,62.09463370393722,62.04490879849686,62.27181835855063,62.09580155946259,61.93092432001995,61.76928397723528,61.65803095015365,62.199624889114894,62.25127803775651,62.36185621954133,62.55567526096474,62.70878969820254,62.29017749680891,62.71623336683894,62.81363541398225,63.02246791967325,64.0644146269952,64.27571936753756,64.74191562039292,65.18915094194129,65.45492627540159,65.66408169616012,66.06509352402962,66.50042519075593,66.94016485790368,67.30395031474396,67.60210259827818,65.0346397225952,65.04144975525602,67.32044507823639,68.58142308831765
Saudi Arabia,Female,71.6065294446298,72.08490613656487,72.54906504757312,72.99510582516973,73.46858594618604,73.94630505978925,74.41692984508676,74.81468795293692,75.20399466416502,75.49237137982036,75.61075515980653,75.69271050648352,75.6258008426648,75.49743717714699,75.37528396906755,75.21248538881073,74.9727229617929,74.75706607069226,74.57198002803152,74.46287561745966,74.50524043232981,74.67751241133872,74.87074289140362,75.16485406690992,75.40174706439966,75.46510096486357,75.77936651545544,75.81877831560507,75.88077857876452,75.76953838468512,73.58066816076959,74.38202108386973,74.98187248780098,75.62270548125981
Saudi Arabia,Male,66.3060163963686,67.11837097753524,67.79083831674414,68.30091037220029,68.79073836315884,69.32822620726728,69.85781552369654,70.28487490286074,70.69152219959803,70.99390253506475,71.1251951346116,71.20537649647636,71.1055352264501,70.90425901945171,70.60027602641959,70.3792946016147,70.06578303988233,69.92246672976296,69.76549864696406,69.6675650562354,69.7037845719409,70.02813574300268,70.46913134500609,71.05634277143984,71.57679034362432,71.71640067082565,72.58765606539004,72.9492969376601,73.25575817040072,73.38689107278681,71.58170035145132,72.92799483215676,73.59756368197715,73.80484126416556
Senegal,Female,60.12932571572221,60.410389680741,60.63370085312034,60.87784245963859,61.12926428040328,61.55988854401229,61.71217641203367,62.30435319679284,62.597352648998424,63.11189415334957,64.33674386295776,62.64689232087898,63.12613293348719,64.80890466945438,65.32041965462386,65.95686880505502,66.8408597021192,67.58287862852886,68.17540990913729,68.42695321553644,69.28063186013009,69.58489331436323,70.13520619401828,70.54639527642796,70.65822951569326,71.11111977018881,71.14111211192127,71.38032426158924,71.88219104984667,71.54914019684534,70.73419788228267,69.84075169717869,71.47507231293616,71.74619617276106
Senegal,Male,55.18757971870203,55.508654753984494,55.68853399986208,55.9920204598549,56.319890258628746,56.56902035203026,56.85666420878792,57.25562670629326,57.57308288365913,58.26072517331676,59.3053315910218,58.420098186294666,58.39380947721237,60.468940797025475,61.050441974364595,61.68176793942644,62.46950378750113,63.26758689011884,63.908769539004886,64.29421593061672,65.08953073549345,65.49417101523092,66.05853967895462,66.4925086744898,66.75052127626064,67.22987926192754,67.33774080726967,67.59025407347066,68.12625827355295,67.9782488069894,66.3839857666449,64.75879483336769,68.1023425456917,68.51722584139665
Serbia,Female,73.00266055249837,72.75612204270817,73.10665324725919,73.28516817693779,73.21708143975394,73.16096932489496,73.13719860504023,73.22731474192001,73.42039972242266,72.75879265847237,74.05175796018165,74.3659934550775,74.70697118805384,74.96457137021525,75.18419202272733,75.39178737824635,75.65392669040388,75.88548015170113,76.02481209069906,76.31309709701742,76.58412452180056,76.801382876665,76.98285530906459,77.1812868516987,77.29710533673375,77.40863997687141,77.61068809475323,77.7438915620664,77.89519971671153,78.04468344320019,77.23640742109048,75.74065606832966,77.52096771597189,78.1512121588918
Serbia,Male,67.20594492888117,66.14450962296564,66.9674882764568,67.91487531459684,67.97428471361603,67.94655632324145,67.95662012895886,68.0807787267804,67.81919910468261,64.76762912384466,68.74902682536542,69.19252909661505,69.44820589612304,69.70893923540811,69.9220529684701,70.21643381941682,70.48676551462002,70.80831188756454,71.05743921263922,71.35961929069029,71.66757130258843,72.0080279548913,72.31118611275254,72.58253825011053,72.80450369223905,72.97843109949572,73.24265632613346,73.41502565935092,73.60147450728056,73.69085313123576,72.29082436548384,71.01302055435855,73.11839247636124,73.89680006765195
Seychelles,Female,75.44962934173184,75.51729085663185,75.64039572530656,75.62920489707196,75.95189651214771,76.33139776000725,76.44001628879144,76.33482797124779,76.62605162960378,76.7233790913246,76.80709836176064,76.85719669120817,76.84126641893235,76.83842068729733,76.72263801828483,76.94241700249853,77.0203324905812,77.02423377928939,77.19359366895357,77.33311999009901,77.49926090784913,77.6670997401254,77.84349761084144,78.02561506252756,78.2400975602119,78.46680736901003,78.68074565504183,78.96774956061708,79.2352696172775,79.50244224887956,79.38251506458806,74.63121036412258,77.90015719337215,78.51634007129408
Seychelles,Male,66.11222696726968,65.87707537543614,65.77273078925454,65.6520072476675,65.9874941795133,66.32336300680123,66.51520318748642,66.66076025152962,67.04712093459386,67.3637781201414,67.67173465225314,67.86656072724803,67.97797198969879,68.11464438317809,68.25369919542034,68.35881733083765,68.54841016803378,68.66686921232265,68.88048919383363,69.01526121839174,69.34137061786662,69.6339413670338,69.72306018595569,69.98308644020472,70.29716844261695,70.62990654683327,70.96193448228462,71.40662205444494,71.99931950597768,72.6844385556384,72.72700340158548,70.05436296055173,72.53402287680316,72.18772445614502
Sierra Leone,Female,49.55435241557138,49.770027072406265,49.91994120085589,50.07231036546879,49.633540993466255,49.63741558640516,50.42470670291162,50.64542663382897,49.88385230462646,50.07014260103042,50.800397607486424,51.53088131535701,51.94869573315042,52.39981775092373,52.931242690708295,53.29253596145366,53.526420473644976,54.082101329101995,54.73905790268609,55.31726414319317,55.73674183992271,56.15515681534845,56.3947677289167,57.153331545508955,55.849631524386176,57.21770607685217,58.70160614998354,58.66081236493156,59.59232334802184,59.91084785937728,59.59897563881779,60.26316007987027,60.5187511907064,60.75812648836495
Sierra Leone,Male,44.90422402777808,44.40640258491724,44.86165893136145,45.04438114057,44.05533976662769,43.6029238546264,45.39341006714657,45.60610217653607,43.200882719349735,43.6650236742002,46.23373331965685,47.33587683084191,47.87031586751769,48.29945956798895,48.90210637610826,49.3688311861486,49.770566035936135,50.23343758594978,51.0642720610924,51.586891645815136,52.13162432490471,52.59331485325593,52.77778112107991,53.351907267579435,52.46092793051631,53.56259863836386,54.771347935363195,54.93154470950969,55.67077002916571,56.01658394402932,55.3709760580738,56.35905250122039,56.94715072693186,57.34619205931705
Singapore,Female,78.31955795845892,78.83442503770496,79.19563800726371,79.36735067018954,79.57956232067099,79.91312110294515,80.09371295861499,80.44831884208355,80.95214210958365,81.1708461953988,81.54878171390241,81.94885621863763,82.33164337227518,82.58579810060174,82.91331648095534,83.33945762967888,83.5951555382584,83.81041422687112,84.22926159477102,84.74622443956754,85.11960953342606,85.38367272944681,85.55034345898498,85.81751643660462,86.01789561051768,86.37091102136442,86.68114298434537,86.8475972952283,87.15252335112169,87.43534268132501,87.91768803066218,87.39761608174332,86.59813425116788,87.54094297242226
Singapore,Male,72.90789962650538,73.37250133075615,73.66110695701988,73.94768159271425,74.05479772855251,74.28279488771007,74.663021222782,75.2690991881626,75.79299723324279,76.28068295939167,76.78105702394694,77.07772368036578,77.4639587004388,77.59123307184677,77.90267723929074,78.28143077243926,78.59002760960287,78.90999600715527,79.43438368536692,80.01333890989946,80.41375236938126,80.77857094304294,81.09613084782072,81.49285179571136,81.81074155460682,82.15467299781562,82.4623013095098,82.71936711837098,83.00672029026941,83.23020601931947,83.4738308194497,83.18433071732575,82.55283546068037,83.14695854429583
Slovakia,Female,75.4614396350796,75.62980440268434,75.94284506077861,76.20426584504185,76.45045242751335,76.5271466199175,76.75791381075439,76.82169284611301,76.98597785532306,77.17684373048412,77.42352371004591,77.59790572862435,77.8685827816448,78.00277059834033,78.11167336007337,78.19201283479042,78.36220328696656,78.53564253589008,78.83227996852833,79.00452541450683,79.2655024540297,79.54324509099773,79.84354842577247,80.07940617456026,80.30158003479566,80.3255563508118,80.49396089100986,80.57107413033239,80.7790667477,81.01052822429588,80.28850218420357,78.23048576556418,80.43334817269046,81.44622329417469
Slovakia,Male,66.73728457764395,66.95161326520478,67.29206439975553,67.77050964713808,68.25329931569442,68.46908277346517,68.67086162321404,68.7454840120316,68.76552270285013,68.9376312111741,69.17994613723538,69.48749809569382,69.79105323299727,70.00974971334054,70.222901748942,70.29044446734966,70.45833219124327,70.66006104072589,70.99618991687858,71.33497136602277,71.69920331751723,72.14570454127731,72.57067881455653,72.8687215680167,73.16937160325263,73.32658855075208,73.574414073657,73.74641550610926,73.98765551096804,74.291470806031,73.46838221309822,71.18854111565692,73.405215377311,74.79010022021112
Slovenia,Female,77.2351540405677,77.25753634050568,77.30471544937625,77.4823059524784,77.77965046257437,78.08035535421656,78.41099386220719,78.65422042250748,78.93083077997227,79.29718255987669,79.65589679714314,79.85758207022398,80.1427377006122,80.36148697773415,80.6411600489175,80.99198605287968,81.37063131174142,81.69952008855815,82.02500298938104,82.18630049873728,82.4706598069094,82.70847901805946,82.85960709996442,83.09773021210832,83.36072106508738,83.55965218905935,83.79605008308889,83.91331528364293,84.14810509535761,84.31075038171629,83.27142793403233,83.62564339741935,83.98555961775872,84.36570110346457
Slovenia,Male,69.1452675693325,69.19541704767708,69.27545191965534,69.56207975326802,69.96235710805938,70.27824268750685,70.66507296150775,70.95310503110159,71.24159371725183,71.5903072924143,71.89497136033616,72.16768171298526,72.46411613514117,72.66452332145236,73.19695872518624,73.77026906890455,74.2476612766456,74.71334351675162,75.10229865629512,75.58710158674879,75.9519580482747,76.38989823103415,76.75164117768745,77.04895322376905,77.40196694512454,77.62879305923524,77.86379183313778,78.06534143493582,78.33328899792397,78.6179961447199,77.58150836606758,77.59744057322082,78.20738751980265,78.9516801849912
Solomon Islands,Female,65.52277835101388,65.34546510199931,65.6515141136349,65.71784577162954,65.82756880869024,66.1607871625022,66.30649796556996,66.3071409091689,66.49084984954301,66.87800354451629,66.86385903607213,67.15464899062499,67.32498998645094,67.50612616568161,67.66091962970282,67.62295156242503,67.48722694673425,67.51543195087285,68.14736137999391,67.5609877688644,67.80757193752792,67.08845536247729,66.82753886843268,66.59575704242258,66.15990544755229,66.397470100102,66.75466548452327,66.76692996979835,66.82185910585433,66.66223200613148,66.1909088431385,66.00746902765329,66.0367663455399,66.17032240354521
Solomon Islands,Male,59.09957710859817,58.819584177972445,59.4063163050642,59.555323248726246,59.726194727226854,60.04427268764516,60.23087613669302,60.31685512880043,60.50109829910004,60.78222387192067,60.84593740573252,61.07360011042402,61.19025682880769,61.33299382748487,61.500283664970695,61.55069175430695,61.522505597549355,61.638439248962925,62.04716330408201,61.76603895351303,61.97875406234994,61.619376879125326,61.547786917393765,61.48499857813198,61.3473478897757,61.57734087485494,61.86901939064647,61.92978580229073,62.012175150049856,62.00298724738365,61.64556457077835,61.08756296491126,61.69531374472421,61.92173274184421
Somalia,Female,54.491319089497374,54.132480484676755,54.40217173579821,55.749968476826545,54.99761194302606,55.60701988327967,55.76243163075536,55.19403468589175,56.05509683479149,56.26377875081226,56.2629890789827,56.58876801660202,56.78449782313201,57.09873970110132,57.13002088077247,57.49903062159237,58.559635945833975,59.277189520835805,60.297998120076485,60.93731623000566,54.69447469785505,44.59973621803103,55.85137654823912,63.267186352907366,63.67680560787557,64.24913133176359,64.76441181849637,65.35808970801932,65.88298182710155,66.27846149356017,65.82033927674148,63.22900274072708,66.62197666302427,67.0467795587174
Somalia,Male,50.238922970736894,48.279375410778584,49.47104347159336,51.938853866510534,51.217643843883046,51.81394736025379,51.840741938698024,51.63239874462163,52.282796171342895,52.49032527584017,52.6316354119457,52.825398269140734,52.97214064859829,53.31928014438495,53.03649743761122,53.57223664144737,54.44788977135152,55.06247248218713,55.99474989740019,56.49858870650989,50.332773438416154,40.72359097680925,51.33887775707674,58.85683835782693,59.25838474989982,59.88573917382954,60.31029213344902,60.952811721708656,61.4558759618746,62.007229173883715,60.36127185260465,56.70507598152526,62.14569620050139,62.64378153652747
South Africa,Female,72.51899897210079,72.7636668078912,72.73171196642343,72.14463046621128,71.17358220368948,70.33484590184744,68.30845038012328,66.70504855207854,64.8700007147251,63.65849375388201,62.2614668710535,60.73218644057592,59.03583822692732,57.702062529214366,56.92394512999451,56.467390791413486,56.579490240513636,57.20129865287243,58.31574739490007,59.45509312771871,60.8012102617727,62.462627237914305,63.93446019868101,64.93472487518319,65.58678804246308,66.35096389780071,66.99920713279795,67.7574428348975,68.28890607338295,69.21372514908197,67.59130095036298,64.90297975305192,68.84831715557189,69.71432997128959
South Africa,Male,62.9961526498718,63.32737589871566,63.296947922800264,62.66631537578716,61.58576162660858,60.991629808931336,59.31168975553958,58.164408917543824,56.79602097363767,56.19521368948643,55.60805757100223,54.64785004030758,53.569228103350966,52.6540095031409,52.3513168682028,52.10201423009548,52.027550497014275,52.37648406751116,53.22659672888306,54.14462406593435,55.38793171634317,56.79215108646339,57.89325710569394,58.710339033603205,59.24853356978093,59.84708193313383,60.346168269495344,61.06974652925872,61.7333921607121,62.56380777390183,61.18941254402469,58.456006702612065,62.36153613057184,63.26493962742165
South Sudan,Female,53.32080527515589,53.65072871977491,53.795632203988475,54.02378855638681,54.21924604205503,54.29835070938849,54.688086463431205,54.61996065826293,55.03082356422819,55.64023232579693,55.999851004629576,56.70487181325969,57.03395641653462,57.12548454617529,57.292709157649206,57.55106507257321,57.11020955899086,57.52622752988533,57.94874354757032,58.102204628445406,58.583767906254046,58.83058866855705,58.868805691833984,58.85845358273402,58.98789107528562,59.15583537662314,59.11604834650332,59.02781035102278,58.97057898481246,59.099823666702925,58.95127126327704,59.11340538839613,58.942035867027144,59.00629667935638
South Sudan,Male,47.75194207019398,48.13952887558761,48.36845907291978,48.65931482104427,48.9902015411424,49.127990745378135,49.56937197313014,47.57371538358396,48.598491503599526,49.80561272377704,50.531233616100906,51.44552716788643,51.77801259097534,51.97257671132685,52.46883440748911,52.816900112620466,52.424765949750395,52.95714526659897,53.48304796939965,53.088136137947416,53.99354975526677,54.08295303550963,54.1561788408532,53.906426619447615,53.75201608038526,53.98353613311598,53.92483231931241,53.94296803657218,53.91150086461731,54.12833837468883,53.37930125206355,53.54851358994912,54.047319986829706,54.13244323929486
Spain,Female,80.41730729390298,80.6095707193553,81.06435062500881,81.20749924818857,81.51056970767445,81.72603832509297,81.91530989238476,82.27320148698522,82.36685289278434,82.43409052871614,82.84282843317182,83.1267743801908,83.22538770558475,83.22103958769112,83.60307237674631,83.69181906981184,84.11701140995758,84.1866101549097,84.34969509816715,84.65220319179302,84.96731151358465,85.0887896875121,85.11341220290583,85.42399016148768,85.5318061634141,85.41252895195775,85.70860947856757,85.7442192206268,85.81307313525669,86.04896785115021,84.90818978427795,85.66803509885855,85.2817793245079,85.87013429161807
Spain,Male,73.24243973273074,73.32701721272069,73.68411230643757,73.89841916927124,74.20251994707745,74.29202721802494,74.55112271402287,75.08829765193374,75.27144180561771,75.36149622930255,75.89604632684839,76.21602671859056,76.36804011781128,76.4749974938132,76.89474779494628,77.07771395923852,77.60361434176953,77.73590986348252,78.12222118232414,78.51756314536541,78.92430605091398,79.16078441180318,79.2811160068175,79.69109210479023,79.88624862111487,79.77230837255202,80.08212582522373,80.22023243332522,80.24305213490439,80.52347145347329,79.35444834188003,80.05848297918838,79.56245669842365,80.38612100426619
Sri Lanka,Female,74.02151071769119,74.31521548548658,74.76956603066812,75.24394765034302,75.44660159440141,75.2993154965398,75.33551768594994,75.54637505866218,75.73879576376945,76.2439195565495,76.61692275512118,77.08413566352249,77.48934870387106,77.7370886696994,70.46676466029425,77.94203496140837,77.80301190920868,77.96634301911894,77.70281897433621,77.64647985556863,77.7702708490082,78.6876145924774,79.09185926733771,79.23820521131223,79.40589711407199,79.63440933531238,79.76083739551488,79.77263348791107,80.04821751934199,80.36676772570435,80.78248851391301,78.9944205536763,79.3431988955616,79.48237725432045
Sri Lanka,Male,65.5405667825779,65.98863850640917,67.02512619898508,67.77634478086996,67.88240344137866,66.45570461820219,66.14326010688704,66.43115176133503,66.55424430810534,67.26453872975966,67.5258317332655,68.37869122715459,69.22544455376486,69.70333030790151,66.10361520425623,70.30193718330203,70.38373421750664,70.61817867501274,69.44730450756775,69.2790584846295,70.68544141326906,72.20795171228856,72.81986439561692,73.04276788526582,73.27108554106167,73.5307601382545,73.92165713481931,74.03034977300625,74.31856654545273,74.71661517693789,75.40667293955184,73.60712587491851,73.532278268732,73.60695667036246
Sudan,Female,57.352662021513886,57.80823266510031,58.23472884478074,58.47754928207854,59.201587021902014,59.60048589385664,59.91647187970959,60.34960459589286,60.49708259516462,61.236115724596864,61.755776017202905,62.293014252481214,62.77550444448032,63.32553603451956,63.683414400719414,64.56236402030378,65.05816966073859,65.69330786958201,66.321255022151135,66.67910314859975,67.18736854614339,67.64704290958998,68.09015981671233,68.39290201929482,68.84847188100339,69.02910161122239,69.37345564094674,69.68211863099714,70.07595971539648,70.32449349287309,68.74871910364483,69.23788919264166,70.27504605780648,70.51427214806671
Sudan,Male,54.586351885881065,55.1504485173448,55.60339043550635,55.47553947520528,56.69887962571204,56.94049043973935,57.00965381588529,57.1948470118803,57.224527012696775,58.346195933203795,58.705011982761256,59.273930395272856,59.7932751690563,60.19971978261863,60.12985119349628,61.7298317384111,62.11920777497545,62.79681819345772,63.402552680401435,63.62401827575698,64.25631226721346,64.67335062960859,65.27136893494544,65.54880822611425,66.13787788678408,66.36861008028308,66.85710014444803,67.41401519809571,67.87799302604103,68.19384093126126,66.58508123992713,67.21547706821376,68.30576078089014,67.33129538903029
Suriname,Female,73.54721752979978,73.6144323274028,73.50836153228033,73.47592889610043,73.6090403596055,73.85011294867769,73.85277115873684,73.84675447850245,73.82612969613389,73.75668328457321,74.02229751275686,74.13696972985362,74.067320068347,74.20530153651126,74.35954982264812,74.62665918709897,74.83102007290195,75.05427212064443,75.13938564713081,75.27154134118524,75.4256073729291,75.54725466571428,75.61374647374308,75.76837011923612,75.80725397176727,75.79804819403833,75.84337164612002,75.8804187163812,75.90362421738726,75.91746969387032,75.30785687528993,71.4718681302171,74.96488706529314,75.85566024021054
Suriname,Male,68.13162570638288,68.02791218160252,67.8582215436966,67.77284371262317,67.79822830810754,67.9521783321956,68.05635577759178,68.05863137247059,67.9016433924262,67.90119218180462,68.06555625581265,67.99972011692559,68.04632499539007,68.13583299688813,68.346970067665,68.53705969852581,68.78206935928216,68.98090422075106,68.97571965889837,69.35448911843447,69.4778056334819,69.704878628769265,69.80362020832435,69.71145531257123,69.75745456927359,69.9145082292074,70.0030482380877,70.11008866995037,70.18295211194162,70.21267842886765,69.19712775493741,64.6733268915424,69.2477470311512,70.3950776563278
Sweden,Female,80.56712461780064,80.70474411906004,80.84687106713727,81.00145426733407,81.27777706516363,81.53865242768838,81.6115160350646,81.78779576498818,81.86317803061515,81.90135048547167,82.0281934095196,82.09662223804918,82.16235617043485,82.41711445363401,82.62942246552984,82.76571919379977,82.89250560258532,83.00350709989377,83.1772717631833,83.36934314755342,83.4810019759408,83.62236455408856,83.63843447498857,83.80519464233673,84.0181969490207,84.08857665484327,84.15398000106158,84.20636324454607,84.39604183627372,84.75904722471667,84.2552274587218,84.74912791925048,84.7484855406899,84.97752705052164
Sweden,Male,74.8742704579988,75.06079065844249,75.38373575105877,75.65716395959757,76.016774163142955,76.27963021009361,76.50681634440933,76.72054518948681,76.84927712359685,77.08060810321041,77.39774371850105,77.62493412427949,77.73669682831532,77.96896159188518,78.28853592874363,78.45776328471972,78.71201901324703,78.96337727860511,79.15671458022793,79.40719197974249,79.56678476613476,79.78909463546591,79.96196623002749,80.19441884355007,80.36693371751878,80.44600110014717,80.60134653515674,80.76047300015846,80.94084671388237,81.25494185310474,80.57840660947573,81.20188422364735,81.416506504055,81.62095244939988
Switzerland,Female,81.03140220243233,81.21033955837139,81.45031388498504,81.6212122656109,81.77740571559087,81.94053383916517,82.08021504155109,82.29857208185891,82.53291958300396,82.6580650607507,82.86369418213052,83.08214044124666,83.16081510947073,83.25389268264641,83.61558771053305,83.83895360220129,84.04237828951635,84.17210685589835,84.2772986235927,84.37859444620416,84.55498701926648,84.75847464593237,84.77816932068811,84.89422124075176,85.10474440945539,85.13329615667274,85.29999404634268,85.4162106892593,85.50914148027975,85.67034767308529,85.11099890157097,85.56507828592973,85.53888369873658,86.20024633605983
Switzerland,Male,74.24489784422363,74.41618567742734,74.71110366091787,75.02153085951066,75.37803633611247,75.60099601755299,76.02577399500964,76.37274495007965,76.58635165344344,76.89763508720932,77.20399629752445,77.541033178422,77.8720824836018,78.11298952821454,78.58037897047214,78.8494999490845,79.1706385813545,79.43975433189547,79.71629456196845,79.90522055868219,80.12636752531601,80.41929308063075,80.613934531113415,80.79648982965621,81.01162264961896,81.09418511727978,81.40843994822679,81.61121580183654,81.76959242318446,81.95866346177088,81.12989645786163,81.65269007014628,81.72543371362494,82.56808852017086
Syrian Arab Republic,Female,71.24537175447591,71.25471821594563,71.20367877804154,71.3877303836836,71.58795609780377,71.78883299531985,71.9666454263402,72.21056876813032,72.60713377104258,72.90795729023641,72.95820836030278,73.17826789618566,73.39296391323322,73.69644937482903,74.03903160121484,74.43609326265157,74.76207418463142,75.09640759263877,75.44765966821132,75.77619793767862,76.01588896654705,76.01804726920942,73.97258195245082,72.87650819940161,72.3700876092805,73.05712585195027,73.36049429354671,74.44034298376164,75.77897391593375,76.69607343866637,76.55786005333029,76.13439593636014,77.86732990979468,77.07721945717253
Syrian Arab Republic,Male,67.27660689510449,67.47684168246774,67.61918438317548,67.91675170462884,68.17559651599488,68.45761240342802,68.73144271431934,68.98887219987952,69.27021734935005,69.61121449085054,69.91820153876746,70.29245836897394,70.58567262623033,70.93210919008176,71.31806307984621,71.71864532813032,71.88574317825415,72.2362793620527,72.58952276719644,72.88968709936634,73.22441998303032,72.68234200425981,64.56218755238875,60.90064544337256,59.509045865264106,61.4730338542571,62.01610253879315,64.94552779396821,68.83619424617623,71.54419466582787,72.29360412403031,72.49580503230695,74.42290951755244,73.90491103444089
Taiwan (Province of China),Female,76.97802463034618,77.25277512858489,77.47540848814324,77.77724313903632,78.01964622325268,78.14156007856602,78.38959849650595,78.84156817394614,79.12711228953685,79.02657237784405,79.74259439597856,80.02039781733565,80.29613915574757,80.45908407156976,80.76263307975839,81.08284437892168,81.5205820648751,81.67794739028007,82.10853822851561,82.32749664790401,82.60799274102006,82.70570902352043,82.90897498804567,83.07530770518431,83.13470263717844,83.3208103773087,83.33529461862906,83.53549170685268,83.8061467076166,84.0702837387056,84.29795658970576,84.12555871315985,83.24548742090964,83.8763699174523
Taiwan (Province of China),Male,71.8787427146016,72.1826474677903,72.37348847506217,72.55170803871954,72.59392668033213,72.59856935280932,72.79052347277755,73.17855844843358,73.46611535356651,73.55887250256457,74.05759161634833,74.31563105751137,74.66349458372686,74.80644804630766,74.81367593659348,74.88451996493271,75.28088510702496,75.51945818151458,75.87617696147785,76.14895399109017,76.37660599332119,76.38937936950357,76.62271692422901,76.8620217342992,76.8404492468848,76.9567243056162,76.96487717552007,77.26230921795431,77.57341829422649,77.84236556213804,78.07205489763604,77.8100042039037,76.80175942170905,77.30280507394173
Tajikistan,Female,69.48276050518326,68.98835024838917,66.78451385540079,64.65919271571224,67.16352077482752,67.8041674559417,68.29660474751572,69.56242684585042,69.8766400574141,70.2821029752401,70.44230908233759,70.45643789919832,70.58118139831844,70.79225639263453,71.2111127876064,71.65965234134627,72.15531456345585,72.54200903502021,72.99096299861246,73.30470089568018,73.57067481341382,73.80385327926034,74.19822673866868,74.62257284484244,74.70394714571233,74.58039059147865,74.43809672968223,74.61275808747311,74.89633982699247,74.80311186603828,73.41294412027274,72.15161459471179,72.59460150565354,73.01160801547326
Tajikistan,Male,63.55757743647256,63.0510093165614,59.435413393223726,52.464724811525286,61.1086945333401,61.29945879888456,60.66589492283613,63.34837647145755,64.03012043398077,65.21558519048183,65.78414354747103,66.12107787912691,66.45012576128016,66.77336202387164,67.18870802602237,67.60569642188199,68.23390546910431,68.78174406477662,69.25976626858241,69.6372540376414,69.91390846861484,70.2874981113135,70.69842398442927,71.09751423541681,71.16594147953387,70.99438934304885,70.86476515179007,71.251994547483,71.82985812124414,71.99559926144792,70.56289564935794,69.62622130734577,70.19794836256789,70.62152595967807
Thailand,Female,75.33891225278715,75.32870062238015,75.27534785168564,75.27985753086888,75.14187794047768,75.12393136770913,75.6885786766214,76.48583504680103,76.0848651812659,75.15449508123139,74.80009177699253,74.89308862316344,75.11662502435274,75.44720805387387,75.17755065030948,76.05455714595654,76.67688888782219,77.12366747229615,77.62487683926135,78.18638568213817,78.40992968022896,78.85551321975682,79.34284965886707,79.59096116391721,79.83699019476741,80.06431028336144,80.2690518759317,81.03152056978819,81.47129187970378,81.42176110016123,81.68628799039847,80.78204806884702,80.52552357270739,81.41733097463418
Thailand,Male,68.57652918843078,68.39154231040185,68.08091855854275,67.72769886437159,66.98450698351589,66.39308793189123,66.90423399237197,68.53887205701162,68.689702837478407,67.65580569386162,67.3576979844157,67.57029103630138,67.89693935967983,68.25279943405783,68.3163839132023,69.12097896758559,69.8335169971393,70.44153801244508,71.08177592097664,71.72641627615455,71.95577629536912,72.29148678056805,72.59003759191046,72.79081855415811,73.03409762953852,73.15339023551513,73.1670703128659,73.77220254077754,74.15256031802967,73.9578801175685,74.0266329974581,72.82927589931228,72.55994837499831,73.6673859742026
Timor-Leste,Female,58.1657900809984,58.541206545058145,59.14897730808491,59.652218896891945,60.374073269864944,60.96861315090656,62.04639376781891,62.278657636503645,62.918238739315775,61.31653391713811,64.38544957483742,65.03178670698601,65.72473521649565,66.28798440208408,67.14875565280991,67.50730128563212,67.95622526610286,68.39053221322223,68.95189730610736,69.17562483734623,69.39679258566007,69.23329180254399,69.24219181464946,69.43388649538852,69.62883300816968,69.65671701497097,69.72691176534191,69.730888688266,69.74517089583786,69.86347582338193,69.76782696357792,69.57761727828691,70.01394846249083,70.09656531362472
Timor-Leste,Male,56.84346820421414,56.75605501051935,57.56316361674929,57.793931995972336,58.746207820868335,59.0185960077269,61.202258863685046,59.91448205852654,60.39029145881134,52.82491322063295,62.87547997431636,63.399775199163045,63.956556501203806,64.61649884843786,65.55581372690932,65.86949866743177,66.16969173087449,66.65360207483474,67.29038626577835,67.51309239455415,67.71223042426416,67.62070130300343,67.67628090495586,67.87252122910364,68.1055022679295,68.1928583019104,68.36138677268083,68.47530357401274,68.59760437328984,68.82364260397729,68.80417868196187,68.69238284655478,69.38147897082092,69.64715353339923
Togo,Female,58.23895893450611,58.47492416108563,58.64571787096461,58.62549954749608,58.62446477156307,58.6209600067596,58.49315853434455,58.25136814284043,58.10801273441016,58.199766387303434,57.94674305621016,58.04749045629691,58.1879943608685,58.656672875224686,59.13424622285071,59.5329739325962,59.87234389191767,60.251382457678496,60.36331557631247,60.72987393237668,61.29645050716381,61.95016780024631,62.60626944824428,63.27996840690196,63.86044240829158,63.950746641711305,64.34377405452253,64.56433560959945,64.97309708060806,65.31110405733679,65.29250673658638,65.16285171308868,65.81543417275252,66.19955834387787
Togo,Male,53.43179719471861,53.5349551477287,53.74547336416753,53.74896767225195,53.73439805524622,53.742041291144155,53.615376933898766,53.44071538709527,53.525400917898,53.7206023315284,53.64407241639619,53.83477584879715,54.175004253022706,54.75116783921468,55.26980390854135,55.4883641955655,56.12154495275474,56.53775835161003,56.77264089539176,57.1509974624155,57.68318487285841,58.279067601779616,58.80179574461849,59.18208258471549,59.49611767041511,59.70333385810042,60.155865369231094,60.464992929717646,61.04008484660226,61.55435925072529,61.33095639450426,61.25556983370041,62.20607944681959,62.764039834140355
Tokelau,Female,73.68977078761247,73.73267793965917,73.78073606034718,73.8090185483599,73.84670044489746,73.88543310881178,73.93155244284104,73.98013902015951,74.01904141828311,74.12258672754157,74.2277611855845,74.31881116335927,74.39884221101678,74.47556226175257,74.53882647473826,74.6342435308816,74.74492554390798,74.90296561058864,75.04112784477626,75.11276590624607,75.18323674932806,75.2895852971732,75.39088893635287,75.48849415436608,75.55275280739596,75.63785737206092,75.72141688604013,75.84369846437338,75.92399220015868,75.99654327859558,76.88447251083602,75.85193290890152,75.82071650335617,76.08518734279448
Tokelau,Male,70.09421182573382,70.23213155745357,70.3777678214564,70.51763156307621,70.66628701040594,70.80581383898513,70.94394815819653,71.07075492326561,71.21269923038848,71.39629315630991,71.57391521851984,71.73621251177714,71.89004448536824,72.0655463057363,72.23903993477356,72.42121529819164,72.60382576666599,72.8155338124739,73.03403453341781,73.19333574361733,73.35242662318146,73.52897073795855,73.6833906566562,73.84741635324556,73.98489874892422,74.1376297413609,74.28677705947403,74.46576627973347,74.61331909535672,74.75047457315607,74.98601940198803,73.01555218153027,74.23786966989974,74.74931720891914
Tonga,Female,73.5264827364559,73.6314488954862,73.74068781800008,73.74150711071601,73.75893898979766,73.82536230762369,73.8626867269806,73.84879682954147,73.78865746072161,73.8038677791143,73.85841328700573,73.9039103811943,73.94394721215107,73.95342802979981,73.88842372798821,73.8684559141475,73.84048289589408,73.79220340244785,73.74076924892928,72.27940110565238,73.57343455572097,73.52349983666028,73.48763506435658,73.46013504013474,73.42797163655564,73.46083275327831,73.46415404567173,73.51233962039335,73.56406785741659,73.62453370417695,72.88428506603385,70.85616686080392,72.60829110069307,72.92939486712926
Tonga,Male,67.97856450484991,68.12756702252356,68.23567817518273,68.3224655904515,68.42417956830498,68.58389611960077,68.67452076415763,68.7156795755936,68.70160403664899,68.66607214901019,68.77072641397884,68.94559655594536,69.04726198326259,69.1558094333262,69.31973391524589,69.57368935419288,69.6389028991082,69.69753283157534,69.78161859903506,66.23209458066276,69.82938297254947,69.9093639603376,69.97435174219812,70.04840221525951,70.13416074738468,70.25968770183987,70.3799714356624,70.53320269758034,70.66943350424454,70.7967282809459,70.17185225177808,68.30172845543795,70.04102527850372,70.39225305043767
Trinidad and Tobago,Female,71.38224375730661,71.45261936409084,71.41387625017335,71.42575113162434,71.44889110815654,71.44595501055579,71.46148146864276,71.57306579631306,71.7291243434295,71.87615721261723,72.28864640760412,72.72030056346944,73.16208555955849,73.38623334222513,73.95443822283258,74.32004551162464,74.75295077797784,75.19223911526157,75.55775087369508,75.88743005447077,76.19267594234415,76.57582080670579,76.86773987801391,76.84437115299039,76.84113317909521,76.83317836526732,76.84132571144453,76.92434810373595,76.97342523212974,76.96327046269946,76.2740230760915,73.18329282870968,74.89709516420083,76.2291743294175
Trinidad and Tobago,Male,66.84204448731887,66.93094027308588,66.97990040346707,66.88248354947683,66.74496243307193,66.88291942455575,66.75972976651903,66.84367082013372,66.84404095497534,66.93781970847658,67.16313000620313,67.38020233357157,67.66876502289674,67.78522557836264,68.12165073866353,68.47788641039823,68.89911432425453,69.30531470379137,69.5442758620286,69.9960215163389,70.32186559176992,70.69006047069662,71.03074640193181,71.13467384180822,71.12174018494801,71.02816945729583,70.85112499542744,70.8190334916108,70.82513871891166,70.74210625657209,69.72496538517281,66.25705548243162,68.46293548279255,70.30458178905837
Tunisia,Female,71.41875999393723,71.67566831220775,72.026648821824935,72.33521055478803,72.64946068367007,72.81718918041884,73.09333151598965,73.38869474897821,73.58840151933559,73.83648903777546,74.14541123599795,74.4265898619949,74.70898378189533,74.98031259602591,75.27737274238756,75.55689277512079,75.80976491965413,76.0172433083005,76.22752917416481,76.44544197481675,76.69393333026147,76.87024241844004,77.11251971593043,77.35867404736652,77.52882090783913,77.69069780510897,77.8847968915676,77.98685489009786,78.17035988082357,78.3641627913977,75.48090940642827,72.95185969033028,77.28742074254347,77.93583505009063
Tunisia,Male,66.77013288092431,66.94958669093641,67.25467959800098,67.51261049669716,67.77302078793052,67.98347848153743,68.2148674489945,68.47036866692505,68.6460122567633,68.8402183285105,69.05319405324379,69.28045320828507,69.4933215981254,69.6943295228887,69.93249384065865,70.152602757858,70.35054511472744,70.55554218002005,70.78599652619431,70.9975770619693,71.23712037550678,71.38525364670794,71.65933764283655,71.90780111919601,72.10685577801962,72.26603236074361,72.53683522558941,72.71868251542386,72.96787432304315,73.31077719606745,70.2997813623688,68.16266971821935,72.66812843071347,73.3593404145441
Turkey,Female,71.17451611395644,71.6180648623745,71.85703895060749,72.14114665682453,72.38938293753986,72.74058180192785,73.36738269313658,73.81423770517173,74.19053595618834,73.99721558242291,75.34859089931545,75.95900319821537,76.44542509145354,76.84309202759943,77.30426985962337,77.47156761499605,77.56897380498043,77.90808826112061,78.60612009501163,79.58754962676218,79.99682720204356,79.95285683861576,79.94618292159242,79.57775387615365,79.20857868032745,79.09914517352891,79.12219603386833,79.45944553659375,79.92107723140195,80.11431405708025,79.23896141714971,78.15216936970627,79.60336140060558,78.33982589187121
Turkey,Male,65.22369304332004,65.55473535439582,65.65090232238155,65.83240329229025,65.86567885976895,66.22590581224992,66.79624874656618,67.314028844952,67.7471465965816,67.96425558866436,69.22350095298944,69.93940884952514,70.56274146361042,71.07052313699761,71.54943491859198,71.77011268144958,71.84606365251054,72.20243052413299,72.95154445745067,74.08626846330392,74.55287930888788,74.5092393352595,74.46750770562305,74.02186015530225,73.7660860677978,73.69044788532968,73.64358503955911,74.00158327084954,74.44161932018551,74.68326639155782,73.38471954334112,72.77855803083457,74.25129002035399,73.8807856137464
Turkmenistan,Female,69.43382568877787,69.23950484921073,68.90505726348056,68.39986683979261,68.23059768024898,68.18739511762959,68.2508353504718,68.65480581822744,69.2409010129926,69.80559790866779,70.23682779155304,70.47042250943248,70.56148772784299,70.58113589557293,70.81279400399912,71.01995394860359,71.33908516123957,71.5270408890017,72.02238377198664,72.54467097084222,72.92679393865178,72.93686475345933,72.96562923923427,73.08274978316767,72.8988834218781,72.9048766894581,73.03762105807184,73.02592966095581,73.174423297105065,73.37341308046192,72.4104922031355,71.86764745374465,73.54126279795,74.09285187350683
Turkmenistan,Male,62.48615856028551,62.046858980995026,61.81987577657694,61.43908348849892,61.18344313668169,61.016083566727744,60.956997655064754,61.22993499562245,61.75109646723646,62.43891001808488,62.904505809929056,63.151846736435864,63.24421439802818,63.16484372088418,63.219389998813966,63.31551453618669,63.695022835128874,64.08715174440093,64.73989181810384,65.51418571809778,66.04159076856796,66.25475745428172,66.31483073522504,66.2564019801835,66.11516516843261,66.1212334885744,66.28805423575417,66.51100744142556,66.72970563885445,67.0123395828267,65.8594068824124,65.64384129684537,67.4723707874743,68.24625812632559
Tuvalu,Female,63.12405665185014,63.38288200519813,63.64342184264502,63.86151633264703,64.08535318795813,64.22955962199995,64.32336847072835,64.41553885674102,64.56071414302038,64.73802332569215,62.12777188576114,65.03045539584404,65.19670011074038,65.35664898137352,65.5076700778189,65.64904874434538,65.74877962106115,65.87361221224192,66.01187632006885,66.07817738018906,66.12502991330224,66.19717598820291,66.24045045424712,66.28606332511538,66.3581575368683,66.44773471427938,66.5172672836363,66.63308734607129,66.72975672179159,66.87690926220351,66.54185744322061,65.46706479811962,66.61794035843474,66.78967895315616
Tuvalu,Male,56.24147444563288,56.53549463891658,56.8440624290978,57.13115156965864,57.41597750260393,57.64314438898073,57.8007248185253,57.971246739876605,58.18398810688873,58.41148216256059,54.869443926752304,58.77407112425087,58.96532094380014,59.139586293309286,59.28409648843219,59.434868422332016,59.57817354094987,59.71151382504075,59.85986131852963,59.93470100958796,59.99794678448454,60.07908138887101,60.12758813656675,60.172661920717744,60.25172199522143,60.36903322301328,60.45322855980038,60.57205101581294,60.67037207425098,60.82198578501131,60.26675363323369,58.51190953025544,60.25538020711417,60.38606789200712
Uganda,Female,50.0508009187331,49.35106967509499,49.089507383434345,48.859387717642875,48.78683838802372,49.01142738838696,49.26557310738886,49.71522665766921,50.19980743178594,50.76390104923225,51.16637441506205,52.1284809521024,53.07972992390808,54.373832326638635,56.07421120131933,57.834809802755174,58.589965232856215,59.14905802007908,60.26252426821877,61.29756698673186,62.25612179376943,63.01885979194092,63.82170687133302,64.8987338540783,65.72806545417878,66.25570602677108,66.68364615529929,67.03811626325229,67.402961973835545,67.77058714055933,67.62665935480754,65.21187743136602,67.71683299937195,68.1053397117421
Uganda,Male,44.28255156672578,43.785622892466634,43.80371847489341,43.79335461816759,43.860122450417286,44.13413817620318,44.33505082536926,44.81013950314337,45.25057574575777,45.7436423612161,46.14618501965982,47.12192849816318,47.96651787721408,49.208748434212026,50.813251560581065,52.63916231829831,53.42560527523972,53.8250038912623,54.70919841515895,55.63953470045243,56.480456485749535,57.13718494874488,57.50679564090533,57.99310794310589,58.60180073177091,59.309883314046495,59.956981887323394,60.71414722785042,61.38204462574852,61.98868254087982,61.51135382208915,58.29877360068257,62.35718488513875,63.075343954005206
Ukraine,Female,74.96077298120257,74.51205592143951,74.10266457477027,73.44208332888311,73.01865328793176,72.79243504824359,72.94375835485289,73.32012587846916,73.78257142088621,73.7823731739804,73.75335503501043,73.8982642677735,73.83675662779677,73.66786348232661,73.75164268772247,73.63481897447895,73.79020061344792,73.9501303003129,74.2226722008969,74.80226028204146,75.24510232575916,75.78839954626206,76.00820207417678,76.21230772397759,76.63898974875299,77.4381164141608,77.74354319348977,77.72737360103709,78.00233285124943,78.07096327889464,77.0188321757959,75.13784746145362,75.92942475401024,78.46788168313253
Ukraine,Male,65.73141620681056,64.87052839439174,64.07475184347808,63.308002479820566,62.479323409752304,61.631967659431,61.76522544878995,62.488442568511054,63.23524924077375,62.96681885531976,62.568626388503965,62.64376769315648,62.51320884985352,62.44625256719919,62.24424899223292,61.954103947804654,62.28454081637497,62.223952493223194,62.70142658936047,64.29623759098577,65.36103221245696,66.02092731664423,66.16175596784824,66.35937928640902,66.6202340702853,67.89295022838292,68.39937395053073,68.2194671122649,68.44004477264394,68.54181194483479,67.49038215576695,66.27493128526586,61.55475213269387,66.58392967652539
United Arab Emirates,Female,71.86476053988892,72.33658314457952,72.90604519624182,73.16392288480831,73.44017999639107,73.98313201199906,74.29916420385985,74.46721512876388,74.36241944462691,74.50403761133566,74.50758626673854,74.803044181821,75.46258116575038,75.72084033202808,75.58594283997138,75.5807929945022,75.86934744807095,76.03121285122282,76.32989039408366,76.74710055381912,77.30514593535602,77.72379968220044,78.07880125822572,78.28047596132157,78.30323244048103,78.41311990360578,78.70038280009123,78.88625607638423,79.04644361990698,79.1234034874616,78.78031774449946,78.6885765816811,79.43464325734071,79.62040084415021
United Arab Emirates,Male,69.53163416302584,69.92938005292812,70.2726011415054,70.4755937569247,70.6183052416076,70.84008756702634,71.05944540135654,71.25160170173868,71.34335098248012,71.49951734184631,71.69308569457328,71.93167655143557,72.38368300953567,72.89967006443084,73.46211154099059,74.04970741673459,74.30626100070673,74.58318706935914,75.00497491499496,75.54348648897194,76.19605648067332,76.74505698784144,77.25789859357857,77.89257600996145,78.2857356297428,78.62314557744621,79.0765618069206,79.43991951400376,79.8042980024962,80.06860707265781,79.89313373174595,79.78922270674073,80.35453271852293,80.2140289334286
United Kingdom,Female,78.47692419690975,78.63032500969834,78.87759408210867,78.81781948071266,79.23348082291848,79.23593757396922,79.4180240013583,79.62286849258328,79.71901827095358,79.83464306670187,80.25082448640993,80.48737175293356,80.57996200100628,80.64773112125371,81.10937070492363,81.29648920741138,81.57320832876873,81.66800155048759,81.72464452881326,82.12829074869424,82.34134104682792,82.70252662244697,82.72153763794414,82.83764605781958,83.05733709615467,82.89932274543747,82.97729141150874,83.05300105479907,83.08087268798666,83.34379191094328,82.41034063548717,82.60348301325138,82.93000279544849,82.90655135699639
United Kingdom,Male,72.8902397947792,73.14560434371081,73.4869183523319,73.51390117881591,73.99251182724612,74.02677504495293,74.29662893432851,74.62127218932835,74.7637715617928,74.97134310443798,75.45617547810038,75.78669190676172,75.98258189246228,76.1981911697446,76.7195872630853,77.00837872040093,77.25457984329918,77.42815532304331,77.60298963322859,78.0020740860663,78.33931903695458,78.80622513549504,79.00248465652096,79.05210527630437,79.30991388772132,79.21434424811636,79.2895667741226,79.33843111808258,79.36189043111753,79.62708482574368,78.3186407595177,78.59183006784399,79.03949106810202,79.02335097484844
United Republic of Tanzania,Female,56.34484873893646,55.88648412670826,55.14047045131827,54.81717852049376,54.33400225174623,53.998231931999726,53.80244630496861,53.56481636025266,53.73878845294599,54.33481547374889,54.902812391191986,55.574366204093,56.061577445638534,56.65769564020732,57.29262990699222,58.349611248666456,59.72691819115662,61.20490083025039,61.99288396189091,62.50799509879619,63.41986868004099,64.12315978234506,64.95109918130879,66.10224765423318,66.96710115892922,67.66100652239007,68.2679270612699,68.8364181518511,69.44373696813255,70.04058176514381,69.01842981509802,66.83048541115,70.6508392060939,71.13675649765364
United Republic of Tanzania,Male,53.75143267839055,53.290455750313626,52.68553822895567,52.47024812477176,52.16181090616117,52.05361785800463,51.975649411614896,52.10418550155797,52.466783176779586,53.14350899953191,53.77333270749632,54.45088344120974,54.95527256978417,55.65379737436874,56.390158443838565,57.45851593326225,58.72868600273759,60.065252803270525,60.84967565481881,61.2490824945497,61.48272564472923,61.63042620799342,62.35681626488286,63.22710513085513,63.84538054521286,64.31634546620292,64.76851444554732,65.32160464824445,65.94226450517934,66.51637165565614,65.41381090468903,63.655154620950974,67.21719983105477,67.78271944366614
United States Virgin Islands,Female,75.00219017780843,75.27391002045191,75.5189437944373,75.75110938420798,75.97002010147585,76.01423311213803,76.52442823079072,76.90061682313149,77.23702454393941,77.43124137576656,77.78814224524339,78.11586007367985,78.50852118869136,78.86582712008372,79.17784957005252,79.47133309789118,79.75674322870786,80.05123843055775,80.28684389470908,80.5568734187485,80.7416125636352,81.04856251786107,81.31347889814909,81.57139288586744,81.82356356012261,82.10346156601585,82.37540562366017,82.40654583825857,82.88166293738671,83.06126981826063,83.02248791384721,81.75275690655153,81.9390952339639,81.59033559402788
United States Virgin Islands,Male,68.6754000222476,68.87138012163582,68.91952363106203,68.95851189151198,69.00410485274774,69.14272536085535,69.41762531834122,69.58377475711231,69.70519577601459,69.65840438875047,69.86032721706034,70.101345432833,70.38665249057114,70.62385813769009,70.8083329918476,70.92677362266309,71.07912622149112,71.09576229269639,71.30793504360666,71.32647432521559,71.30082099229695,71.387107680313,71.42410727496176,71.61830381998706,71.80148841851815,71.91237190834106,72.01100143369534,72.00586345976845,72.26402315321342,72.3447330887378,71.8201433846544,69.93410426182525,71.2455880755517,71.6512151489398
United States of America,Female,78.85228900004427,78.97242753980005,79.11683663669324,78.92951977469649,79.02052283688926,79.04984855777941,79.17777579199944,79.34287559261465,79.41235766030938,79.35600872941929,79.43336757376721,79.49673079876015,79.57515025411622,79.70202859225805,80.03796406815678,80.06914097628875,80.3294420028094,80.55857540425508,80.59815908715883,80.8897622144452,81.04628851057005,81.08276601455583,81.19214447338544,81.19729767227199,81.24633822192624,81.1306835099053,81.14422819554484,81.13355647732342,81.2707095967671,81.40544276322265,79.87811537679673,79.39598349179096,80.28447164626347,81.13003927835487
United States of America,Male,72.01714361728506,72.1824720797129,72.40643887627792,72.27386637129625,72.45902590166986,72.64759414101951,73.11278222973648,73.58296572557765,73.84661205835772,73.94914659969555,74.14120949614774,74.26496150958391,74.36390592095879,74.55335729752547,74.96987882880902,74.997466143317,75.26795591075359,75.54099686822988,75.68055402101854,76.03424131287257,76.25698754096064,76.35745889737831,76.47864044623473,76.48744379214722,76.53175467875609,76.37497744818823,76.26784181698996,76.22751755941896,76.37248269749631,76.4665182341094,74.35925478537325,73.63490130910698,74.90188274689964,75.9249233968415
Uruguay,Female,76.78089663822719,76.99013895286524,77.16439183129236,77.19061191146791,77.48249067182005,77.58731288442513,77.80629955412364,78.05415384047991,77.96857916504263,78.05651597777697,78.49814813925123,78.6351845972449,78.74288955591611,78.64085752851612,78.84194627092509,79.12435157863432,79.43857984864574,79.3118366646696,79.68508228209119,80.03511089681204,80.02636152111779,79.94046212273282,80.11899865888124,80.34630303713658,80.53824102343364,80.47684885448491,80.44426577296382,80.65656939396838,80.70249322578712,80.92701386270237,81.21547944392294,78.82411385244421,79.67641248013057,80.56250178590209
Uruguay,Male,69.52826035347299,69.75742576669603,69.76110355902259,69.59421626883153,69.75301987766987,69.6953695331137,69.94795275093293,70.22789751706354,70.3119667353496,70.42656413706214,70.87516206811823,71.1419619656016,71.3209278868846,71.34746357838546,71.65094539769554,71.9719700049526,72.1724108007456,72.1659237507666,72.60294444551886,72.77194238276176,72.71337635360398,72.68001365404614,72.80919283936542,73.08522686176174,73.4035177321909,73.44319148354867,73.38871668427453,73.57128122526774,73.58905856738589,73.945770990918,74.30708811930643,71.4296364055392,72.5435417852737,74.07646845559567
Uzbekistan,Female,71.23557735381578,71.04501063808654,70.55853319823818,70.13120446826467,69.88655353164759,69.90082736145587,70.1035723667275,70.37176630935949,70.59450276436742,70.95449051833101,71.17789301569836,71.35017609645708,71.48952094919176,71.64900428070037,71.83708776291317,71.81121004314303,71.76869680935758,72.00304046878912,72.26903319521193,72.56702011137462,72.77181187527786,72.87375905661098,73.07717299961364,73.38233961399476,73.53996482292106,73.6984369384458,73.79434344387863,73.98478558388487,74.08922437508728,74.21838840188956,73.92481581064365,74.1715894803609,74.6855137175989,75.04058874674878
Uzbekistan,Male,65.21663073910572,65.08313280585611,64.77933146575778,64.39571024728714,64.09285730027979,63.97378264897177,64.0292295190958,64.38740073486726,64.74035162827877,65.12619055796128,65.29184167026939,65.52680650859926,65.75629867082533,66.00170723199673,66.21045871428063,66.14835042203734,66.15848936113983,66.49160728124541,66.88163660089965,67.29128670199626,67.54763629310608,67.64931519354225,67.849962169777,68.14399797433555,68.29491898507904,68.48270605672663,68.674735025234,68.88018526444718,69.06949523516762,69.10946107676706,68.57290205820979,69.05457908510866,69.56067470114145,69.9813772956366
Vanuatu,Female,71.53596340937749,71.3301744845885,71.20411236089485,71.14284594255291,70.97588836406734,71.31291253789507,71.29485149299327,71.42955663340337,71.55528375426117,70.87850620690195,72.1648665668514,72.1245045463204,72.91251768370839,73.59204433354857,73.6507348426034,73.24298197986886,73.16064272144692,72.9717071742536,72.91360156005608,73.12956817164847,73.228775639492,73.04414759928204,73.05020340741346,72.99548983913645,72.82405379741448,72.89593166085677,73.08639883968485,73.15462997831766,73.22697875895003,73.30567844868825,73.12079724194558,72.72185574211085,73.19303185883794,73.33059461057569
Vanuatu,Male,62.88547176634198,62.821869574876466,62.86003565307158,62.948547457465246,62.95766587236225,63.27140210022146,63.35501754695963,63.573003115181926,63.76861530240461,63.553963081272585,64.3816202550199,64.4576442734611,65.0765173572859,65.67119390189535,65.82782832527354,65.6449752522158,65.69155109222432,65.69785263815005,65.79308536366942,66.0546070345033,66.21874606392488,66.19820005140704,66.3067863160935,66.3727635054205,66.39457254480655,66.54318849251155,66.73705778321114,66.84815013354684,67.06706674841274,67.2301661091505,66.93546124938828,66.02787781806866,67.14140915316896,67.44144465589069
Venezuela (Bolivarian Republic of),Female,74.63287753817606,74.84264553420984,75.05534658022104,75.26159996704328,75.25721129383525,75.47156438949551,75.83744717101555,76.26567195926876,76.85660976720128,71.45942800775953,77.35552311680449,77.34503584327511,77.40192183385305,77.45611037428,77.81615288413771,78.2354428342663,78.54243747285268,78.74786393904968,78.7710008986795,78.83792168740446,78.78044897401935,78.82437777932049,78.99593856368399,78.98972783612635,78.55848184476693,78.17799695380234,77.70537290471889,77.3670549668032,77.0177628713944,76.59356921219067,75.879265363686,74.88345863016757,75.27052092138663,75.2961332519355
Venezuela (Bolivarian Republic of),Male,68.82768044876445,68.84084722029448,68.77049353169028,68.77197819480811,68.70385847492896,69.07452354378633,69.52062940176586,69.926937105202,70.08810265841791,66.98192341887015,69.90101321839335,69.82953511082098,69.93265457945822,69.79928375787217,70.16478764301591,70.49358132109657,70.4740430900056,70.22037332214565,70.12592712929099,70.29894681396799,70.56736061178822,70.70404549631765,70.73290662636465,70.67843882733932,70.24395039367879,69.75553000157502,68.97665870808768,68.8033151426422,68.67995742563275,68.48922981843799,67.8258227897345,66.98618903901603,68.01186045496094,68.22991452248382
Viet Nam,Female,73.52969819582147,73.80045764866749,74.14003707172684,74.51723117417683,74.91291390462389,75.30545411013011,75.66908811175352,75.95313791922713,76.45712337612224,76.86727375471425,77.21236377049456,77.41503520759821,77.57369185745134,77.734072680230625,77.89859468040538,78.01946831999635,78.13828245167053,78.26294825263575,78.39337587626841,78.50250663849413,78.64409838144367,78.83161853554668,78.97549000639277,79.11239386265619,79.29289400751435,79.43838212319515,79.5511987177917,79.7322656837972,79.8405552850896,79.94791052928042,80.11643753578092,79.4516999886914,79.92250314156603,80.24514459515137
Viet Nam,Male,64.88381251758646,65.09138053416012,65.36796348247708,65.64985081407627,65.95688573922827,66.3042975069228,66.63282488757812,66.90657760742572,67.26025148668586,67.63065139410061,67.96485374751046,68.20149922146241,68.38185910418585,68.5889515457179,68.8005833472675,68.98017296704235,69.13146516207146,69.26759429532498,69.40628982264262,69.51876142336951,69.72181049266295,69.94130591173165,70.10861392632893,70.29605791286576,70.50014017013766,70.69604620333641,70.88635879334024,71.10889454154488,71.26227318815599,71.40813523814873,71.59868003574361,70.78501851257225,71.50641992003405,71.92622299443526
Yemen,Female,62.60333852980797,63.08803651233819,63.539228115135025,64.06217353436276,64.45708429870406,65.11976653266964,65.64417126795071,66.27270767536439,66.85670109074903,67.31267492306159,67.81158781458224,68.32284535137867,68.82832531297588,69.2578778904683,69.55788671090556,69.91015853046454,70.23957094958229,70.64294204945068,70.89201299981757,71.25870551458578,71.7573604364662,71.86888174686001,72.09873673657327,72.40192838941681,72.68725482020774,72.61324672600875,72.57095987506962,72.68986289823684,72.43321506758997,72.64783532448952,72.22054167622166,72.37045330862627,73.75901850723334,74.19801906974612
Yemen,Male,57.31034205982049,57.80767983827347,58.23546214650671,58.77435426307043,58.898914565371015,59.7668942838268,60.34552793189801,60.99102789099479,61.59061461328234,62.13535882625618,62.649512434944526,63.260171635378605,63.78485391540016,64.27862617252038,64.66555577697886,65.06508485820106,65.40438649114081,65.78050675423687,66.01846755104319,66.33525627698745,66.8538966845643,66.84953805790366,67.05647605780695,67.55754672101308,67.67789899692782,66.99085045673552,66.13477336922763,66.15892849050668,64.43694586858062,65.29453312256982,64.23744451074941,65.22806374372699,68.45790469874404,69.42925229204955
Zambia,Female,50.054848097989606,48.8660726764528,47.75857426183586,46.939684480899246,45.97199020815366,45.062830651246294,44.33611772683112,43.91912194325749,43.70220185117118,43.61152334837564,43.80314297050084,43.38853833524598,44.27605092199574,45.9726660387322,48.171467595271295,49.57864861840435,50.99531351735441,53.180155868616545,55.07130916335563,56.21771004574115,57.00013711603653,57.6149734722485,58.464734563807546,59.219209923761575,59.86018048740323,60.40935673575819,60.93686680214837,61.32001275938748,61.71023436617832,62.03973026458519,61.31851959773216,59.03296108169811,62.28368971024516,62.58599564448305
Zambia,Male,47.815721393732275,46.65298634006371,45.52387192592596,44.705213389263506,43.77324427763635,42.9535097879643,42.37090309231715,42.15629610733368,42.119196261995334,42.19792384489659,42.53514910635478,42.332562883831095,43.248576916704145,44.57646879484253,46.310583081099075,47.5173333131799,48.739296199798474,50.50008607139674,52.16890436280823,53.18689804985798,53.85236683453366,54.30234357835245,54.96866306262052,55.79667064794835,56.49803765140459,56.847369905289966,57.26698322093495,57.72360191699884,58.04539160503914,58.47804894068357,57.13872663011075,53.82843484158831,59.53627309001511,60.35297403395417
Zimbabwe,Female,68.61374289469848,67.40036213790043,65.57817722010343,63.82477795955463,61.5094063633449,59.35032739468074,57.05913603832049,55.00187472662884,52.8173142528778,50.9224985049533,49.303215002581965,48.52257223508033,47.87677329197202,47.20479728590522,47.5832847580775,48.76143721074379,50.26314388780264,52.3173607854165,53.016490831360024,54.96612146215056,58.56209017114882,60.60498048363336,61.915201460772614,62.93106424784776,63.653230733567675,64.19409188751268,64.72669239456339,65.47710266861782,66.04795496687623,66.48206437281995,65.86943571445126,62.17124317998039,67.1345578619441,68.41759673713962
Zimbabwe,Male,61.37730533860248,59.88121798155561,57.82228995182895,55.70077462546001,53.297874681479946,51.046895455424206,48.88961265944801,47.34555902578417,46.05616827172624,45.212251575041165,44.630868222066745,44.734235264953504,44.89333490705997,44.8659385313123,45.56844703454784,46.673274663432395,48.18797159739489,50.30624350823026,51.27527717896431,52.69242062580968,54.75357448102829,55.79574271022845,56.67422349209637,57.78377753845062,59.162962409358,59.882287113064635,60.223409367808536,60.86850756065223,61.44287892717997,61.95388696191603,60.988100913516845,57.01501060587332,62.46687753824338,63.79732089741486
